filename,label,persian_digit,font
0\0_000000.png,0,۰,arial.ttf
0\0_000001.png,0,۰,arialbd.ttf
0\0_000002.png,0,۰,BNazanin.ttf
0\0_000003.png,0,۰,BYekan.ttf
0\0_000004.png,0,۰,IRANSans(FaNum).ttf
0\0_000005.png,0,۰,IRANSans(FaNum)_Black.ttf
0\0_000006.png,0,۰,IRANSans(FaNum)_Bold.ttf
0\0_000007.png,0,۰,IRANSans(FaNum)_Light.ttf
0\0_000008.png,0,۰,IRANSans(FaNum)_Medium.ttf
0\0_000009.png,0,۰,IRANSans(FaNum)_UltraLight.ttf
0\0_000010.png,0,۰,IRANSans.ttf
0\0_000011.png,0,۰,IRANSans_Black.ttf
0\0_000012.png,0,۰,IRANSans_Bold.ttf
0\0_000013.png,0,۰,IRANSans_Light.ttf
0\0_000014.png,0,۰,IRANSans_Medium.ttf
0\0_000015.png,0,۰,IRANSans_UltraLight.ttf
0\0_000016.png,0,۰,IRANSansMobile(FaNum).ttf
0\0_000017.png,0,۰,IRANSansMobile(FaNum)_Black.ttf
0\0_000018.png,0,۰,IRANSansMobile(FaNum)_Bold.ttf
0\0_000019.png,0,۰,IRANSansMobile(FaNum)_Light.ttf
0\0_000020.png,0,۰,arial.ttf
0\0_000021.png,0,۰,arialbd.ttf
0\0_000022.png,0,۰,BNazanin.ttf
0\0_000023.png,0,۰,BYekan.ttf
0\0_000024.png,0,۰,IRANSans(FaNum).ttf
0\0_000025.png,0,۰,IRANSans(FaNum)_Black.ttf
0\0_000026.png,0,۰,IRANSans(FaNum)_Bold.ttf
0\0_000027.png,0,۰,IRANSans(FaNum)_Light.ttf
0\0_000028.png,0,۰,IRANSans(FaNum)_Medium.ttf
0\0_000029.png,0,۰,IRANSans(FaNum)_UltraLight.ttf
0\0_000030.png,0,۰,IRANSans.ttf
0\0_000031.png,0,۰,IRANSans_Black.ttf
0\0_000032.png,0,۰,IRANSans_Bold.ttf
0\0_000033.png,0,۰,IRANSans_Light.ttf
0\0_000034.png,0,۰,IRANSans_Medium.ttf
0\0_000035.png,0,۰,IRANSans_UltraLight.ttf
0\0_000036.png,0,۰,IRANSansMobile(FaNum).ttf
0\0_000037.png,0,۰,IRANSansMobile(FaNum)_Black.ttf
0\0_000038.png,0,۰,IRANSansMobile(FaNum)_Bold.ttf
0\0_000039.png,0,۰,IRANSansMobile(FaNum)_Light.ttf
0\0_000040.png,0,۰,arial.ttf
0\0_000041.png,0,۰,arialbd.ttf
0\0_000042.png,0,۰,BNazanin.ttf
0\0_000043.png,0,۰,BYekan.ttf
0\0_000044.png,0,۰,IRANSans(FaNum).ttf
0\0_000045.png,0,۰,IRANSans(FaNum)_Black.ttf
0\0_000046.png,0,۰,IRANSans(FaNum)_Bold.ttf
0\0_000047.png,0,۰,IRANSans(FaNum)_Light.ttf
0\0_000048.png,0,۰,IRANSans(FaNum)_Medium.ttf
0\0_000049.png,0,۰,IRANSans(FaNum)_UltraLight.ttf
0\0_000050.png,0,۰,IRANSans.ttf
0\0_000051.png,0,۰,IRANSans_Black.ttf
0\0_000052.png,0,۰,IRANSans_Bold.ttf
0\0_000053.png,0,۰,IRANSans_Light.ttf
0\0_000054.png,0,۰,IRANSans_Medium.ttf
0\0_000055.png,0,۰,IRANSans_UltraLight.ttf
0\0_000056.png,0,۰,IRANSansMobile(FaNum).ttf
0\0_000057.png,0,۰,IRANSansMobile(FaNum)_Black.ttf
0\0_000058.png,0,۰,IRANSansMobile(FaNum)_Bold.ttf
0\0_000059.png,0,۰,IRANSansMobile(FaNum)_Light.ttf
0\0_000060.png,0,۰,arial.ttf
0\0_000061.png,0,۰,arialbd.ttf
0\0_000062.png,0,۰,BNazanin.ttf
0\0_000063.png,0,۰,BYekan.ttf
0\0_000064.png,0,۰,IRANSans(FaNum).ttf
0\0_000065.png,0,۰,IRANSans(FaNum)_Black.ttf
0\0_000066.png,0,۰,IRANSans(FaNum)_Bold.ttf
0\0_000067.png,0,۰,IRANSans(FaNum)_Light.ttf
0\0_000068.png,0,۰,IRANSans(FaNum)_Medium.ttf
0\0_000069.png,0,۰,IRANSans(FaNum)_UltraLight.ttf
0\0_000070.png,0,۰,IRANSans.ttf
0\0_000071.png,0,۰,IRANSans_Black.ttf
0\0_000072.png,0,۰,IRANSans_Bold.ttf
0\0_000073.png,0,۰,IRANSans_Light.ttf
0\0_000074.png,0,۰,IRANSans_Medium.ttf
0\0_000075.png,0,۰,IRANSans_UltraLight.ttf
0\0_000076.png,0,۰,IRANSansMobile(FaNum).ttf
0\0_000077.png,0,۰,IRANSansMobile(FaNum)_Black.ttf
0\0_000078.png,0,۰,IRANSansMobile(FaNum)_Bold.ttf
0\0_000079.png,0,۰,IRANSansMobile(FaNum)_Light.ttf
0\0_000080.png,0,۰,arial.ttf
0\0_000081.png,0,۰,arialbd.ttf
0\0_000082.png,0,۰,BNazanin.ttf
0\0_000083.png,0,۰,BYekan.ttf
0\0_000084.png,0,۰,IRANSans(FaNum).ttf
0\0_000085.png,0,۰,IRANSans(FaNum)_Black.ttf
0\0_000086.png,0,۰,IRANSans(FaNum)_Bold.ttf
0\0_000087.png,0,۰,IRANSans(FaNum)_Light.ttf
0\0_000088.png,0,۰,IRANSans(FaNum)_Medium.ttf
0\0_000089.png,0,۰,IRANSans(FaNum)_UltraLight.ttf
0\0_000090.png,0,۰,IRANSans.ttf
0\0_000091.png,0,۰,IRANSans_Black.ttf
0\0_000092.png,0,۰,IRANSans_Bold.ttf
0\0_000093.png,0,۰,IRANSans_Light.ttf
0\0_000094.png,0,۰,IRANSans_Medium.ttf
0\0_000095.png,0,۰,IRANSans_UltraLight.ttf
0\0_000096.png,0,۰,IRANSansMobile(FaNum).ttf
0\0_000097.png,0,۰,IRANSansMobile(FaNum)_Black.ttf
0\0_000098.png,0,۰,IRANSansMobile(FaNum)_Bold.ttf
0\0_000099.png,0,۰,IRANSansMobile(FaNum)_Light.ttf
0\0_000100.png,0,۰,arial.ttf
0\0_000101.png,0,۰,arialbd.ttf
0\0_000102.png,0,۰,BNazanin.ttf
0\0_000103.png,0,۰,BYekan.ttf
0\0_000104.png,0,۰,IRANSans(FaNum).ttf
0\0_000105.png,0,۰,IRANSans(FaNum)_Black.ttf
0\0_000106.png,0,۰,IRANSans(FaNum)_Bold.ttf
0\0_000107.png,0,۰,IRANSans(FaNum)_Light.ttf
0\0_000108.png,0,۰,IRANSans(FaNum)_Medium.ttf
0\0_000109.png,0,۰,IRANSans(FaNum)_UltraLight.ttf
0\0_000110.png,0,۰,IRANSans.ttf
0\0_000111.png,0,۰,IRANSans_Black.ttf
0\0_000112.png,0,۰,IRANSans_Bold.ttf
0\0_000113.png,0,۰,IRANSans_Light.ttf
0\0_000114.png,0,۰,IRANSans_Medium.ttf
0\0_000115.png,0,۰,IRANSans_UltraLight.ttf
0\0_000116.png,0,۰,IRANSansMobile(FaNum).ttf
0\0_000117.png,0,۰,IRANSansMobile(FaNum)_Black.ttf
0\0_000118.png,0,۰,IRANSansMobile(FaNum)_Bold.ttf
0\0_000119.png,0,۰,IRANSansMobile(FaNum)_Light.ttf
0\0_000120.png,0,۰,arial.ttf
0\0_000121.png,0,۰,arialbd.ttf
0\0_000122.png,0,۰,BNazanin.ttf
0\0_000123.png,0,۰,BYekan.ttf
0\0_000124.png,0,۰,IRANSans(FaNum).ttf
0\0_000125.png,0,۰,IRANSans(FaNum)_Black.ttf
0\0_000126.png,0,۰,IRANSans(FaNum)_Bold.ttf
0\0_000127.png,0,۰,IRANSans(FaNum)_Light.ttf
0\0_000128.png,0,۰,IRANSans(FaNum)_Medium.ttf
0\0_000129.png,0,۰,IRANSans(FaNum)_UltraLight.ttf
0\0_000130.png,0,۰,IRANSans.ttf
0\0_000131.png,0,۰,IRANSans_Black.ttf
0\0_000132.png,0,۰,IRANSans_Bold.ttf
0\0_000133.png,0,۰,IRANSans_Light.ttf
0\0_000134.png,0,۰,IRANSans_Medium.ttf
0\0_000135.png,0,۰,IRANSans_UltraLight.ttf
0\0_000136.png,0,۰,IRANSansMobile(FaNum).ttf
0\0_000137.png,0,۰,IRANSansMobile(FaNum)_Black.ttf
0\0_000138.png,0,۰,IRANSansMobile(FaNum)_Bold.ttf
0\0_000139.png,0,۰,IRANSansMobile(FaNum)_Light.ttf
0\0_000140.png,0,۰,arial.ttf
0\0_000141.png,0,۰,arialbd.ttf
0\0_000142.png,0,۰,BNazanin.ttf
0\0_000143.png,0,۰,BYekan.ttf
0\0_000144.png,0,۰,IRANSans(FaNum).ttf
0\0_000145.png,0,۰,IRANSans(FaNum)_Black.ttf
0\0_000146.png,0,۰,IRANSans(FaNum)_Bold.ttf
0\0_000147.png,0,۰,IRANSans(FaNum)_Light.ttf
0\0_000148.png,0,۰,IRANSans(FaNum)_Medium.ttf
0\0_000149.png,0,۰,IRANSans(FaNum)_UltraLight.ttf
0\0_000150.png,0,۰,IRANSans.ttf
0\0_000151.png,0,۰,IRANSans_Black.ttf
0\0_000152.png,0,۰,IRANSans_Bold.ttf
0\0_000153.png,0,۰,IRANSans_Light.ttf
0\0_000154.png,0,۰,IRANSans_Medium.ttf
0\0_000155.png,0,۰,IRANSans_UltraLight.ttf
0\0_000156.png,0,۰,IRANSansMobile(FaNum).ttf
0\0_000157.png,0,۰,IRANSansMobile(FaNum)_Black.ttf
0\0_000158.png,0,۰,IRANSansMobile(FaNum)_Bold.ttf
0\0_000159.png,0,۰,IRANSansMobile(FaNum)_Light.ttf
0\0_000160.png,0,۰,arial.ttf
0\0_000161.png,0,۰,arialbd.ttf
0\0_000162.png,0,۰,BNazanin.ttf
0\0_000163.png,0,۰,BYekan.ttf
0\0_000164.png,0,۰,IRANSans(FaNum).ttf
0\0_000165.png,0,۰,IRANSans(FaNum)_Black.ttf
0\0_000166.png,0,۰,IRANSans(FaNum)_Bold.ttf
0\0_000167.png,0,۰,IRANSans(FaNum)_Light.ttf
0\0_000168.png,0,۰,IRANSans(FaNum)_Medium.ttf
0\0_000169.png,0,۰,IRANSans(FaNum)_UltraLight.ttf
0\0_000170.png,0,۰,IRANSans.ttf
0\0_000171.png,0,۰,IRANSans_Black.ttf
0\0_000172.png,0,۰,IRANSans_Bold.ttf
0\0_000173.png,0,۰,IRANSans_Light.ttf
0\0_000174.png,0,۰,IRANSans_Medium.ttf
0\0_000175.png,0,۰,IRANSans_UltraLight.ttf
0\0_000176.png,0,۰,IRANSansMobile(FaNum).ttf
0\0_000177.png,0,۰,IRANSansMobile(FaNum)_Black.ttf
0\0_000178.png,0,۰,IRANSansMobile(FaNum)_Bold.ttf
0\0_000179.png,0,۰,IRANSansMobile(FaNum)_Light.ttf
0\0_000180.png,0,۰,arial.ttf
0\0_000181.png,0,۰,arialbd.ttf
0\0_000182.png,0,۰,BNazanin.ttf
0\0_000183.png,0,۰,BYekan.ttf
0\0_000184.png,0,۰,IRANSans(FaNum).ttf
0\0_000185.png,0,۰,IRANSans(FaNum)_Black.ttf
0\0_000186.png,0,۰,IRANSans(FaNum)_Bold.ttf
0\0_000187.png,0,۰,IRANSans(FaNum)_Light.ttf
0\0_000188.png,0,۰,IRANSans(FaNum)_Medium.ttf
0\0_000189.png,0,۰,IRANSans(FaNum)_UltraLight.ttf
0\0_000190.png,0,۰,IRANSans.ttf
0\0_000191.png,0,۰,IRANSans_Black.ttf
0\0_000192.png,0,۰,IRANSans_Bold.ttf
0\0_000193.png,0,۰,IRANSans_Light.ttf
0\0_000194.png,0,۰,IRANSans_Medium.ttf
0\0_000195.png,0,۰,IRANSans_UltraLight.ttf
0\0_000196.png,0,۰,IRANSansMobile(FaNum).ttf
0\0_000197.png,0,۰,IRANSansMobile(FaNum)_Black.ttf
0\0_000198.png,0,۰,IRANSansMobile(FaNum)_Bold.ttf
0\0_000199.png,0,۰,IRANSansMobile(FaNum)_Light.ttf
0\0_000200.png,0,۰,arial.ttf
0\0_000201.png,0,۰,arialbd.ttf
0\0_000202.png,0,۰,BNazanin.ttf
0\0_000203.png,0,۰,BYekan.ttf
0\0_000204.png,0,۰,IRANSans(FaNum).ttf
0\0_000205.png,0,۰,IRANSans(FaNum)_Black.ttf
0\0_000206.png,0,۰,IRANSans(FaNum)_Bold.ttf
0\0_000207.png,0,۰,IRANSans(FaNum)_Light.ttf
0\0_000208.png,0,۰,IRANSans(FaNum)_Medium.ttf
0\0_000209.png,0,۰,IRANSans(FaNum)_UltraLight.ttf
0\0_000210.png,0,۰,IRANSans.ttf
0\0_000211.png,0,۰,IRANSans_Black.ttf
0\0_000212.png,0,۰,IRANSans_Bold.ttf
0\0_000213.png,0,۰,IRANSans_Light.ttf
0\0_000214.png,0,۰,IRANSans_Medium.ttf
0\0_000215.png,0,۰,IRANSans_UltraLight.ttf
0\0_000216.png,0,۰,IRANSansMobile(FaNum).ttf
0\0_000217.png,0,۰,IRANSansMobile(FaNum)_Black.ttf
0\0_000218.png,0,۰,IRANSansMobile(FaNum)_Bold.ttf
0\0_000219.png,0,۰,IRANSansMobile(FaNum)_Light.ttf
0\0_000220.png,0,۰,arial.ttf
0\0_000221.png,0,۰,arialbd.ttf
0\0_000222.png,0,۰,BNazanin.ttf
0\0_000223.png,0,۰,BYekan.ttf
0\0_000224.png,0,۰,IRANSans(FaNum).ttf
0\0_000225.png,0,۰,IRANSans(FaNum)_Black.ttf
0\0_000226.png,0,۰,IRANSans(FaNum)_Bold.ttf
0\0_000227.png,0,۰,IRANSans(FaNum)_Light.ttf
0\0_000228.png,0,۰,IRANSans(FaNum)_Medium.ttf
0\0_000229.png,0,۰,IRANSans(FaNum)_UltraLight.ttf
0\0_000230.png,0,۰,IRANSans.ttf
0\0_000231.png,0,۰,IRANSans_Black.ttf
0\0_000232.png,0,۰,IRANSans_Bold.ttf
0\0_000233.png,0,۰,IRANSans_Light.ttf
0\0_000234.png,0,۰,IRANSans_Medium.ttf
0\0_000235.png,0,۰,IRANSans_UltraLight.ttf
0\0_000236.png,0,۰,IRANSansMobile(FaNum).ttf
0\0_000237.png,0,۰,IRANSansMobile(FaNum)_Black.ttf
0\0_000238.png,0,۰,IRANSansMobile(FaNum)_Bold.ttf
0\0_000239.png,0,۰,IRANSansMobile(FaNum)_Light.ttf
0\0_000240.png,0,۰,arial.ttf
0\0_000241.png,0,۰,arialbd.ttf
0\0_000242.png,0,۰,BNazanin.ttf
0\0_000243.png,0,۰,BYekan.ttf
0\0_000244.png,0,۰,IRANSans(FaNum).ttf
0\0_000245.png,0,۰,IRANSans(FaNum)_Black.ttf
0\0_000246.png,0,۰,IRANSans(FaNum)_Bold.ttf
0\0_000247.png,0,۰,IRANSans(FaNum)_Light.ttf
0\0_000248.png,0,۰,IRANSans(FaNum)_Medium.ttf
0\0_000249.png,0,۰,IRANSans(FaNum)_UltraLight.ttf
0\0_000250.png,0,۰,IRANSans.ttf
0\0_000251.png,0,۰,IRANSans_Black.ttf
0\0_000252.png,0,۰,IRANSans_Bold.ttf
0\0_000253.png,0,۰,IRANSans_Light.ttf
0\0_000254.png,0,۰,IRANSans_Medium.ttf
0\0_000255.png,0,۰,IRANSans_UltraLight.ttf
0\0_000256.png,0,۰,IRANSansMobile(FaNum).ttf
0\0_000257.png,0,۰,IRANSansMobile(FaNum)_Black.ttf
0\0_000258.png,0,۰,IRANSansMobile(FaNum)_Bold.ttf
0\0_000259.png,0,۰,IRANSansMobile(FaNum)_Light.ttf
0\0_000260.png,0,۰,arial.ttf
0\0_000261.png,0,۰,arialbd.ttf
0\0_000262.png,0,۰,BNazanin.ttf
0\0_000263.png,0,۰,BYekan.ttf
0\0_000264.png,0,۰,IRANSans(FaNum).ttf
0\0_000265.png,0,۰,IRANSans(FaNum)_Black.ttf
0\0_000266.png,0,۰,IRANSans(FaNum)_Bold.ttf
0\0_000267.png,0,۰,IRANSans(FaNum)_Light.ttf
0\0_000268.png,0,۰,IRANSans(FaNum)_Medium.ttf
0\0_000269.png,0,۰,IRANSans(FaNum)_UltraLight.ttf
0\0_000270.png,0,۰,IRANSans.ttf
0\0_000271.png,0,۰,IRANSans_Black.ttf
0\0_000272.png,0,۰,IRANSans_Bold.ttf
0\0_000273.png,0,۰,IRANSans_Light.ttf
0\0_000274.png,0,۰,IRANSans_Medium.ttf
0\0_000275.png,0,۰,IRANSans_UltraLight.ttf
0\0_000276.png,0,۰,IRANSansMobile(FaNum).ttf
0\0_000277.png,0,۰,IRANSansMobile(FaNum)_Black.ttf
0\0_000278.png,0,۰,IRANSansMobile(FaNum)_Bold.ttf
0\0_000279.png,0,۰,IRANSansMobile(FaNum)_Light.ttf
0\0_000280.png,0,۰,arial.ttf
0\0_000281.png,0,۰,arialbd.ttf
0\0_000282.png,0,۰,BNazanin.ttf
0\0_000283.png,0,۰,BYekan.ttf
0\0_000284.png,0,۰,IRANSans(FaNum).ttf
0\0_000285.png,0,۰,IRANSans(FaNum)_Black.ttf
0\0_000286.png,0,۰,IRANSans(FaNum)_Bold.ttf
0\0_000287.png,0,۰,IRANSans(FaNum)_Light.ttf
0\0_000288.png,0,۰,IRANSans(FaNum)_Medium.ttf
0\0_000289.png,0,۰,IRANSans(FaNum)_UltraLight.ttf
0\0_000290.png,0,۰,IRANSans.ttf
0\0_000291.png,0,۰,IRANSans_Black.ttf
0\0_000292.png,0,۰,IRANSans_Bold.ttf
0\0_000293.png,0,۰,IRANSans_Light.ttf
0\0_000294.png,0,۰,IRANSans_Medium.ttf
0\0_000295.png,0,۰,IRANSans_UltraLight.ttf
0\0_000296.png,0,۰,IRANSansMobile(FaNum).ttf
0\0_000297.png,0,۰,IRANSansMobile(FaNum)_Black.ttf
0\0_000298.png,0,۰,IRANSansMobile(FaNum)_Bold.ttf
0\0_000299.png,0,۰,IRANSansMobile(FaNum)_Light.ttf
0\0_000300.png,0,۰,arial.ttf
0\0_000301.png,0,۰,arialbd.ttf
0\0_000302.png,0,۰,BNazanin.ttf
0\0_000303.png,0,۰,BYekan.ttf
0\0_000304.png,0,۰,IRANSans(FaNum).ttf
0\0_000305.png,0,۰,IRANSans(FaNum)_Black.ttf
0\0_000306.png,0,۰,IRANSans(FaNum)_Bold.ttf
0\0_000307.png,0,۰,IRANSans(FaNum)_Light.ttf
0\0_000308.png,0,۰,IRANSans(FaNum)_Medium.ttf
0\0_000309.png,0,۰,IRANSans(FaNum)_UltraLight.ttf
0\0_000310.png,0,۰,IRANSans.ttf
0\0_000311.png,0,۰,IRANSans_Black.ttf
0\0_000312.png,0,۰,IRANSans_Bold.ttf
0\0_000313.png,0,۰,IRANSans_Light.ttf
0\0_000314.png,0,۰,IRANSans_Medium.ttf
0\0_000315.png,0,۰,IRANSans_UltraLight.ttf
0\0_000316.png,0,۰,IRANSansMobile(FaNum).ttf
0\0_000317.png,0,۰,IRANSansMobile(FaNum)_Black.ttf
0\0_000318.png,0,۰,IRANSansMobile(FaNum)_Bold.ttf
0\0_000319.png,0,۰,IRANSansMobile(FaNum)_Light.ttf
0\0_000320.png,0,۰,arial.ttf
0\0_000321.png,0,۰,arialbd.ttf
0\0_000322.png,0,۰,BNazanin.ttf
0\0_000323.png,0,۰,BYekan.ttf
0\0_000324.png,0,۰,IRANSans(FaNum).ttf
0\0_000325.png,0,۰,IRANSans(FaNum)_Black.ttf
0\0_000326.png,0,۰,IRANSans(FaNum)_Bold.ttf
0\0_000327.png,0,۰,IRANSans(FaNum)_Light.ttf
0\0_000328.png,0,۰,IRANSans(FaNum)_Medium.ttf
0\0_000329.png,0,۰,IRANSans(FaNum)_UltraLight.ttf
0\0_000330.png,0,۰,IRANSans.ttf
0\0_000331.png,0,۰,IRANSans_Black.ttf
0\0_000332.png,0,۰,IRANSans_Bold.ttf
0\0_000333.png,0,۰,IRANSans_Light.ttf
0\0_000334.png,0,۰,IRANSans_Medium.ttf
0\0_000335.png,0,۰,IRANSans_UltraLight.ttf
0\0_000336.png,0,۰,IRANSansMobile(FaNum).ttf
0\0_000337.png,0,۰,IRANSansMobile(FaNum)_Black.ttf
0\0_000338.png,0,۰,IRANSansMobile(FaNum)_Bold.ttf
0\0_000339.png,0,۰,IRANSansMobile(FaNum)_Light.ttf
0\0_000340.png,0,۰,arial.ttf
0\0_000341.png,0,۰,arialbd.ttf
0\0_000342.png,0,۰,BNazanin.ttf
0\0_000343.png,0,۰,BYekan.ttf
0\0_000344.png,0,۰,IRANSans(FaNum).ttf
0\0_000345.png,0,۰,IRANSans(FaNum)_Black.ttf
0\0_000346.png,0,۰,IRANSans(FaNum)_Bold.ttf
0\0_000347.png,0,۰,IRANSans(FaNum)_Light.ttf
0\0_000348.png,0,۰,IRANSans(FaNum)_Medium.ttf
0\0_000349.png,0,۰,IRANSans(FaNum)_UltraLight.ttf
0\0_000350.png,0,۰,IRANSans.ttf
0\0_000351.png,0,۰,IRANSans_Black.ttf
0\0_000352.png,0,۰,IRANSans_Bold.ttf
0\0_000353.png,0,۰,IRANSans_Light.ttf
0\0_000354.png,0,۰,IRANSans_Medium.ttf
0\0_000355.png,0,۰,IRANSans_UltraLight.ttf
0\0_000356.png,0,۰,IRANSansMobile(FaNum).ttf
0\0_000357.png,0,۰,IRANSansMobile(FaNum)_Black.ttf
0\0_000358.png,0,۰,IRANSansMobile(FaNum)_Bold.ttf
0\0_000359.png,0,۰,IRANSansMobile(FaNum)_Light.ttf
0\0_000360.png,0,۰,arial.ttf
0\0_000361.png,0,۰,arialbd.ttf
0\0_000362.png,0,۰,BNazanin.ttf
0\0_000363.png,0,۰,BYekan.ttf
0\0_000364.png,0,۰,IRANSans(FaNum).ttf
0\0_000365.png,0,۰,IRANSans(FaNum)_Black.ttf
0\0_000366.png,0,۰,IRANSans(FaNum)_Bold.ttf
0\0_000367.png,0,۰,IRANSans(FaNum)_Light.ttf
0\0_000368.png,0,۰,IRANSans(FaNum)_Medium.ttf
0\0_000369.png,0,۰,IRANSans(FaNum)_UltraLight.ttf
0\0_000370.png,0,۰,IRANSans.ttf
0\0_000371.png,0,۰,IRANSans_Black.ttf
0\0_000372.png,0,۰,IRANSans_Bold.ttf
0\0_000373.png,0,۰,IRANSans_Light.ttf
0\0_000374.png,0,۰,IRANSans_Medium.ttf
0\0_000375.png,0,۰,IRANSans_UltraLight.ttf
0\0_000376.png,0,۰,IRANSansMobile(FaNum).ttf
0\0_000377.png,0,۰,IRANSansMobile(FaNum)_Black.ttf
0\0_000378.png,0,۰,IRANSansMobile(FaNum)_Bold.ttf
0\0_000379.png,0,۰,IRANSansMobile(FaNum)_Light.ttf
0\0_000380.png,0,۰,arial.ttf
0\0_000381.png,0,۰,arialbd.ttf
0\0_000382.png,0,۰,BNazanin.ttf
0\0_000383.png,0,۰,BYekan.ttf
0\0_000384.png,0,۰,IRANSans(FaNum).ttf
0\0_000385.png,0,۰,IRANSans(FaNum)_Black.ttf
0\0_000386.png,0,۰,IRANSans(FaNum)_Bold.ttf
0\0_000387.png,0,۰,IRANSans(FaNum)_Light.ttf
0\0_000388.png,0,۰,IRANSans(FaNum)_Medium.ttf
0\0_000389.png,0,۰,IRANSans(FaNum)_UltraLight.ttf
0\0_000390.png,0,۰,IRANSans.ttf
0\0_000391.png,0,۰,IRANSans_Black.ttf
0\0_000392.png,0,۰,IRANSans_Bold.ttf
0\0_000393.png,0,۰,IRANSans_Light.ttf
0\0_000394.png,0,۰,IRANSans_Medium.ttf
0\0_000395.png,0,۰,IRANSans_UltraLight.ttf
0\0_000396.png,0,۰,IRANSansMobile(FaNum).ttf
0\0_000397.png,0,۰,IRANSansMobile(FaNum)_Black.ttf
0\0_000398.png,0,۰,IRANSansMobile(FaNum)_Bold.ttf
0\0_000399.png,0,۰,IRANSansMobile(FaNum)_Light.ttf
0\0_000400.png,0,۰,arial.ttf
0\0_000401.png,0,۰,arialbd.ttf
0\0_000402.png,0,۰,BNazanin.ttf
0\0_000403.png,0,۰,BYekan.ttf
0\0_000404.png,0,۰,IRANSans(FaNum).ttf
0\0_000405.png,0,۰,IRANSans(FaNum)_Black.ttf
0\0_000406.png,0,۰,IRANSans(FaNum)_Bold.ttf
0\0_000407.png,0,۰,IRANSans(FaNum)_Light.ttf
0\0_000408.png,0,۰,IRANSans(FaNum)_Medium.ttf
0\0_000409.png,0,۰,IRANSans(FaNum)_UltraLight.ttf
0\0_000410.png,0,۰,IRANSans.ttf
0\0_000411.png,0,۰,IRANSans_Black.ttf
0\0_000412.png,0,۰,IRANSans_Bold.ttf
0\0_000413.png,0,۰,IRANSans_Light.ttf
0\0_000414.png,0,۰,IRANSans_Medium.ttf
0\0_000415.png,0,۰,IRANSans_UltraLight.ttf
0\0_000416.png,0,۰,IRANSansMobile(FaNum).ttf
0\0_000417.png,0,۰,IRANSansMobile(FaNum)_Black.ttf
0\0_000418.png,0,۰,IRANSansMobile(FaNum)_Bold.ttf
0\0_000419.png,0,۰,IRANSansMobile(FaNum)_Light.ttf
0\0_000420.png,0,۰,arial.ttf
0\0_000421.png,0,۰,arialbd.ttf
0\0_000422.png,0,۰,BNazanin.ttf
0\0_000423.png,0,۰,BYekan.ttf
0\0_000424.png,0,۰,IRANSans(FaNum).ttf
0\0_000425.png,0,۰,IRANSans(FaNum)_Black.ttf
0\0_000426.png,0,۰,IRANSans(FaNum)_Bold.ttf
0\0_000427.png,0,۰,IRANSans(FaNum)_Light.ttf
0\0_000428.png,0,۰,IRANSans(FaNum)_Medium.ttf
0\0_000429.png,0,۰,IRANSans(FaNum)_UltraLight.ttf
0\0_000430.png,0,۰,IRANSans.ttf
0\0_000431.png,0,۰,IRANSans_Black.ttf
0\0_000432.png,0,۰,IRANSans_Bold.ttf
0\0_000433.png,0,۰,IRANSans_Light.ttf
0\0_000434.png,0,۰,IRANSans_Medium.ttf
0\0_000435.png,0,۰,IRANSans_UltraLight.ttf
0\0_000436.png,0,۰,IRANSansMobile(FaNum).ttf
0\0_000437.png,0,۰,IRANSansMobile(FaNum)_Black.ttf
0\0_000438.png,0,۰,IRANSansMobile(FaNum)_Bold.ttf
0\0_000439.png,0,۰,IRANSansMobile(FaNum)_Light.ttf
0\0_000440.png,0,۰,arial.ttf
0\0_000441.png,0,۰,arialbd.ttf
0\0_000442.png,0,۰,BNazanin.ttf
0\0_000443.png,0,۰,BYekan.ttf
0\0_000444.png,0,۰,IRANSans(FaNum).ttf
0\0_000445.png,0,۰,IRANSans(FaNum)_Black.ttf
0\0_000446.png,0,۰,IRANSans(FaNum)_Bold.ttf
0\0_000447.png,0,۰,IRANSans(FaNum)_Light.ttf
0\0_000448.png,0,۰,IRANSans(FaNum)_Medium.ttf
0\0_000449.png,0,۰,IRANSans(FaNum)_UltraLight.ttf
0\0_000450.png,0,۰,IRANSans.ttf
0\0_000451.png,0,۰,IRANSans_Black.ttf
0\0_000452.png,0,۰,IRANSans_Bold.ttf
0\0_000453.png,0,۰,IRANSans_Light.ttf
0\0_000454.png,0,۰,IRANSans_Medium.ttf
0\0_000455.png,0,۰,IRANSans_UltraLight.ttf
0\0_000456.png,0,۰,IRANSansMobile(FaNum).ttf
0\0_000457.png,0,۰,IRANSansMobile(FaNum)_Black.ttf
0\0_000458.png,0,۰,IRANSansMobile(FaNum)_Bold.ttf
0\0_000459.png,0,۰,IRANSansMobile(FaNum)_Light.ttf
0\0_000460.png,0,۰,arial.ttf
0\0_000461.png,0,۰,arialbd.ttf
0\0_000462.png,0,۰,BNazanin.ttf
0\0_000463.png,0,۰,BYekan.ttf
0\0_000464.png,0,۰,IRANSans(FaNum).ttf
0\0_000465.png,0,۰,IRANSans(FaNum)_Black.ttf
0\0_000466.png,0,۰,IRANSans(FaNum)_Bold.ttf
0\0_000467.png,0,۰,IRANSans(FaNum)_Light.ttf
0\0_000468.png,0,۰,IRANSans(FaNum)_Medium.ttf
0\0_000469.png,0,۰,IRANSans(FaNum)_UltraLight.ttf
0\0_000470.png,0,۰,IRANSans.ttf
0\0_000471.png,0,۰,IRANSans_Black.ttf
0\0_000472.png,0,۰,IRANSans_Bold.ttf
0\0_000473.png,0,۰,IRANSans_Light.ttf
0\0_000474.png,0,۰,IRANSans_Medium.ttf
0\0_000475.png,0,۰,IRANSans_UltraLight.ttf
0\0_000476.png,0,۰,IRANSansMobile(FaNum).ttf
0\0_000477.png,0,۰,IRANSansMobile(FaNum)_Black.ttf
0\0_000478.png,0,۰,IRANSansMobile(FaNum)_Bold.ttf
0\0_000479.png,0,۰,IRANSansMobile(FaNum)_Light.ttf
0\0_000480.png,0,۰,arial.ttf
0\0_000481.png,0,۰,arialbd.ttf
0\0_000482.png,0,۰,BNazanin.ttf
0\0_000483.png,0,۰,BYekan.ttf
0\0_000484.png,0,۰,IRANSans(FaNum).ttf
0\0_000485.png,0,۰,IRANSans(FaNum)_Black.ttf
0\0_000486.png,0,۰,IRANSans(FaNum)_Bold.ttf
0\0_000487.png,0,۰,IRANSans(FaNum)_Light.ttf
0\0_000488.png,0,۰,IRANSans(FaNum)_Medium.ttf
0\0_000489.png,0,۰,IRANSans(FaNum)_UltraLight.ttf
0\0_000490.png,0,۰,IRANSans.ttf
0\0_000491.png,0,۰,IRANSans_Black.ttf
0\0_000492.png,0,۰,IRANSans_Bold.ttf
0\0_000493.png,0,۰,IRANSans_Light.ttf
0\0_000494.png,0,۰,IRANSans_Medium.ttf
0\0_000495.png,0,۰,IRANSans_UltraLight.ttf
0\0_000496.png,0,۰,IRANSansMobile(FaNum).ttf
0\0_000497.png,0,۰,IRANSansMobile(FaNum)_Black.ttf
0\0_000498.png,0,۰,IRANSansMobile(FaNum)_Bold.ttf
0\0_000499.png,0,۰,IRANSansMobile(FaNum)_Light.ttf
0\0_000500.png,0,۰,arial.ttf
0\0_000501.png,0,۰,arialbd.ttf
0\0_000502.png,0,۰,BNazanin.ttf
0\0_000503.png,0,۰,BYekan.ttf
0\0_000504.png,0,۰,IRANSans(FaNum).ttf
0\0_000505.png,0,۰,IRANSans(FaNum)_Black.ttf
0\0_000506.png,0,۰,IRANSans(FaNum)_Bold.ttf
0\0_000507.png,0,۰,IRANSans(FaNum)_Light.ttf
0\0_000508.png,0,۰,IRANSans(FaNum)_Medium.ttf
0\0_000509.png,0,۰,IRANSans(FaNum)_UltraLight.ttf
0\0_000510.png,0,۰,IRANSans.ttf
0\0_000511.png,0,۰,IRANSans_Black.ttf
0\0_000512.png,0,۰,IRANSans_Bold.ttf
0\0_000513.png,0,۰,IRANSans_Light.ttf
0\0_000514.png,0,۰,IRANSans_Medium.ttf
0\0_000515.png,0,۰,IRANSans_UltraLight.ttf
0\0_000516.png,0,۰,IRANSansMobile(FaNum).ttf
0\0_000517.png,0,۰,IRANSansMobile(FaNum)_Black.ttf
0\0_000518.png,0,۰,IRANSansMobile(FaNum)_Bold.ttf
0\0_000519.png,0,۰,IRANSansMobile(FaNum)_Light.ttf
0\0_000520.png,0,۰,arial.ttf
0\0_000521.png,0,۰,arialbd.ttf
0\0_000522.png,0,۰,BNazanin.ttf
0\0_000523.png,0,۰,BYekan.ttf
0\0_000524.png,0,۰,IRANSans(FaNum).ttf
0\0_000525.png,0,۰,IRANSans(FaNum)_Black.ttf
0\0_000526.png,0,۰,IRANSans(FaNum)_Bold.ttf
0\0_000527.png,0,۰,IRANSans(FaNum)_Light.ttf
0\0_000528.png,0,۰,IRANSans(FaNum)_Medium.ttf
0\0_000529.png,0,۰,IRANSans(FaNum)_UltraLight.ttf
0\0_000530.png,0,۰,IRANSans.ttf
0\0_000531.png,0,۰,IRANSans_Black.ttf
0\0_000532.png,0,۰,IRANSans_Bold.ttf
0\0_000533.png,0,۰,IRANSans_Light.ttf
0\0_000534.png,0,۰,IRANSans_Medium.ttf
0\0_000535.png,0,۰,IRANSans_UltraLight.ttf
0\0_000536.png,0,۰,IRANSansMobile(FaNum).ttf
0\0_000537.png,0,۰,IRANSansMobile(FaNum)_Black.ttf
0\0_000538.png,0,۰,IRANSansMobile(FaNum)_Bold.ttf
0\0_000539.png,0,۰,IRANSansMobile(FaNum)_Light.ttf
0\0_000540.png,0,۰,arial.ttf
0\0_000541.png,0,۰,arialbd.ttf
0\0_000542.png,0,۰,BNazanin.ttf
0\0_000543.png,0,۰,BYekan.ttf
0\0_000544.png,0,۰,IRANSans(FaNum).ttf
0\0_000545.png,0,۰,IRANSans(FaNum)_Black.ttf
0\0_000546.png,0,۰,IRANSans(FaNum)_Bold.ttf
0\0_000547.png,0,۰,IRANSans(FaNum)_Light.ttf
0\0_000548.png,0,۰,IRANSans(FaNum)_Medium.ttf
0\0_000549.png,0,۰,IRANSans(FaNum)_UltraLight.ttf
0\0_000550.png,0,۰,IRANSans.ttf
0\0_000551.png,0,۰,IRANSans_Black.ttf
0\0_000552.png,0,۰,IRANSans_Bold.ttf
0\0_000553.png,0,۰,IRANSans_Light.ttf
0\0_000554.png,0,۰,IRANSans_Medium.ttf
0\0_000555.png,0,۰,IRANSans_UltraLight.ttf
0\0_000556.png,0,۰,IRANSansMobile(FaNum).ttf
0\0_000557.png,0,۰,IRANSansMobile(FaNum)_Black.ttf
0\0_000558.png,0,۰,IRANSansMobile(FaNum)_Bold.ttf
0\0_000559.png,0,۰,IRANSansMobile(FaNum)_Light.ttf
0\0_000560.png,0,۰,arial.ttf
0\0_000561.png,0,۰,arialbd.ttf
0\0_000562.png,0,۰,BNazanin.ttf
0\0_000563.png,0,۰,BYekan.ttf
0\0_000564.png,0,۰,IRANSans(FaNum).ttf
0\0_000565.png,0,۰,IRANSans(FaNum)_Black.ttf
0\0_000566.png,0,۰,IRANSans(FaNum)_Bold.ttf
0\0_000567.png,0,۰,IRANSans(FaNum)_Light.ttf
0\0_000568.png,0,۰,IRANSans(FaNum)_Medium.ttf
0\0_000569.png,0,۰,IRANSans(FaNum)_UltraLight.ttf
0\0_000570.png,0,۰,IRANSans.ttf
0\0_000571.png,0,۰,IRANSans_Black.ttf
0\0_000572.png,0,۰,IRANSans_Bold.ttf
0\0_000573.png,0,۰,IRANSans_Light.ttf
0\0_000574.png,0,۰,IRANSans_Medium.ttf
0\0_000575.png,0,۰,IRANSans_UltraLight.ttf
0\0_000576.png,0,۰,IRANSansMobile(FaNum).ttf
0\0_000577.png,0,۰,IRANSansMobile(FaNum)_Black.ttf
0\0_000578.png,0,۰,IRANSansMobile(FaNum)_Bold.ttf
0\0_000579.png,0,۰,IRANSansMobile(FaNum)_Light.ttf
0\0_000580.png,0,۰,arial.ttf
0\0_000581.png,0,۰,arialbd.ttf
0\0_000582.png,0,۰,BNazanin.ttf
0\0_000583.png,0,۰,BYekan.ttf
0\0_000584.png,0,۰,IRANSans(FaNum).ttf
0\0_000585.png,0,۰,IRANSans(FaNum)_Black.ttf
0\0_000586.png,0,۰,IRANSans(FaNum)_Bold.ttf
0\0_000587.png,0,۰,IRANSans(FaNum)_Light.ttf
0\0_000588.png,0,۰,IRANSans(FaNum)_Medium.ttf
0\0_000589.png,0,۰,IRANSans(FaNum)_UltraLight.ttf
0\0_000590.png,0,۰,IRANSans.ttf
0\0_000591.png,0,۰,IRANSans_Black.ttf
0\0_000592.png,0,۰,IRANSans_Bold.ttf
0\0_000593.png,0,۰,IRANSans_Light.ttf
0\0_000594.png,0,۰,IRANSans_Medium.ttf
0\0_000595.png,0,۰,IRANSans_UltraLight.ttf
0\0_000596.png,0,۰,IRANSansMobile(FaNum).ttf
0\0_000597.png,0,۰,IRANSansMobile(FaNum)_Black.ttf
0\0_000598.png,0,۰,IRANSansMobile(FaNum)_Bold.ttf
0\0_000599.png,0,۰,IRANSansMobile(FaNum)_Light.ttf
0\0_000600.png,0,۰,arial.ttf
0\0_000601.png,0,۰,arialbd.ttf
0\0_000602.png,0,۰,BNazanin.ttf
0\0_000603.png,0,۰,BYekan.ttf
0\0_000604.png,0,۰,IRANSans(FaNum).ttf
0\0_000605.png,0,۰,IRANSans(FaNum)_Black.ttf
0\0_000606.png,0,۰,IRANSans(FaNum)_Bold.ttf
0\0_000607.png,0,۰,IRANSans(FaNum)_Light.ttf
0\0_000608.png,0,۰,IRANSans(FaNum)_Medium.ttf
0\0_000609.png,0,۰,IRANSans(FaNum)_UltraLight.ttf
0\0_000610.png,0,۰,IRANSans.ttf
0\0_000611.png,0,۰,IRANSans_Black.ttf
0\0_000612.png,0,۰,IRANSans_Bold.ttf
0\0_000613.png,0,۰,IRANSans_Light.ttf
0\0_000614.png,0,۰,IRANSans_Medium.ttf
0\0_000615.png,0,۰,IRANSans_UltraLight.ttf
0\0_000616.png,0,۰,IRANSansMobile(FaNum).ttf
0\0_000617.png,0,۰,IRANSansMobile(FaNum)_Black.ttf
0\0_000618.png,0,۰,IRANSansMobile(FaNum)_Bold.ttf
0\0_000619.png,0,۰,IRANSansMobile(FaNum)_Light.ttf
0\0_000620.png,0,۰,arial.ttf
0\0_000621.png,0,۰,arialbd.ttf
0\0_000622.png,0,۰,BNazanin.ttf
0\0_000623.png,0,۰,BYekan.ttf
0\0_000624.png,0,۰,IRANSans(FaNum).ttf
0\0_000625.png,0,۰,IRANSans(FaNum)_Black.ttf
0\0_000626.png,0,۰,IRANSans(FaNum)_Bold.ttf
0\0_000627.png,0,۰,IRANSans(FaNum)_Light.ttf
0\0_000628.png,0,۰,IRANSans(FaNum)_Medium.ttf
0\0_000629.png,0,۰,IRANSans(FaNum)_UltraLight.ttf
0\0_000630.png,0,۰,IRANSans.ttf
0\0_000631.png,0,۰,IRANSans_Black.ttf
0\0_000632.png,0,۰,IRANSans_Bold.ttf
0\0_000633.png,0,۰,IRANSans_Light.ttf
0\0_000634.png,0,۰,IRANSans_Medium.ttf
0\0_000635.png,0,۰,IRANSans_UltraLight.ttf
0\0_000636.png,0,۰,IRANSansMobile(FaNum).ttf
0\0_000637.png,0,۰,IRANSansMobile(FaNum)_Black.ttf
0\0_000638.png,0,۰,IRANSansMobile(FaNum)_Bold.ttf
0\0_000639.png,0,۰,IRANSansMobile(FaNum)_Light.ttf
0\0_000640.png,0,۰,arial.ttf
0\0_000641.png,0,۰,arialbd.ttf
0\0_000642.png,0,۰,BNazanin.ttf
0\0_000643.png,0,۰,BYekan.ttf
0\0_000644.png,0,۰,IRANSans(FaNum).ttf
0\0_000645.png,0,۰,IRANSans(FaNum)_Black.ttf
0\0_000646.png,0,۰,IRANSans(FaNum)_Bold.ttf
0\0_000647.png,0,۰,IRANSans(FaNum)_Light.ttf
0\0_000648.png,0,۰,IRANSans(FaNum)_Medium.ttf
0\0_000649.png,0,۰,IRANSans(FaNum)_UltraLight.ttf
0\0_000650.png,0,۰,IRANSans.ttf
0\0_000651.png,0,۰,IRANSans_Black.ttf
0\0_000652.png,0,۰,IRANSans_Bold.ttf
0\0_000653.png,0,۰,IRANSans_Light.ttf
0\0_000654.png,0,۰,IRANSans_Medium.ttf
0\0_000655.png,0,۰,IRANSans_UltraLight.ttf
0\0_000656.png,0,۰,IRANSansMobile(FaNum).ttf
0\0_000657.png,0,۰,IRANSansMobile(FaNum)_Black.ttf
0\0_000658.png,0,۰,IRANSansMobile(FaNum)_Bold.ttf
0\0_000659.png,0,۰,IRANSansMobile(FaNum)_Light.ttf
0\0_000660.png,0,۰,arial.ttf
0\0_000661.png,0,۰,arialbd.ttf
0\0_000662.png,0,۰,BNazanin.ttf
0\0_000663.png,0,۰,BYekan.ttf
0\0_000664.png,0,۰,IRANSans(FaNum).ttf
0\0_000665.png,0,۰,IRANSans(FaNum)_Black.ttf
0\0_000666.png,0,۰,IRANSans(FaNum)_Bold.ttf
0\0_000667.png,0,۰,IRANSans(FaNum)_Light.ttf
0\0_000668.png,0,۰,IRANSans(FaNum)_Medium.ttf
0\0_000669.png,0,۰,IRANSans(FaNum)_UltraLight.ttf
0\0_000670.png,0,۰,IRANSans.ttf
0\0_000671.png,0,۰,IRANSans_Black.ttf
0\0_000672.png,0,۰,IRANSans_Bold.ttf
0\0_000673.png,0,۰,IRANSans_Light.ttf
0\0_000674.png,0,۰,IRANSans_Medium.ttf
0\0_000675.png,0,۰,IRANSans_UltraLight.ttf
0\0_000676.png,0,۰,IRANSansMobile(FaNum).ttf
0\0_000677.png,0,۰,IRANSansMobile(FaNum)_Black.ttf
0\0_000678.png,0,۰,IRANSansMobile(FaNum)_Bold.ttf
0\0_000679.png,0,۰,IRANSansMobile(FaNum)_Light.ttf
0\0_000680.png,0,۰,arial.ttf
0\0_000681.png,0,۰,arialbd.ttf
0\0_000682.png,0,۰,BNazanin.ttf
0\0_000683.png,0,۰,BYekan.ttf
0\0_000684.png,0,۰,IRANSans(FaNum).ttf
0\0_000685.png,0,۰,IRANSans(FaNum)_Black.ttf
0\0_000686.png,0,۰,IRANSans(FaNum)_Bold.ttf
0\0_000687.png,0,۰,IRANSans(FaNum)_Light.ttf
0\0_000688.png,0,۰,IRANSans(FaNum)_Medium.ttf
0\0_000689.png,0,۰,IRANSans(FaNum)_UltraLight.ttf
0\0_000690.png,0,۰,IRANSans.ttf
0\0_000691.png,0,۰,IRANSans_Black.ttf
0\0_000692.png,0,۰,IRANSans_Bold.ttf
0\0_000693.png,0,۰,IRANSans_Light.ttf
0\0_000694.png,0,۰,IRANSans_Medium.ttf
0\0_000695.png,0,۰,IRANSans_UltraLight.ttf
0\0_000696.png,0,۰,IRANSansMobile(FaNum).ttf
0\0_000697.png,0,۰,IRANSansMobile(FaNum)_Black.ttf
0\0_000698.png,0,۰,IRANSansMobile(FaNum)_Bold.ttf
0\0_000699.png,0,۰,IRANSansMobile(FaNum)_Light.ttf
0\0_000700.png,0,۰,arial.ttf
0\0_000701.png,0,۰,arialbd.ttf
0\0_000702.png,0,۰,BNazanin.ttf
0\0_000703.png,0,۰,BYekan.ttf
0\0_000704.png,0,۰,IRANSans(FaNum).ttf
0\0_000705.png,0,۰,IRANSans(FaNum)_Black.ttf
0\0_000706.png,0,۰,IRANSans(FaNum)_Bold.ttf
0\0_000707.png,0,۰,IRANSans(FaNum)_Light.ttf
0\0_000708.png,0,۰,IRANSans(FaNum)_Medium.ttf
0\0_000709.png,0,۰,IRANSans(FaNum)_UltraLight.ttf
0\0_000710.png,0,۰,IRANSans.ttf
0\0_000711.png,0,۰,IRANSans_Black.ttf
0\0_000712.png,0,۰,IRANSans_Bold.ttf
0\0_000713.png,0,۰,IRANSans_Light.ttf
0\0_000714.png,0,۰,IRANSans_Medium.ttf
0\0_000715.png,0,۰,IRANSans_UltraLight.ttf
0\0_000716.png,0,۰,IRANSansMobile(FaNum).ttf
0\0_000717.png,0,۰,IRANSansMobile(FaNum)_Black.ttf
0\0_000718.png,0,۰,IRANSansMobile(FaNum)_Bold.ttf
0\0_000719.png,0,۰,IRANSansMobile(FaNum)_Light.ttf
0\0_000720.png,0,۰,arial.ttf
0\0_000721.png,0,۰,arialbd.ttf
0\0_000722.png,0,۰,BNazanin.ttf
0\0_000723.png,0,۰,BYekan.ttf
0\0_000724.png,0,۰,IRANSans(FaNum).ttf
0\0_000725.png,0,۰,IRANSans(FaNum)_Black.ttf
0\0_000726.png,0,۰,IRANSans(FaNum)_Bold.ttf
0\0_000727.png,0,۰,IRANSans(FaNum)_Light.ttf
0\0_000728.png,0,۰,IRANSans(FaNum)_Medium.ttf
0\0_000729.png,0,۰,IRANSans(FaNum)_UltraLight.ttf
0\0_000730.png,0,۰,IRANSans.ttf
0\0_000731.png,0,۰,IRANSans_Black.ttf
0\0_000732.png,0,۰,IRANSans_Bold.ttf
0\0_000733.png,0,۰,IRANSans_Light.ttf
0\0_000734.png,0,۰,IRANSans_Medium.ttf
0\0_000735.png,0,۰,IRANSans_UltraLight.ttf
0\0_000736.png,0,۰,IRANSansMobile(FaNum).ttf
0\0_000737.png,0,۰,IRANSansMobile(FaNum)_Black.ttf
0\0_000738.png,0,۰,IRANSansMobile(FaNum)_Bold.ttf
0\0_000739.png,0,۰,IRANSansMobile(FaNum)_Light.ttf
0\0_000740.png,0,۰,arial.ttf
0\0_000741.png,0,۰,arialbd.ttf
0\0_000742.png,0,۰,BNazanin.ttf
0\0_000743.png,0,۰,BYekan.ttf
0\0_000744.png,0,۰,IRANSans(FaNum).ttf
0\0_000745.png,0,۰,IRANSans(FaNum)_Black.ttf
0\0_000746.png,0,۰,IRANSans(FaNum)_Bold.ttf
0\0_000747.png,0,۰,IRANSans(FaNum)_Light.ttf
0\0_000748.png,0,۰,IRANSans(FaNum)_Medium.ttf
0\0_000749.png,0,۰,IRANSans(FaNum)_UltraLight.ttf
0\0_000750.png,0,۰,IRANSans.ttf
0\0_000751.png,0,۰,IRANSans_Black.ttf
0\0_000752.png,0,۰,IRANSans_Bold.ttf
0\0_000753.png,0,۰,IRANSans_Light.ttf
0\0_000754.png,0,۰,IRANSans_Medium.ttf
0\0_000755.png,0,۰,IRANSans_UltraLight.ttf
0\0_000756.png,0,۰,IRANSansMobile(FaNum).ttf
0\0_000757.png,0,۰,IRANSansMobile(FaNum)_Black.ttf
0\0_000758.png,0,۰,IRANSansMobile(FaNum)_Bold.ttf
0\0_000759.png,0,۰,IRANSansMobile(FaNum)_Light.ttf
0\0_000760.png,0,۰,arial.ttf
0\0_000761.png,0,۰,arialbd.ttf
0\0_000762.png,0,۰,BNazanin.ttf
0\0_000763.png,0,۰,BYekan.ttf
0\0_000764.png,0,۰,IRANSans(FaNum).ttf
0\0_000765.png,0,۰,IRANSans(FaNum)_Black.ttf
0\0_000766.png,0,۰,IRANSans(FaNum)_Bold.ttf
0\0_000767.png,0,۰,IRANSans(FaNum)_Light.ttf
0\0_000768.png,0,۰,IRANSans(FaNum)_Medium.ttf
0\0_000769.png,0,۰,IRANSans(FaNum)_UltraLight.ttf
0\0_000770.png,0,۰,IRANSans.ttf
0\0_000771.png,0,۰,IRANSans_Black.ttf
0\0_000772.png,0,۰,IRANSans_Bold.ttf
0\0_000773.png,0,۰,IRANSans_Light.ttf
0\0_000774.png,0,۰,IRANSans_Medium.ttf
0\0_000775.png,0,۰,IRANSans_UltraLight.ttf
0\0_000776.png,0,۰,IRANSansMobile(FaNum).ttf
0\0_000777.png,0,۰,IRANSansMobile(FaNum)_Black.ttf
0\0_000778.png,0,۰,IRANSansMobile(FaNum)_Bold.ttf
0\0_000779.png,0,۰,IRANSansMobile(FaNum)_Light.ttf
0\0_000780.png,0,۰,arial.ttf
0\0_000781.png,0,۰,arialbd.ttf
0\0_000782.png,0,۰,BNazanin.ttf
0\0_000783.png,0,۰,BYekan.ttf
0\0_000784.png,0,۰,IRANSans(FaNum).ttf
0\0_000785.png,0,۰,IRANSans(FaNum)_Black.ttf
0\0_000786.png,0,۰,IRANSans(FaNum)_Bold.ttf
0\0_000787.png,0,۰,IRANSans(FaNum)_Light.ttf
0\0_000788.png,0,۰,IRANSans(FaNum)_Medium.ttf
0\0_000789.png,0,۰,IRANSans(FaNum)_UltraLight.ttf
0\0_000790.png,0,۰,IRANSans.ttf
0\0_000791.png,0,۰,IRANSans_Black.ttf
0\0_000792.png,0,۰,IRANSans_Bold.ttf
0\0_000793.png,0,۰,IRANSans_Light.ttf
0\0_000794.png,0,۰,IRANSans_Medium.ttf
0\0_000795.png,0,۰,IRANSans_UltraLight.ttf
0\0_000796.png,0,۰,IRANSansMobile(FaNum).ttf
0\0_000797.png,0,۰,IRANSansMobile(FaNum)_Black.ttf
0\0_000798.png,0,۰,IRANSansMobile(FaNum)_Bold.ttf
0\0_000799.png,0,۰,IRANSansMobile(FaNum)_Light.ttf
0\0_000800.png,0,۰,arial.ttf
0\0_000801.png,0,۰,arialbd.ttf
0\0_000802.png,0,۰,BNazanin.ttf
0\0_000803.png,0,۰,BYekan.ttf
0\0_000804.png,0,۰,IRANSans(FaNum).ttf
0\0_000805.png,0,۰,IRANSans(FaNum)_Black.ttf
0\0_000806.png,0,۰,IRANSans(FaNum)_Bold.ttf
0\0_000807.png,0,۰,IRANSans(FaNum)_Light.ttf
0\0_000808.png,0,۰,IRANSans(FaNum)_Medium.ttf
0\0_000809.png,0,۰,IRANSans(FaNum)_UltraLight.ttf
0\0_000810.png,0,۰,IRANSans.ttf
0\0_000811.png,0,۰,IRANSans_Black.ttf
0\0_000812.png,0,۰,IRANSans_Bold.ttf
0\0_000813.png,0,۰,IRANSans_Light.ttf
0\0_000814.png,0,۰,IRANSans_Medium.ttf
0\0_000815.png,0,۰,IRANSans_UltraLight.ttf
0\0_000816.png,0,۰,IRANSansMobile(FaNum).ttf
0\0_000817.png,0,۰,IRANSansMobile(FaNum)_Black.ttf
0\0_000818.png,0,۰,IRANSansMobile(FaNum)_Bold.ttf
0\0_000819.png,0,۰,IRANSansMobile(FaNum)_Light.ttf
0\0_000820.png,0,۰,arial.ttf
0\0_000821.png,0,۰,arialbd.ttf
0\0_000822.png,0,۰,BNazanin.ttf
0\0_000823.png,0,۰,BYekan.ttf
0\0_000824.png,0,۰,IRANSans(FaNum).ttf
0\0_000825.png,0,۰,IRANSans(FaNum)_Black.ttf
0\0_000826.png,0,۰,IRANSans(FaNum)_Bold.ttf
0\0_000827.png,0,۰,IRANSans(FaNum)_Light.ttf
0\0_000828.png,0,۰,IRANSans(FaNum)_Medium.ttf
0\0_000829.png,0,۰,IRANSans(FaNum)_UltraLight.ttf
0\0_000830.png,0,۰,IRANSans.ttf
0\0_000831.png,0,۰,IRANSans_Black.ttf
0\0_000832.png,0,۰,IRANSans_Bold.ttf
0\0_000833.png,0,۰,IRANSans_Light.ttf
0\0_000834.png,0,۰,IRANSans_Medium.ttf
0\0_000835.png,0,۰,IRANSans_UltraLight.ttf
0\0_000836.png,0,۰,IRANSansMobile(FaNum).ttf
0\0_000837.png,0,۰,IRANSansMobile(FaNum)_Black.ttf
0\0_000838.png,0,۰,IRANSansMobile(FaNum)_Bold.ttf
0\0_000839.png,0,۰,IRANSansMobile(FaNum)_Light.ttf
0\0_000840.png,0,۰,arial.ttf
0\0_000841.png,0,۰,arialbd.ttf
0\0_000842.png,0,۰,BNazanin.ttf
0\0_000843.png,0,۰,BYekan.ttf
0\0_000844.png,0,۰,IRANSans(FaNum).ttf
0\0_000845.png,0,۰,IRANSans(FaNum)_Black.ttf
0\0_000846.png,0,۰,IRANSans(FaNum)_Bold.ttf
0\0_000847.png,0,۰,IRANSans(FaNum)_Light.ttf
0\0_000848.png,0,۰,IRANSans(FaNum)_Medium.ttf
0\0_000849.png,0,۰,IRANSans(FaNum)_UltraLight.ttf
0\0_000850.png,0,۰,IRANSans.ttf
0\0_000851.png,0,۰,IRANSans_Black.ttf
0\0_000852.png,0,۰,IRANSans_Bold.ttf
0\0_000853.png,0,۰,IRANSans_Light.ttf
0\0_000854.png,0,۰,IRANSans_Medium.ttf
0\0_000855.png,0,۰,IRANSans_UltraLight.ttf
0\0_000856.png,0,۰,IRANSansMobile(FaNum).ttf
0\0_000857.png,0,۰,IRANSansMobile(FaNum)_Black.ttf
0\0_000858.png,0,۰,IRANSansMobile(FaNum)_Bold.ttf
0\0_000859.png,0,۰,IRANSansMobile(FaNum)_Light.ttf
0\0_000860.png,0,۰,arial.ttf
0\0_000861.png,0,۰,arialbd.ttf
0\0_000862.png,0,۰,BNazanin.ttf
0\0_000863.png,0,۰,BYekan.ttf
0\0_000864.png,0,۰,IRANSans(FaNum).ttf
0\0_000865.png,0,۰,IRANSans(FaNum)_Black.ttf
0\0_000866.png,0,۰,IRANSans(FaNum)_Bold.ttf
0\0_000867.png,0,۰,IRANSans(FaNum)_Light.ttf
0\0_000868.png,0,۰,IRANSans(FaNum)_Medium.ttf
0\0_000869.png,0,۰,IRANSans(FaNum)_UltraLight.ttf
0\0_000870.png,0,۰,IRANSans.ttf
0\0_000871.png,0,۰,IRANSans_Black.ttf
0\0_000872.png,0,۰,IRANSans_Bold.ttf
0\0_000873.png,0,۰,IRANSans_Light.ttf
0\0_000874.png,0,۰,IRANSans_Medium.ttf
0\0_000875.png,0,۰,IRANSans_UltraLight.ttf
0\0_000876.png,0,۰,IRANSansMobile(FaNum).ttf
0\0_000877.png,0,۰,IRANSansMobile(FaNum)_Black.ttf
0\0_000878.png,0,۰,IRANSansMobile(FaNum)_Bold.ttf
0\0_000879.png,0,۰,IRANSansMobile(FaNum)_Light.ttf
0\0_000880.png,0,۰,arial.ttf
0\0_000881.png,0,۰,arialbd.ttf
0\0_000882.png,0,۰,BNazanin.ttf
0\0_000883.png,0,۰,BYekan.ttf
0\0_000884.png,0,۰,IRANSans(FaNum).ttf
0\0_000885.png,0,۰,IRANSans(FaNum)_Black.ttf
0\0_000886.png,0,۰,IRANSans(FaNum)_Bold.ttf
0\0_000887.png,0,۰,IRANSans(FaNum)_Light.ttf
0\0_000888.png,0,۰,IRANSans(FaNum)_Medium.ttf
0\0_000889.png,0,۰,IRANSans(FaNum)_UltraLight.ttf
0\0_000890.png,0,۰,IRANSans.ttf
0\0_000891.png,0,۰,IRANSans_Black.ttf
0\0_000892.png,0,۰,IRANSans_Bold.ttf
0\0_000893.png,0,۰,IRANSans_Light.ttf
0\0_000894.png,0,۰,IRANSans_Medium.ttf
0\0_000895.png,0,۰,IRANSans_UltraLight.ttf
0\0_000896.png,0,۰,IRANSansMobile(FaNum).ttf
0\0_000897.png,0,۰,IRANSansMobile(FaNum)_Black.ttf
0\0_000898.png,0,۰,IRANSansMobile(FaNum)_Bold.ttf
0\0_000899.png,0,۰,IRANSansMobile(FaNum)_Light.ttf
0\0_000900.png,0,۰,arial.ttf
0\0_000901.png,0,۰,arialbd.ttf
0\0_000902.png,0,۰,BNazanin.ttf
0\0_000903.png,0,۰,BYekan.ttf
0\0_000904.png,0,۰,IRANSans(FaNum).ttf
0\0_000905.png,0,۰,IRANSans(FaNum)_Black.ttf
0\0_000906.png,0,۰,IRANSans(FaNum)_Bold.ttf
0\0_000907.png,0,۰,IRANSans(FaNum)_Light.ttf
0\0_000908.png,0,۰,IRANSans(FaNum)_Medium.ttf
0\0_000909.png,0,۰,IRANSans(FaNum)_UltraLight.ttf
0\0_000910.png,0,۰,IRANSans.ttf
0\0_000911.png,0,۰,IRANSans_Black.ttf
0\0_000912.png,0,۰,IRANSans_Bold.ttf
0\0_000913.png,0,۰,IRANSans_Light.ttf
0\0_000914.png,0,۰,IRANSans_Medium.ttf
0\0_000915.png,0,۰,IRANSans_UltraLight.ttf
0\0_000916.png,0,۰,IRANSansMobile(FaNum).ttf
0\0_000917.png,0,۰,IRANSansMobile(FaNum)_Black.ttf
0\0_000918.png,0,۰,IRANSansMobile(FaNum)_Bold.ttf
0\0_000919.png,0,۰,IRANSansMobile(FaNum)_Light.ttf
0\0_000920.png,0,۰,arial.ttf
0\0_000921.png,0,۰,arialbd.ttf
0\0_000922.png,0,۰,BNazanin.ttf
0\0_000923.png,0,۰,BYekan.ttf
0\0_000924.png,0,۰,IRANSans(FaNum).ttf
0\0_000925.png,0,۰,IRANSans(FaNum)_Black.ttf
0\0_000926.png,0,۰,IRANSans(FaNum)_Bold.ttf
0\0_000927.png,0,۰,IRANSans(FaNum)_Light.ttf
0\0_000928.png,0,۰,IRANSans(FaNum)_Medium.ttf
0\0_000929.png,0,۰,IRANSans(FaNum)_UltraLight.ttf
0\0_000930.png,0,۰,IRANSans.ttf
0\0_000931.png,0,۰,IRANSans_Black.ttf
0\0_000932.png,0,۰,IRANSans_Bold.ttf
0\0_000933.png,0,۰,IRANSans_Light.ttf
0\0_000934.png,0,۰,IRANSans_Medium.ttf
0\0_000935.png,0,۰,IRANSans_UltraLight.ttf
0\0_000936.png,0,۰,IRANSansMobile(FaNum).ttf
0\0_000937.png,0,۰,IRANSansMobile(FaNum)_Black.ttf
0\0_000938.png,0,۰,IRANSansMobile(FaNum)_Bold.ttf
0\0_000939.png,0,۰,IRANSansMobile(FaNum)_Light.ttf
0\0_000940.png,0,۰,arial.ttf
0\0_000941.png,0,۰,arialbd.ttf
0\0_000942.png,0,۰,BNazanin.ttf
0\0_000943.png,0,۰,BYekan.ttf
0\0_000944.png,0,۰,IRANSans(FaNum).ttf
0\0_000945.png,0,۰,IRANSans(FaNum)_Black.ttf
0\0_000946.png,0,۰,IRANSans(FaNum)_Bold.ttf
0\0_000947.png,0,۰,IRANSans(FaNum)_Light.ttf
0\0_000948.png,0,۰,IRANSans(FaNum)_Medium.ttf
0\0_000949.png,0,۰,IRANSans(FaNum)_UltraLight.ttf
0\0_000950.png,0,۰,IRANSans.ttf
0\0_000951.png,0,۰,IRANSans_Black.ttf
0\0_000952.png,0,۰,IRANSans_Bold.ttf
0\0_000953.png,0,۰,IRANSans_Light.ttf
0\0_000954.png,0,۰,IRANSans_Medium.ttf
0\0_000955.png,0,۰,IRANSans_UltraLight.ttf
0\0_000956.png,0,۰,IRANSansMobile(FaNum).ttf
0\0_000957.png,0,۰,IRANSansMobile(FaNum)_Black.ttf
0\0_000958.png,0,۰,IRANSansMobile(FaNum)_Bold.ttf
0\0_000959.png,0,۰,IRANSansMobile(FaNum)_Light.ttf
0\0_000960.png,0,۰,arial.ttf
0\0_000961.png,0,۰,arialbd.ttf
0\0_000962.png,0,۰,BNazanin.ttf
0\0_000963.png,0,۰,BYekan.ttf
0\0_000964.png,0,۰,IRANSans(FaNum).ttf
0\0_000965.png,0,۰,IRANSans(FaNum)_Black.ttf
0\0_000966.png,0,۰,IRANSans(FaNum)_Bold.ttf
0\0_000967.png,0,۰,IRANSans(FaNum)_Light.ttf
0\0_000968.png,0,۰,IRANSans(FaNum)_Medium.ttf
0\0_000969.png,0,۰,IRANSans(FaNum)_UltraLight.ttf
0\0_000970.png,0,۰,IRANSans.ttf
0\0_000971.png,0,۰,IRANSans_Black.ttf
0\0_000972.png,0,۰,IRANSans_Bold.ttf
0\0_000973.png,0,۰,IRANSans_Light.ttf
0\0_000974.png,0,۰,IRANSans_Medium.ttf
0\0_000975.png,0,۰,IRANSans_UltraLight.ttf
0\0_000976.png,0,۰,IRANSansMobile(FaNum).ttf
0\0_000977.png,0,۰,IRANSansMobile(FaNum)_Black.ttf
0\0_000978.png,0,۰,IRANSansMobile(FaNum)_Bold.ttf
0\0_000979.png,0,۰,IRANSansMobile(FaNum)_Light.ttf
0\0_000980.png,0,۰,arial.ttf
0\0_000981.png,0,۰,arialbd.ttf
0\0_000982.png,0,۰,BNazanin.ttf
0\0_000983.png,0,۰,BYekan.ttf
0\0_000984.png,0,۰,IRANSans(FaNum).ttf
0\0_000985.png,0,۰,IRANSans(FaNum)_Black.ttf
0\0_000986.png,0,۰,IRANSans(FaNum)_Bold.ttf
0\0_000987.png,0,۰,IRANSans(FaNum)_Light.ttf
0\0_000988.png,0,۰,IRANSans(FaNum)_Medium.ttf
0\0_000989.png,0,۰,IRANSans(FaNum)_UltraLight.ttf
0\0_000990.png,0,۰,IRANSans.ttf
0\0_000991.png,0,۰,IRANSans_Black.ttf
0\0_000992.png,0,۰,IRANSans_Bold.ttf
0\0_000993.png,0,۰,IRANSans_Light.ttf
0\0_000994.png,0,۰,IRANSans_Medium.ttf
0\0_000995.png,0,۰,IRANSans_UltraLight.ttf
0\0_000996.png,0,۰,IRANSansMobile(FaNum).ttf
0\0_000997.png,0,۰,IRANSansMobile(FaNum)_Black.ttf
0\0_000998.png,0,۰,IRANSansMobile(FaNum)_Bold.ttf
0\0_000999.png,0,۰,IRANSansMobile(FaNum)_Light.ttf
1\1_000000.png,1,۱,arial.ttf
1\1_000001.png,1,۱,arialbd.ttf
1\1_000002.png,1,۱,BNazanin.ttf
1\1_000003.png,1,۱,BYekan.ttf
1\1_000004.png,1,۱,IRANSans(FaNum).ttf
1\1_000005.png,1,۱,IRANSans(FaNum)_Black.ttf
1\1_000006.png,1,۱,IRANSans(FaNum)_Bold.ttf
1\1_000007.png,1,۱,IRANSans(FaNum)_Light.ttf
1\1_000008.png,1,۱,IRANSans(FaNum)_Medium.ttf
1\1_000009.png,1,۱,IRANSans(FaNum)_UltraLight.ttf
1\1_000010.png,1,۱,IRANSans.ttf
1\1_000011.png,1,۱,IRANSans_Black.ttf
1\1_000012.png,1,۱,IRANSans_Bold.ttf
1\1_000013.png,1,۱,IRANSans_Light.ttf
1\1_000014.png,1,۱,IRANSans_Medium.ttf
1\1_000015.png,1,۱,IRANSans_UltraLight.ttf
1\1_000016.png,1,۱,IRANSansMobile(FaNum).ttf
1\1_000017.png,1,۱,IRANSansMobile(FaNum)_Black.ttf
1\1_000018.png,1,۱,IRANSansMobile(FaNum)_Bold.ttf
1\1_000019.png,1,۱,IRANSansMobile(FaNum)_Light.ttf
1\1_000020.png,1,۱,arial.ttf
1\1_000021.png,1,۱,arialbd.ttf
1\1_000022.png,1,۱,BNazanin.ttf
1\1_000023.png,1,۱,BYekan.ttf
1\1_000024.png,1,۱,IRANSans(FaNum).ttf
1\1_000025.png,1,۱,IRANSans(FaNum)_Black.ttf
1\1_000026.png,1,۱,IRANSans(FaNum)_Bold.ttf
1\1_000027.png,1,۱,IRANSans(FaNum)_Light.ttf
1\1_000028.png,1,۱,IRANSans(FaNum)_Medium.ttf
1\1_000029.png,1,۱,IRANSans(FaNum)_UltraLight.ttf
1\1_000030.png,1,۱,IRANSans.ttf
1\1_000031.png,1,۱,IRANSans_Black.ttf
1\1_000032.png,1,۱,IRANSans_Bold.ttf
1\1_000033.png,1,۱,IRANSans_Light.ttf
1\1_000034.png,1,۱,IRANSans_Medium.ttf
1\1_000035.png,1,۱,IRANSans_UltraLight.ttf
1\1_000036.png,1,۱,IRANSansMobile(FaNum).ttf
1\1_000037.png,1,۱,IRANSansMobile(FaNum)_Black.ttf
1\1_000038.png,1,۱,IRANSansMobile(FaNum)_Bold.ttf
1\1_000039.png,1,۱,IRANSansMobile(FaNum)_Light.ttf
1\1_000040.png,1,۱,arial.ttf
1\1_000041.png,1,۱,arialbd.ttf
1\1_000042.png,1,۱,BNazanin.ttf
1\1_000043.png,1,۱,BYekan.ttf
1\1_000044.png,1,۱,IRANSans(FaNum).ttf
1\1_000045.png,1,۱,IRANSans(FaNum)_Black.ttf
1\1_000046.png,1,۱,IRANSans(FaNum)_Bold.ttf
1\1_000047.png,1,۱,IRANSans(FaNum)_Light.ttf
1\1_000048.png,1,۱,IRANSans(FaNum)_Medium.ttf
1\1_000049.png,1,۱,IRANSans(FaNum)_UltraLight.ttf
1\1_000050.png,1,۱,IRANSans.ttf
1\1_000051.png,1,۱,IRANSans_Black.ttf
1\1_000052.png,1,۱,IRANSans_Bold.ttf
1\1_000053.png,1,۱,IRANSans_Light.ttf
1\1_000054.png,1,۱,IRANSans_Medium.ttf
1\1_000055.png,1,۱,IRANSans_UltraLight.ttf
1\1_000056.png,1,۱,IRANSansMobile(FaNum).ttf
1\1_000057.png,1,۱,IRANSansMobile(FaNum)_Black.ttf
1\1_000058.png,1,۱,IRANSansMobile(FaNum)_Bold.ttf
1\1_000059.png,1,۱,IRANSansMobile(FaNum)_Light.ttf
1\1_000060.png,1,۱,arial.ttf
1\1_000061.png,1,۱,arialbd.ttf
1\1_000062.png,1,۱,BNazanin.ttf
1\1_000063.png,1,۱,BYekan.ttf
1\1_000064.png,1,۱,IRANSans(FaNum).ttf
1\1_000065.png,1,۱,IRANSans(FaNum)_Black.ttf
1\1_000066.png,1,۱,IRANSans(FaNum)_Bold.ttf
1\1_000067.png,1,۱,IRANSans(FaNum)_Light.ttf
1\1_000068.png,1,۱,IRANSans(FaNum)_Medium.ttf
1\1_000069.png,1,۱,IRANSans(FaNum)_UltraLight.ttf
1\1_000070.png,1,۱,IRANSans.ttf
1\1_000071.png,1,۱,IRANSans_Black.ttf
1\1_000072.png,1,۱,IRANSans_Bold.ttf
1\1_000073.png,1,۱,IRANSans_Light.ttf
1\1_000074.png,1,۱,IRANSans_Medium.ttf
1\1_000075.png,1,۱,IRANSans_UltraLight.ttf
1\1_000076.png,1,۱,IRANSansMobile(FaNum).ttf
1\1_000077.png,1,۱,IRANSansMobile(FaNum)_Black.ttf
1\1_000078.png,1,۱,IRANSansMobile(FaNum)_Bold.ttf
1\1_000079.png,1,۱,IRANSansMobile(FaNum)_Light.ttf
1\1_000080.png,1,۱,arial.ttf
1\1_000081.png,1,۱,arialbd.ttf
1\1_000082.png,1,۱,BNazanin.ttf
1\1_000083.png,1,۱,BYekan.ttf
1\1_000084.png,1,۱,IRANSans(FaNum).ttf
1\1_000085.png,1,۱,IRANSans(FaNum)_Black.ttf
1\1_000086.png,1,۱,IRANSans(FaNum)_Bold.ttf
1\1_000087.png,1,۱,IRANSans(FaNum)_Light.ttf
1\1_000088.png,1,۱,IRANSans(FaNum)_Medium.ttf
1\1_000089.png,1,۱,IRANSans(FaNum)_UltraLight.ttf
1\1_000090.png,1,۱,IRANSans.ttf
1\1_000091.png,1,۱,IRANSans_Black.ttf
1\1_000092.png,1,۱,IRANSans_Bold.ttf
1\1_000093.png,1,۱,IRANSans_Light.ttf
1\1_000094.png,1,۱,IRANSans_Medium.ttf
1\1_000095.png,1,۱,IRANSans_UltraLight.ttf
1\1_000096.png,1,۱,IRANSansMobile(FaNum).ttf
1\1_000097.png,1,۱,IRANSansMobile(FaNum)_Black.ttf
1\1_000098.png,1,۱,IRANSansMobile(FaNum)_Bold.ttf
1\1_000099.png,1,۱,IRANSansMobile(FaNum)_Light.ttf
1\1_000100.png,1,۱,arial.ttf
1\1_000101.png,1,۱,arialbd.ttf
1\1_000102.png,1,۱,BNazanin.ttf
1\1_000103.png,1,۱,BYekan.ttf
1\1_000104.png,1,۱,IRANSans(FaNum).ttf
1\1_000105.png,1,۱,IRANSans(FaNum)_Black.ttf
1\1_000106.png,1,۱,IRANSans(FaNum)_Bold.ttf
1\1_000107.png,1,۱,IRANSans(FaNum)_Light.ttf
1\1_000108.png,1,۱,IRANSans(FaNum)_Medium.ttf
1\1_000109.png,1,۱,IRANSans(FaNum)_UltraLight.ttf
1\1_000110.png,1,۱,IRANSans.ttf
1\1_000111.png,1,۱,IRANSans_Black.ttf
1\1_000112.png,1,۱,IRANSans_Bold.ttf
1\1_000113.png,1,۱,IRANSans_Light.ttf
1\1_000114.png,1,۱,IRANSans_Medium.ttf
1\1_000115.png,1,۱,IRANSans_UltraLight.ttf
1\1_000116.png,1,۱,IRANSansMobile(FaNum).ttf
1\1_000117.png,1,۱,IRANSansMobile(FaNum)_Black.ttf
1\1_000118.png,1,۱,IRANSansMobile(FaNum)_Bold.ttf
1\1_000119.png,1,۱,IRANSansMobile(FaNum)_Light.ttf
1\1_000120.png,1,۱,arial.ttf
1\1_000121.png,1,۱,arialbd.ttf
1\1_000122.png,1,۱,BNazanin.ttf
1\1_000123.png,1,۱,BYekan.ttf
1\1_000124.png,1,۱,IRANSans(FaNum).ttf
1\1_000125.png,1,۱,IRANSans(FaNum)_Black.ttf
1\1_000126.png,1,۱,IRANSans(FaNum)_Bold.ttf
1\1_000127.png,1,۱,IRANSans(FaNum)_Light.ttf
1\1_000128.png,1,۱,IRANSans(FaNum)_Medium.ttf
1\1_000129.png,1,۱,IRANSans(FaNum)_UltraLight.ttf
1\1_000130.png,1,۱,IRANSans.ttf
1\1_000131.png,1,۱,IRANSans_Black.ttf
1\1_000132.png,1,۱,IRANSans_Bold.ttf
1\1_000133.png,1,۱,IRANSans_Light.ttf
1\1_000134.png,1,۱,IRANSans_Medium.ttf
1\1_000135.png,1,۱,IRANSans_UltraLight.ttf
1\1_000136.png,1,۱,IRANSansMobile(FaNum).ttf
1\1_000137.png,1,۱,IRANSansMobile(FaNum)_Black.ttf
1\1_000138.png,1,۱,IRANSansMobile(FaNum)_Bold.ttf
1\1_000139.png,1,۱,IRANSansMobile(FaNum)_Light.ttf
1\1_000140.png,1,۱,arial.ttf
1\1_000141.png,1,۱,arialbd.ttf
1\1_000142.png,1,۱,BNazanin.ttf
1\1_000143.png,1,۱,BYekan.ttf
1\1_000144.png,1,۱,IRANSans(FaNum).ttf
1\1_000145.png,1,۱,IRANSans(FaNum)_Black.ttf
1\1_000146.png,1,۱,IRANSans(FaNum)_Bold.ttf
1\1_000147.png,1,۱,IRANSans(FaNum)_Light.ttf
1\1_000148.png,1,۱,IRANSans(FaNum)_Medium.ttf
1\1_000149.png,1,۱,IRANSans(FaNum)_UltraLight.ttf
1\1_000150.png,1,۱,IRANSans.ttf
1\1_000151.png,1,۱,IRANSans_Black.ttf
1\1_000152.png,1,۱,IRANSans_Bold.ttf
1\1_000153.png,1,۱,IRANSans_Light.ttf
1\1_000154.png,1,۱,IRANSans_Medium.ttf
1\1_000155.png,1,۱,IRANSans_UltraLight.ttf
1\1_000156.png,1,۱,IRANSansMobile(FaNum).ttf
1\1_000157.png,1,۱,IRANSansMobile(FaNum)_Black.ttf
1\1_000158.png,1,۱,IRANSansMobile(FaNum)_Bold.ttf
1\1_000159.png,1,۱,IRANSansMobile(FaNum)_Light.ttf
1\1_000160.png,1,۱,arial.ttf
1\1_000161.png,1,۱,arialbd.ttf
1\1_000162.png,1,۱,BNazanin.ttf
1\1_000163.png,1,۱,BYekan.ttf
1\1_000164.png,1,۱,IRANSans(FaNum).ttf
1\1_000165.png,1,۱,IRANSans(FaNum)_Black.ttf
1\1_000166.png,1,۱,IRANSans(FaNum)_Bold.ttf
1\1_000167.png,1,۱,IRANSans(FaNum)_Light.ttf
1\1_000168.png,1,۱,IRANSans(FaNum)_Medium.ttf
1\1_000169.png,1,۱,IRANSans(FaNum)_UltraLight.ttf
1\1_000170.png,1,۱,IRANSans.ttf
1\1_000171.png,1,۱,IRANSans_Black.ttf
1\1_000172.png,1,۱,IRANSans_Bold.ttf
1\1_000173.png,1,۱,IRANSans_Light.ttf
1\1_000174.png,1,۱,IRANSans_Medium.ttf
1\1_000175.png,1,۱,IRANSans_UltraLight.ttf
1\1_000176.png,1,۱,IRANSansMobile(FaNum).ttf
1\1_000177.png,1,۱,IRANSansMobile(FaNum)_Black.ttf
1\1_000178.png,1,۱,IRANSansMobile(FaNum)_Bold.ttf
1\1_000179.png,1,۱,IRANSansMobile(FaNum)_Light.ttf
1\1_000180.png,1,۱,arial.ttf
1\1_000181.png,1,۱,arialbd.ttf
1\1_000182.png,1,۱,BNazanin.ttf
1\1_000183.png,1,۱,BYekan.ttf
1\1_000184.png,1,۱,IRANSans(FaNum).ttf
1\1_000185.png,1,۱,IRANSans(FaNum)_Black.ttf
1\1_000186.png,1,۱,IRANSans(FaNum)_Bold.ttf
1\1_000187.png,1,۱,IRANSans(FaNum)_Light.ttf
1\1_000188.png,1,۱,IRANSans(FaNum)_Medium.ttf
1\1_000189.png,1,۱,IRANSans(FaNum)_UltraLight.ttf
1\1_000190.png,1,۱,IRANSans.ttf
1\1_000191.png,1,۱,IRANSans_Black.ttf
1\1_000192.png,1,۱,IRANSans_Bold.ttf
1\1_000193.png,1,۱,IRANSans_Light.ttf
1\1_000194.png,1,۱,IRANSans_Medium.ttf
1\1_000195.png,1,۱,IRANSans_UltraLight.ttf
1\1_000196.png,1,۱,IRANSansMobile(FaNum).ttf
1\1_000197.png,1,۱,IRANSansMobile(FaNum)_Black.ttf
1\1_000198.png,1,۱,IRANSansMobile(FaNum)_Bold.ttf
1\1_000199.png,1,۱,IRANSansMobile(FaNum)_Light.ttf
1\1_000200.png,1,۱,arial.ttf
1\1_000201.png,1,۱,arialbd.ttf
1\1_000202.png,1,۱,BNazanin.ttf
1\1_000203.png,1,۱,BYekan.ttf
1\1_000204.png,1,۱,IRANSans(FaNum).ttf
1\1_000205.png,1,۱,IRANSans(FaNum)_Black.ttf
1\1_000206.png,1,۱,IRANSans(FaNum)_Bold.ttf
1\1_000207.png,1,۱,IRANSans(FaNum)_Light.ttf
1\1_000208.png,1,۱,IRANSans(FaNum)_Medium.ttf
1\1_000209.png,1,۱,IRANSans(FaNum)_UltraLight.ttf
1\1_000210.png,1,۱,IRANSans.ttf
1\1_000211.png,1,۱,IRANSans_Black.ttf
1\1_000212.png,1,۱,IRANSans_Bold.ttf
1\1_000213.png,1,۱,IRANSans_Light.ttf
1\1_000214.png,1,۱,IRANSans_Medium.ttf
1\1_000215.png,1,۱,IRANSans_UltraLight.ttf
1\1_000216.png,1,۱,IRANSansMobile(FaNum).ttf
1\1_000217.png,1,۱,IRANSansMobile(FaNum)_Black.ttf
1\1_000218.png,1,۱,IRANSansMobile(FaNum)_Bold.ttf
1\1_000219.png,1,۱,IRANSansMobile(FaNum)_Light.ttf
1\1_000220.png,1,۱,arial.ttf
1\1_000221.png,1,۱,arialbd.ttf
1\1_000222.png,1,۱,BNazanin.ttf
1\1_000223.png,1,۱,BYekan.ttf
1\1_000224.png,1,۱,IRANSans(FaNum).ttf
1\1_000225.png,1,۱,IRANSans(FaNum)_Black.ttf
1\1_000226.png,1,۱,IRANSans(FaNum)_Bold.ttf
1\1_000227.png,1,۱,IRANSans(FaNum)_Light.ttf
1\1_000228.png,1,۱,IRANSans(FaNum)_Medium.ttf
1\1_000229.png,1,۱,IRANSans(FaNum)_UltraLight.ttf
1\1_000230.png,1,۱,IRANSans.ttf
1\1_000231.png,1,۱,IRANSans_Black.ttf
1\1_000232.png,1,۱,IRANSans_Bold.ttf
1\1_000233.png,1,۱,IRANSans_Light.ttf
1\1_000234.png,1,۱,IRANSans_Medium.ttf
1\1_000235.png,1,۱,IRANSans_UltraLight.ttf
1\1_000236.png,1,۱,IRANSansMobile(FaNum).ttf
1\1_000237.png,1,۱,IRANSansMobile(FaNum)_Black.ttf
1\1_000238.png,1,۱,IRANSansMobile(FaNum)_Bold.ttf
1\1_000239.png,1,۱,IRANSansMobile(FaNum)_Light.ttf
1\1_000240.png,1,۱,arial.ttf
1\1_000241.png,1,۱,arialbd.ttf
1\1_000242.png,1,۱,BNazanin.ttf
1\1_000243.png,1,۱,BYekan.ttf
1\1_000244.png,1,۱,IRANSans(FaNum).ttf
1\1_000245.png,1,۱,IRANSans(FaNum)_Black.ttf
1\1_000246.png,1,۱,IRANSans(FaNum)_Bold.ttf
1\1_000247.png,1,۱,IRANSans(FaNum)_Light.ttf
1\1_000248.png,1,۱,IRANSans(FaNum)_Medium.ttf
1\1_000249.png,1,۱,IRANSans(FaNum)_UltraLight.ttf
1\1_000250.png,1,۱,IRANSans.ttf
1\1_000251.png,1,۱,IRANSans_Black.ttf
1\1_000252.png,1,۱,IRANSans_Bold.ttf
1\1_000253.png,1,۱,IRANSans_Light.ttf
1\1_000254.png,1,۱,IRANSans_Medium.ttf
1\1_000255.png,1,۱,IRANSans_UltraLight.ttf
1\1_000256.png,1,۱,IRANSansMobile(FaNum).ttf
1\1_000257.png,1,۱,IRANSansMobile(FaNum)_Black.ttf
1\1_000258.png,1,۱,IRANSansMobile(FaNum)_Bold.ttf
1\1_000259.png,1,۱,IRANSansMobile(FaNum)_Light.ttf
1\1_000260.png,1,۱,arial.ttf
1\1_000261.png,1,۱,arialbd.ttf
1\1_000262.png,1,۱,BNazanin.ttf
1\1_000263.png,1,۱,BYekan.ttf
1\1_000264.png,1,۱,IRANSans(FaNum).ttf
1\1_000265.png,1,۱,IRANSans(FaNum)_Black.ttf
1\1_000266.png,1,۱,IRANSans(FaNum)_Bold.ttf
1\1_000267.png,1,۱,IRANSans(FaNum)_Light.ttf
1\1_000268.png,1,۱,IRANSans(FaNum)_Medium.ttf
1\1_000269.png,1,۱,IRANSans(FaNum)_UltraLight.ttf
1\1_000270.png,1,۱,IRANSans.ttf
1\1_000271.png,1,۱,IRANSans_Black.ttf
1\1_000272.png,1,۱,IRANSans_Bold.ttf
1\1_000273.png,1,۱,IRANSans_Light.ttf
1\1_000274.png,1,۱,IRANSans_Medium.ttf
1\1_000275.png,1,۱,IRANSans_UltraLight.ttf
1\1_000276.png,1,۱,IRANSansMobile(FaNum).ttf
1\1_000277.png,1,۱,IRANSansMobile(FaNum)_Black.ttf
1\1_000278.png,1,۱,IRANSansMobile(FaNum)_Bold.ttf
1\1_000279.png,1,۱,IRANSansMobile(FaNum)_Light.ttf
1\1_000280.png,1,۱,arial.ttf
1\1_000281.png,1,۱,arialbd.ttf
1\1_000282.png,1,۱,BNazanin.ttf
1\1_000283.png,1,۱,BYekan.ttf
1\1_000284.png,1,۱,IRANSans(FaNum).ttf
1\1_000285.png,1,۱,IRANSans(FaNum)_Black.ttf
1\1_000286.png,1,۱,IRANSans(FaNum)_Bold.ttf
1\1_000287.png,1,۱,IRANSans(FaNum)_Light.ttf
1\1_000288.png,1,۱,IRANSans(FaNum)_Medium.ttf
1\1_000289.png,1,۱,IRANSans(FaNum)_UltraLight.ttf
1\1_000290.png,1,۱,IRANSans.ttf
1\1_000291.png,1,۱,IRANSans_Black.ttf
1\1_000292.png,1,۱,IRANSans_Bold.ttf
1\1_000293.png,1,۱,IRANSans_Light.ttf
1\1_000294.png,1,۱,IRANSans_Medium.ttf
1\1_000295.png,1,۱,IRANSans_UltraLight.ttf
1\1_000296.png,1,۱,IRANSansMobile(FaNum).ttf
1\1_000297.png,1,۱,IRANSansMobile(FaNum)_Black.ttf
1\1_000298.png,1,۱,IRANSansMobile(FaNum)_Bold.ttf
1\1_000299.png,1,۱,IRANSansMobile(FaNum)_Light.ttf
1\1_000300.png,1,۱,arial.ttf
1\1_000301.png,1,۱,arialbd.ttf
1\1_000302.png,1,۱,BNazanin.ttf
1\1_000303.png,1,۱,BYekan.ttf
1\1_000304.png,1,۱,IRANSans(FaNum).ttf
1\1_000305.png,1,۱,IRANSans(FaNum)_Black.ttf
1\1_000306.png,1,۱,IRANSans(FaNum)_Bold.ttf
1\1_000307.png,1,۱,IRANSans(FaNum)_Light.ttf
1\1_000308.png,1,۱,IRANSans(FaNum)_Medium.ttf
1\1_000309.png,1,۱,IRANSans(FaNum)_UltraLight.ttf
1\1_000310.png,1,۱,IRANSans.ttf
1\1_000311.png,1,۱,IRANSans_Black.ttf
1\1_000312.png,1,۱,IRANSans_Bold.ttf
1\1_000313.png,1,۱,IRANSans_Light.ttf
1\1_000314.png,1,۱,IRANSans_Medium.ttf
1\1_000315.png,1,۱,IRANSans_UltraLight.ttf
1\1_000316.png,1,۱,IRANSansMobile(FaNum).ttf
1\1_000317.png,1,۱,IRANSansMobile(FaNum)_Black.ttf
1\1_000318.png,1,۱,IRANSansMobile(FaNum)_Bold.ttf
1\1_000319.png,1,۱,IRANSansMobile(FaNum)_Light.ttf
1\1_000320.png,1,۱,arial.ttf
1\1_000321.png,1,۱,arialbd.ttf
1\1_000322.png,1,۱,BNazanin.ttf
1\1_000323.png,1,۱,BYekan.ttf
1\1_000324.png,1,۱,IRANSans(FaNum).ttf
1\1_000325.png,1,۱,IRANSans(FaNum)_Black.ttf
1\1_000326.png,1,۱,IRANSans(FaNum)_Bold.ttf
1\1_000327.png,1,۱,IRANSans(FaNum)_Light.ttf
1\1_000328.png,1,۱,IRANSans(FaNum)_Medium.ttf
1\1_000329.png,1,۱,IRANSans(FaNum)_UltraLight.ttf
1\1_000330.png,1,۱,IRANSans.ttf
1\1_000331.png,1,۱,IRANSans_Black.ttf
1\1_000332.png,1,۱,IRANSans_Bold.ttf
1\1_000333.png,1,۱,IRANSans_Light.ttf
1\1_000334.png,1,۱,IRANSans_Medium.ttf
1\1_000335.png,1,۱,IRANSans_UltraLight.ttf
1\1_000336.png,1,۱,IRANSansMobile(FaNum).ttf
1\1_000337.png,1,۱,IRANSansMobile(FaNum)_Black.ttf
1\1_000338.png,1,۱,IRANSansMobile(FaNum)_Bold.ttf
1\1_000339.png,1,۱,IRANSansMobile(FaNum)_Light.ttf
1\1_000340.png,1,۱,arial.ttf
1\1_000341.png,1,۱,arialbd.ttf
1\1_000342.png,1,۱,BNazanin.ttf
1\1_000343.png,1,۱,BYekan.ttf
1\1_000344.png,1,۱,IRANSans(FaNum).ttf
1\1_000345.png,1,۱,IRANSans(FaNum)_Black.ttf
1\1_000346.png,1,۱,IRANSans(FaNum)_Bold.ttf
1\1_000347.png,1,۱,IRANSans(FaNum)_Light.ttf
1\1_000348.png,1,۱,IRANSans(FaNum)_Medium.ttf
1\1_000349.png,1,۱,IRANSans(FaNum)_UltraLight.ttf
1\1_000350.png,1,۱,IRANSans.ttf
1\1_000351.png,1,۱,IRANSans_Black.ttf
1\1_000352.png,1,۱,IRANSans_Bold.ttf
1\1_000353.png,1,۱,IRANSans_Light.ttf
1\1_000354.png,1,۱,IRANSans_Medium.ttf
1\1_000355.png,1,۱,IRANSans_UltraLight.ttf
1\1_000356.png,1,۱,IRANSansMobile(FaNum).ttf
1\1_000357.png,1,۱,IRANSansMobile(FaNum)_Black.ttf
1\1_000358.png,1,۱,IRANSansMobile(FaNum)_Bold.ttf
1\1_000359.png,1,۱,IRANSansMobile(FaNum)_Light.ttf
1\1_000360.png,1,۱,arial.ttf
1\1_000361.png,1,۱,arialbd.ttf
1\1_000362.png,1,۱,BNazanin.ttf
1\1_000363.png,1,۱,BYekan.ttf
1\1_000364.png,1,۱,IRANSans(FaNum).ttf
1\1_000365.png,1,۱,IRANSans(FaNum)_Black.ttf
1\1_000366.png,1,۱,IRANSans(FaNum)_Bold.ttf
1\1_000367.png,1,۱,IRANSans(FaNum)_Light.ttf
1\1_000368.png,1,۱,IRANSans(FaNum)_Medium.ttf
1\1_000369.png,1,۱,IRANSans(FaNum)_UltraLight.ttf
1\1_000370.png,1,۱,IRANSans.ttf
1\1_000371.png,1,۱,IRANSans_Black.ttf
1\1_000372.png,1,۱,IRANSans_Bold.ttf
1\1_000373.png,1,۱,IRANSans_Light.ttf
1\1_000374.png,1,۱,IRANSans_Medium.ttf
1\1_000375.png,1,۱,IRANSans_UltraLight.ttf
1\1_000376.png,1,۱,IRANSansMobile(FaNum).ttf
1\1_000377.png,1,۱,IRANSansMobile(FaNum)_Black.ttf
1\1_000378.png,1,۱,IRANSansMobile(FaNum)_Bold.ttf
1\1_000379.png,1,۱,IRANSansMobile(FaNum)_Light.ttf
1\1_000380.png,1,۱,arial.ttf
1\1_000381.png,1,۱,arialbd.ttf
1\1_000382.png,1,۱,BNazanin.ttf
1\1_000383.png,1,۱,BYekan.ttf
1\1_000384.png,1,۱,IRANSans(FaNum).ttf
1\1_000385.png,1,۱,IRANSans(FaNum)_Black.ttf
1\1_000386.png,1,۱,IRANSans(FaNum)_Bold.ttf
1\1_000387.png,1,۱,IRANSans(FaNum)_Light.ttf
1\1_000388.png,1,۱,IRANSans(FaNum)_Medium.ttf
1\1_000389.png,1,۱,IRANSans(FaNum)_UltraLight.ttf
1\1_000390.png,1,۱,IRANSans.ttf
1\1_000391.png,1,۱,IRANSans_Black.ttf
1\1_000392.png,1,۱,IRANSans_Bold.ttf
1\1_000393.png,1,۱,IRANSans_Light.ttf
1\1_000394.png,1,۱,IRANSans_Medium.ttf
1\1_000395.png,1,۱,IRANSans_UltraLight.ttf
1\1_000396.png,1,۱,IRANSansMobile(FaNum).ttf
1\1_000397.png,1,۱,IRANSansMobile(FaNum)_Black.ttf
1\1_000398.png,1,۱,IRANSansMobile(FaNum)_Bold.ttf
1\1_000399.png,1,۱,IRANSansMobile(FaNum)_Light.ttf
1\1_000400.png,1,۱,arial.ttf
1\1_000401.png,1,۱,arialbd.ttf
1\1_000402.png,1,۱,BNazanin.ttf
1\1_000403.png,1,۱,BYekan.ttf
1\1_000404.png,1,۱,IRANSans(FaNum).ttf
1\1_000405.png,1,۱,IRANSans(FaNum)_Black.ttf
1\1_000406.png,1,۱,IRANSans(FaNum)_Bold.ttf
1\1_000407.png,1,۱,IRANSans(FaNum)_Light.ttf
1\1_000408.png,1,۱,IRANSans(FaNum)_Medium.ttf
1\1_000409.png,1,۱,IRANSans(FaNum)_UltraLight.ttf
1\1_000410.png,1,۱,IRANSans.ttf
1\1_000411.png,1,۱,IRANSans_Black.ttf
1\1_000412.png,1,۱,IRANSans_Bold.ttf
1\1_000413.png,1,۱,IRANSans_Light.ttf
1\1_000414.png,1,۱,IRANSans_Medium.ttf
1\1_000415.png,1,۱,IRANSans_UltraLight.ttf
1\1_000416.png,1,۱,IRANSansMobile(FaNum).ttf
1\1_000417.png,1,۱,IRANSansMobile(FaNum)_Black.ttf
1\1_000418.png,1,۱,IRANSansMobile(FaNum)_Bold.ttf
1\1_000419.png,1,۱,IRANSansMobile(FaNum)_Light.ttf
1\1_000420.png,1,۱,arial.ttf
1\1_000421.png,1,۱,arialbd.ttf
1\1_000422.png,1,۱,BNazanin.ttf
1\1_000423.png,1,۱,BYekan.ttf
1\1_000424.png,1,۱,IRANSans(FaNum).ttf
1\1_000425.png,1,۱,IRANSans(FaNum)_Black.ttf
1\1_000426.png,1,۱,IRANSans(FaNum)_Bold.ttf
1\1_000427.png,1,۱,IRANSans(FaNum)_Light.ttf
1\1_000428.png,1,۱,IRANSans(FaNum)_Medium.ttf
1\1_000429.png,1,۱,IRANSans(FaNum)_UltraLight.ttf
1\1_000430.png,1,۱,IRANSans.ttf
1\1_000431.png,1,۱,IRANSans_Black.ttf
1\1_000432.png,1,۱,IRANSans_Bold.ttf
1\1_000433.png,1,۱,IRANSans_Light.ttf
1\1_000434.png,1,۱,IRANSans_Medium.ttf
1\1_000435.png,1,۱,IRANSans_UltraLight.ttf
1\1_000436.png,1,۱,IRANSansMobile(FaNum).ttf
1\1_000437.png,1,۱,IRANSansMobile(FaNum)_Black.ttf
1\1_000438.png,1,۱,IRANSansMobile(FaNum)_Bold.ttf
1\1_000439.png,1,۱,IRANSansMobile(FaNum)_Light.ttf
1\1_000440.png,1,۱,arial.ttf
1\1_000441.png,1,۱,arialbd.ttf
1\1_000442.png,1,۱,BNazanin.ttf
1\1_000443.png,1,۱,BYekan.ttf
1\1_000444.png,1,۱,IRANSans(FaNum).ttf
1\1_000445.png,1,۱,IRANSans(FaNum)_Black.ttf
1\1_000446.png,1,۱,IRANSans(FaNum)_Bold.ttf
1\1_000447.png,1,۱,IRANSans(FaNum)_Light.ttf
1\1_000448.png,1,۱,IRANSans(FaNum)_Medium.ttf
1\1_000449.png,1,۱,IRANSans(FaNum)_UltraLight.ttf
1\1_000450.png,1,۱,IRANSans.ttf
1\1_000451.png,1,۱,IRANSans_Black.ttf
1\1_000452.png,1,۱,IRANSans_Bold.ttf
1\1_000453.png,1,۱,IRANSans_Light.ttf
1\1_000454.png,1,۱,IRANSans_Medium.ttf
1\1_000455.png,1,۱,IRANSans_UltraLight.ttf
1\1_000456.png,1,۱,IRANSansMobile(FaNum).ttf
1\1_000457.png,1,۱,IRANSansMobile(FaNum)_Black.ttf
1\1_000458.png,1,۱,IRANSansMobile(FaNum)_Bold.ttf
1\1_000459.png,1,۱,IRANSansMobile(FaNum)_Light.ttf
1\1_000460.png,1,۱,arial.ttf
1\1_000461.png,1,۱,arialbd.ttf
1\1_000462.png,1,۱,BNazanin.ttf
1\1_000463.png,1,۱,BYekan.ttf
1\1_000464.png,1,۱,IRANSans(FaNum).ttf
1\1_000465.png,1,۱,IRANSans(FaNum)_Black.ttf
1\1_000466.png,1,۱,IRANSans(FaNum)_Bold.ttf
1\1_000467.png,1,۱,IRANSans(FaNum)_Light.ttf
1\1_000468.png,1,۱,IRANSans(FaNum)_Medium.ttf
1\1_000469.png,1,۱,IRANSans(FaNum)_UltraLight.ttf
1\1_000470.png,1,۱,IRANSans.ttf
1\1_000471.png,1,۱,IRANSans_Black.ttf
1\1_000472.png,1,۱,IRANSans_Bold.ttf
1\1_000473.png,1,۱,IRANSans_Light.ttf
1\1_000474.png,1,۱,IRANSans_Medium.ttf
1\1_000475.png,1,۱,IRANSans_UltraLight.ttf
1\1_000476.png,1,۱,IRANSansMobile(FaNum).ttf
1\1_000477.png,1,۱,IRANSansMobile(FaNum)_Black.ttf
1\1_000478.png,1,۱,IRANSansMobile(FaNum)_Bold.ttf
1\1_000479.png,1,۱,IRANSansMobile(FaNum)_Light.ttf
1\1_000480.png,1,۱,arial.ttf
1\1_000481.png,1,۱,arialbd.ttf
1\1_000482.png,1,۱,BNazanin.ttf
1\1_000483.png,1,۱,BYekan.ttf
1\1_000484.png,1,۱,IRANSans(FaNum).ttf
1\1_000485.png,1,۱,IRANSans(FaNum)_Black.ttf
1\1_000486.png,1,۱,IRANSans(FaNum)_Bold.ttf
1\1_000487.png,1,۱,IRANSans(FaNum)_Light.ttf
1\1_000488.png,1,۱,IRANSans(FaNum)_Medium.ttf
1\1_000489.png,1,۱,IRANSans(FaNum)_UltraLight.ttf
1\1_000490.png,1,۱,IRANSans.ttf
1\1_000491.png,1,۱,IRANSans_Black.ttf
1\1_000492.png,1,۱,IRANSans_Bold.ttf
1\1_000493.png,1,۱,IRANSans_Light.ttf
1\1_000494.png,1,۱,IRANSans_Medium.ttf
1\1_000495.png,1,۱,IRANSans_UltraLight.ttf
1\1_000496.png,1,۱,IRANSansMobile(FaNum).ttf
1\1_000497.png,1,۱,IRANSansMobile(FaNum)_Black.ttf
1\1_000498.png,1,۱,IRANSansMobile(FaNum)_Bold.ttf
1\1_000499.png,1,۱,IRANSansMobile(FaNum)_Light.ttf
1\1_000500.png,1,۱,arial.ttf
1\1_000501.png,1,۱,arialbd.ttf
1\1_000502.png,1,۱,BNazanin.ttf
1\1_000503.png,1,۱,BYekan.ttf
1\1_000504.png,1,۱,IRANSans(FaNum).ttf
1\1_000505.png,1,۱,IRANSans(FaNum)_Black.ttf
1\1_000506.png,1,۱,IRANSans(FaNum)_Bold.ttf
1\1_000507.png,1,۱,IRANSans(FaNum)_Light.ttf
1\1_000508.png,1,۱,IRANSans(FaNum)_Medium.ttf
1\1_000509.png,1,۱,IRANSans(FaNum)_UltraLight.ttf
1\1_000510.png,1,۱,IRANSans.ttf
1\1_000511.png,1,۱,IRANSans_Black.ttf
1\1_000512.png,1,۱,IRANSans_Bold.ttf
1\1_000513.png,1,۱,IRANSans_Light.ttf
1\1_000514.png,1,۱,IRANSans_Medium.ttf
1\1_000515.png,1,۱,IRANSans_UltraLight.ttf
1\1_000516.png,1,۱,IRANSansMobile(FaNum).ttf
1\1_000517.png,1,۱,IRANSansMobile(FaNum)_Black.ttf
1\1_000518.png,1,۱,IRANSansMobile(FaNum)_Bold.ttf
1\1_000519.png,1,۱,IRANSansMobile(FaNum)_Light.ttf
1\1_000520.png,1,۱,arial.ttf
1\1_000521.png,1,۱,arialbd.ttf
1\1_000522.png,1,۱,BNazanin.ttf
1\1_000523.png,1,۱,BYekan.ttf
1\1_000524.png,1,۱,IRANSans(FaNum).ttf
1\1_000525.png,1,۱,IRANSans(FaNum)_Black.ttf
1\1_000526.png,1,۱,IRANSans(FaNum)_Bold.ttf
1\1_000527.png,1,۱,IRANSans(FaNum)_Light.ttf
1\1_000528.png,1,۱,IRANSans(FaNum)_Medium.ttf
1\1_000529.png,1,۱,IRANSans(FaNum)_UltraLight.ttf
1\1_000530.png,1,۱,IRANSans.ttf
1\1_000531.png,1,۱,IRANSans_Black.ttf
1\1_000532.png,1,۱,IRANSans_Bold.ttf
1\1_000533.png,1,۱,IRANSans_Light.ttf
1\1_000534.png,1,۱,IRANSans_Medium.ttf
1\1_000535.png,1,۱,IRANSans_UltraLight.ttf
1\1_000536.png,1,۱,IRANSansMobile(FaNum).ttf
1\1_000537.png,1,۱,IRANSansMobile(FaNum)_Black.ttf
1\1_000538.png,1,۱,IRANSansMobile(FaNum)_Bold.ttf
1\1_000539.png,1,۱,IRANSansMobile(FaNum)_Light.ttf
1\1_000540.png,1,۱,arial.ttf
1\1_000541.png,1,۱,arialbd.ttf
1\1_000542.png,1,۱,BNazanin.ttf
1\1_000543.png,1,۱,BYekan.ttf
1\1_000544.png,1,۱,IRANSans(FaNum).ttf
1\1_000545.png,1,۱,IRANSans(FaNum)_Black.ttf
1\1_000546.png,1,۱,IRANSans(FaNum)_Bold.ttf
1\1_000547.png,1,۱,IRANSans(FaNum)_Light.ttf
1\1_000548.png,1,۱,IRANSans(FaNum)_Medium.ttf
1\1_000549.png,1,۱,IRANSans(FaNum)_UltraLight.ttf
1\1_000550.png,1,۱,IRANSans.ttf
1\1_000551.png,1,۱,IRANSans_Black.ttf
1\1_000552.png,1,۱,IRANSans_Bold.ttf
1\1_000553.png,1,۱,IRANSans_Light.ttf
1\1_000554.png,1,۱,IRANSans_Medium.ttf
1\1_000555.png,1,۱,IRANSans_UltraLight.ttf
1\1_000556.png,1,۱,IRANSansMobile(FaNum).ttf
1\1_000557.png,1,۱,IRANSansMobile(FaNum)_Black.ttf
1\1_000558.png,1,۱,IRANSansMobile(FaNum)_Bold.ttf
1\1_000559.png,1,۱,IRANSansMobile(FaNum)_Light.ttf
1\1_000560.png,1,۱,arial.ttf
1\1_000561.png,1,۱,arialbd.ttf
1\1_000562.png,1,۱,BNazanin.ttf
1\1_000563.png,1,۱,BYekan.ttf
1\1_000564.png,1,۱,IRANSans(FaNum).ttf
1\1_000565.png,1,۱,IRANSans(FaNum)_Black.ttf
1\1_000566.png,1,۱,IRANSans(FaNum)_Bold.ttf
1\1_000567.png,1,۱,IRANSans(FaNum)_Light.ttf
1\1_000568.png,1,۱,IRANSans(FaNum)_Medium.ttf
1\1_000569.png,1,۱,IRANSans(FaNum)_UltraLight.ttf
1\1_000570.png,1,۱,IRANSans.ttf
1\1_000571.png,1,۱,IRANSans_Black.ttf
1\1_000572.png,1,۱,IRANSans_Bold.ttf
1\1_000573.png,1,۱,IRANSans_Light.ttf
1\1_000574.png,1,۱,IRANSans_Medium.ttf
1\1_000575.png,1,۱,IRANSans_UltraLight.ttf
1\1_000576.png,1,۱,IRANSansMobile(FaNum).ttf
1\1_000577.png,1,۱,IRANSansMobile(FaNum)_Black.ttf
1\1_000578.png,1,۱,IRANSansMobile(FaNum)_Bold.ttf
1\1_000579.png,1,۱,IRANSansMobile(FaNum)_Light.ttf
1\1_000580.png,1,۱,arial.ttf
1\1_000581.png,1,۱,arialbd.ttf
1\1_000582.png,1,۱,BNazanin.ttf
1\1_000583.png,1,۱,BYekan.ttf
1\1_000584.png,1,۱,IRANSans(FaNum).ttf
1\1_000585.png,1,۱,IRANSans(FaNum)_Black.ttf
1\1_000586.png,1,۱,IRANSans(FaNum)_Bold.ttf
1\1_000587.png,1,۱,IRANSans(FaNum)_Light.ttf
1\1_000588.png,1,۱,IRANSans(FaNum)_Medium.ttf
1\1_000589.png,1,۱,IRANSans(FaNum)_UltraLight.ttf
1\1_000590.png,1,۱,IRANSans.ttf
1\1_000591.png,1,۱,IRANSans_Black.ttf
1\1_000592.png,1,۱,IRANSans_Bold.ttf
1\1_000593.png,1,۱,IRANSans_Light.ttf
1\1_000594.png,1,۱,IRANSans_Medium.ttf
1\1_000595.png,1,۱,IRANSans_UltraLight.ttf
1\1_000596.png,1,۱,IRANSansMobile(FaNum).ttf
1\1_000597.png,1,۱,IRANSansMobile(FaNum)_Black.ttf
1\1_000598.png,1,۱,IRANSansMobile(FaNum)_Bold.ttf
1\1_000599.png,1,۱,IRANSansMobile(FaNum)_Light.ttf
1\1_000600.png,1,۱,arial.ttf
1\1_000601.png,1,۱,arialbd.ttf
1\1_000602.png,1,۱,BNazanin.ttf
1\1_000603.png,1,۱,BYekan.ttf
1\1_000604.png,1,۱,IRANSans(FaNum).ttf
1\1_000605.png,1,۱,IRANSans(FaNum)_Black.ttf
1\1_000606.png,1,۱,IRANSans(FaNum)_Bold.ttf
1\1_000607.png,1,۱,IRANSans(FaNum)_Light.ttf
1\1_000608.png,1,۱,IRANSans(FaNum)_Medium.ttf
1\1_000609.png,1,۱,IRANSans(FaNum)_UltraLight.ttf
1\1_000610.png,1,۱,IRANSans.ttf
1\1_000611.png,1,۱,IRANSans_Black.ttf
1\1_000612.png,1,۱,IRANSans_Bold.ttf
1\1_000613.png,1,۱,IRANSans_Light.ttf
1\1_000614.png,1,۱,IRANSans_Medium.ttf
1\1_000615.png,1,۱,IRANSans_UltraLight.ttf
1\1_000616.png,1,۱,IRANSansMobile(FaNum).ttf
1\1_000617.png,1,۱,IRANSansMobile(FaNum)_Black.ttf
1\1_000618.png,1,۱,IRANSansMobile(FaNum)_Bold.ttf
1\1_000619.png,1,۱,IRANSansMobile(FaNum)_Light.ttf
1\1_000620.png,1,۱,arial.ttf
1\1_000621.png,1,۱,arialbd.ttf
1\1_000622.png,1,۱,BNazanin.ttf
1\1_000623.png,1,۱,BYekan.ttf
1\1_000624.png,1,۱,IRANSans(FaNum).ttf
1\1_000625.png,1,۱,IRANSans(FaNum)_Black.ttf
1\1_000626.png,1,۱,IRANSans(FaNum)_Bold.ttf
1\1_000627.png,1,۱,IRANSans(FaNum)_Light.ttf
1\1_000628.png,1,۱,IRANSans(FaNum)_Medium.ttf
1\1_000629.png,1,۱,IRANSans(FaNum)_UltraLight.ttf
1\1_000630.png,1,۱,IRANSans.ttf
1\1_000631.png,1,۱,IRANSans_Black.ttf
1\1_000632.png,1,۱,IRANSans_Bold.ttf
1\1_000633.png,1,۱,IRANSans_Light.ttf
1\1_000634.png,1,۱,IRANSans_Medium.ttf
1\1_000635.png,1,۱,IRANSans_UltraLight.ttf
1\1_000636.png,1,۱,IRANSansMobile(FaNum).ttf
1\1_000637.png,1,۱,IRANSansMobile(FaNum)_Black.ttf
1\1_000638.png,1,۱,IRANSansMobile(FaNum)_Bold.ttf
1\1_000639.png,1,۱,IRANSansMobile(FaNum)_Light.ttf
1\1_000640.png,1,۱,arial.ttf
1\1_000641.png,1,۱,arialbd.ttf
1\1_000642.png,1,۱,BNazanin.ttf
1\1_000643.png,1,۱,BYekan.ttf
1\1_000644.png,1,۱,IRANSans(FaNum).ttf
1\1_000645.png,1,۱,IRANSans(FaNum)_Black.ttf
1\1_000646.png,1,۱,IRANSans(FaNum)_Bold.ttf
1\1_000647.png,1,۱,IRANSans(FaNum)_Light.ttf
1\1_000648.png,1,۱,IRANSans(FaNum)_Medium.ttf
1\1_000649.png,1,۱,IRANSans(FaNum)_UltraLight.ttf
1\1_000650.png,1,۱,IRANSans.ttf
1\1_000651.png,1,۱,IRANSans_Black.ttf
1\1_000652.png,1,۱,IRANSans_Bold.ttf
1\1_000653.png,1,۱,IRANSans_Light.ttf
1\1_000654.png,1,۱,IRANSans_Medium.ttf
1\1_000655.png,1,۱,IRANSans_UltraLight.ttf
1\1_000656.png,1,۱,IRANSansMobile(FaNum).ttf
1\1_000657.png,1,۱,IRANSansMobile(FaNum)_Black.ttf
1\1_000658.png,1,۱,IRANSansMobile(FaNum)_Bold.ttf
1\1_000659.png,1,۱,IRANSansMobile(FaNum)_Light.ttf
1\1_000660.png,1,۱,arial.ttf
1\1_000661.png,1,۱,arialbd.ttf
1\1_000662.png,1,۱,BNazanin.ttf
1\1_000663.png,1,۱,BYekan.ttf
1\1_000664.png,1,۱,IRANSans(FaNum).ttf
1\1_000665.png,1,۱,IRANSans(FaNum)_Black.ttf
1\1_000666.png,1,۱,IRANSans(FaNum)_Bold.ttf
1\1_000667.png,1,۱,IRANSans(FaNum)_Light.ttf
1\1_000668.png,1,۱,IRANSans(FaNum)_Medium.ttf
1\1_000669.png,1,۱,IRANSans(FaNum)_UltraLight.ttf
1\1_000670.png,1,۱,IRANSans.ttf
1\1_000671.png,1,۱,IRANSans_Black.ttf
1\1_000672.png,1,۱,IRANSans_Bold.ttf
1\1_000673.png,1,۱,IRANSans_Light.ttf
1\1_000674.png,1,۱,IRANSans_Medium.ttf
1\1_000675.png,1,۱,IRANSans_UltraLight.ttf
1\1_000676.png,1,۱,IRANSansMobile(FaNum).ttf
1\1_000677.png,1,۱,IRANSansMobile(FaNum)_Black.ttf
1\1_000678.png,1,۱,IRANSansMobile(FaNum)_Bold.ttf
1\1_000679.png,1,۱,IRANSansMobile(FaNum)_Light.ttf
1\1_000680.png,1,۱,arial.ttf
1\1_000681.png,1,۱,arialbd.ttf
1\1_000682.png,1,۱,BNazanin.ttf
1\1_000683.png,1,۱,BYekan.ttf
1\1_000684.png,1,۱,IRANSans(FaNum).ttf
1\1_000685.png,1,۱,IRANSans(FaNum)_Black.ttf
1\1_000686.png,1,۱,IRANSans(FaNum)_Bold.ttf
1\1_000687.png,1,۱,IRANSans(FaNum)_Light.ttf
1\1_000688.png,1,۱,IRANSans(FaNum)_Medium.ttf
1\1_000689.png,1,۱,IRANSans(FaNum)_UltraLight.ttf
1\1_000690.png,1,۱,IRANSans.ttf
1\1_000691.png,1,۱,IRANSans_Black.ttf
1\1_000692.png,1,۱,IRANSans_Bold.ttf
1\1_000693.png,1,۱,IRANSans_Light.ttf
1\1_000694.png,1,۱,IRANSans_Medium.ttf
1\1_000695.png,1,۱,IRANSans_UltraLight.ttf
1\1_000696.png,1,۱,IRANSansMobile(FaNum).ttf
1\1_000697.png,1,۱,IRANSansMobile(FaNum)_Black.ttf
1\1_000698.png,1,۱,IRANSansMobile(FaNum)_Bold.ttf
1\1_000699.png,1,۱,IRANSansMobile(FaNum)_Light.ttf
1\1_000700.png,1,۱,arial.ttf
1\1_000701.png,1,۱,arialbd.ttf
1\1_000702.png,1,۱,BNazanin.ttf
1\1_000703.png,1,۱,BYekan.ttf
1\1_000704.png,1,۱,IRANSans(FaNum).ttf
1\1_000705.png,1,۱,IRANSans(FaNum)_Black.ttf
1\1_000706.png,1,۱,IRANSans(FaNum)_Bold.ttf
1\1_000707.png,1,۱,IRANSans(FaNum)_Light.ttf
1\1_000708.png,1,۱,IRANSans(FaNum)_Medium.ttf
1\1_000709.png,1,۱,IRANSans(FaNum)_UltraLight.ttf
1\1_000710.png,1,۱,IRANSans.ttf
1\1_000711.png,1,۱,IRANSans_Black.ttf
1\1_000712.png,1,۱,IRANSans_Bold.ttf
1\1_000713.png,1,۱,IRANSans_Light.ttf
1\1_000714.png,1,۱,IRANSans_Medium.ttf
1\1_000715.png,1,۱,IRANSans_UltraLight.ttf
1\1_000716.png,1,۱,IRANSansMobile(FaNum).ttf
1\1_000717.png,1,۱,IRANSansMobile(FaNum)_Black.ttf
1\1_000718.png,1,۱,IRANSansMobile(FaNum)_Bold.ttf
1\1_000719.png,1,۱,IRANSansMobile(FaNum)_Light.ttf
1\1_000720.png,1,۱,arial.ttf
1\1_000721.png,1,۱,arialbd.ttf
1\1_000722.png,1,۱,BNazanin.ttf
1\1_000723.png,1,۱,BYekan.ttf
1\1_000724.png,1,۱,IRANSans(FaNum).ttf
1\1_000725.png,1,۱,IRANSans(FaNum)_Black.ttf
1\1_000726.png,1,۱,IRANSans(FaNum)_Bold.ttf
1\1_000727.png,1,۱,IRANSans(FaNum)_Light.ttf
1\1_000728.png,1,۱,IRANSans(FaNum)_Medium.ttf
1\1_000729.png,1,۱,IRANSans(FaNum)_UltraLight.ttf
1\1_000730.png,1,۱,IRANSans.ttf
1\1_000731.png,1,۱,IRANSans_Black.ttf
1\1_000732.png,1,۱,IRANSans_Bold.ttf
1\1_000733.png,1,۱,IRANSans_Light.ttf
1\1_000734.png,1,۱,IRANSans_Medium.ttf
1\1_000735.png,1,۱,IRANSans_UltraLight.ttf
1\1_000736.png,1,۱,IRANSansMobile(FaNum).ttf
1\1_000737.png,1,۱,IRANSansMobile(FaNum)_Black.ttf
1\1_000738.png,1,۱,IRANSansMobile(FaNum)_Bold.ttf
1\1_000739.png,1,۱,IRANSansMobile(FaNum)_Light.ttf
1\1_000740.png,1,۱,arial.ttf
1\1_000741.png,1,۱,arialbd.ttf
1\1_000742.png,1,۱,BNazanin.ttf
1\1_000743.png,1,۱,BYekan.ttf
1\1_000744.png,1,۱,IRANSans(FaNum).ttf
1\1_000745.png,1,۱,IRANSans(FaNum)_Black.ttf
1\1_000746.png,1,۱,IRANSans(FaNum)_Bold.ttf
1\1_000747.png,1,۱,IRANSans(FaNum)_Light.ttf
1\1_000748.png,1,۱,IRANSans(FaNum)_Medium.ttf
1\1_000749.png,1,۱,IRANSans(FaNum)_UltraLight.ttf
1\1_000750.png,1,۱,IRANSans.ttf
1\1_000751.png,1,۱,IRANSans_Black.ttf
1\1_000752.png,1,۱,IRANSans_Bold.ttf
1\1_000753.png,1,۱,IRANSans_Light.ttf
1\1_000754.png,1,۱,IRANSans_Medium.ttf
1\1_000755.png,1,۱,IRANSans_UltraLight.ttf
1\1_000756.png,1,۱,IRANSansMobile(FaNum).ttf
1\1_000757.png,1,۱,IRANSansMobile(FaNum)_Black.ttf
1\1_000758.png,1,۱,IRANSansMobile(FaNum)_Bold.ttf
1\1_000759.png,1,۱,IRANSansMobile(FaNum)_Light.ttf
1\1_000760.png,1,۱,arial.ttf
1\1_000761.png,1,۱,arialbd.ttf
1\1_000762.png,1,۱,BNazanin.ttf
1\1_000763.png,1,۱,BYekan.ttf
1\1_000764.png,1,۱,IRANSans(FaNum).ttf
1\1_000765.png,1,۱,IRANSans(FaNum)_Black.ttf
1\1_000766.png,1,۱,IRANSans(FaNum)_Bold.ttf
1\1_000767.png,1,۱,IRANSans(FaNum)_Light.ttf
1\1_000768.png,1,۱,IRANSans(FaNum)_Medium.ttf
1\1_000769.png,1,۱,IRANSans(FaNum)_UltraLight.ttf
1\1_000770.png,1,۱,IRANSans.ttf
1\1_000771.png,1,۱,IRANSans_Black.ttf
1\1_000772.png,1,۱,IRANSans_Bold.ttf
1\1_000773.png,1,۱,IRANSans_Light.ttf
1\1_000774.png,1,۱,IRANSans_Medium.ttf
1\1_000775.png,1,۱,IRANSans_UltraLight.ttf
1\1_000776.png,1,۱,IRANSansMobile(FaNum).ttf
1\1_000777.png,1,۱,IRANSansMobile(FaNum)_Black.ttf
1\1_000778.png,1,۱,IRANSansMobile(FaNum)_Bold.ttf
1\1_000779.png,1,۱,IRANSansMobile(FaNum)_Light.ttf
1\1_000780.png,1,۱,arial.ttf
1\1_000781.png,1,۱,arialbd.ttf
1\1_000782.png,1,۱,BNazanin.ttf
1\1_000783.png,1,۱,BYekan.ttf
1\1_000784.png,1,۱,IRANSans(FaNum).ttf
1\1_000785.png,1,۱,IRANSans(FaNum)_Black.ttf
1\1_000786.png,1,۱,IRANSans(FaNum)_Bold.ttf
1\1_000787.png,1,۱,IRANSans(FaNum)_Light.ttf
1\1_000788.png,1,۱,IRANSans(FaNum)_Medium.ttf
1\1_000789.png,1,۱,IRANSans(FaNum)_UltraLight.ttf
1\1_000790.png,1,۱,IRANSans.ttf
1\1_000791.png,1,۱,IRANSans_Black.ttf
1\1_000792.png,1,۱,IRANSans_Bold.ttf
1\1_000793.png,1,۱,IRANSans_Light.ttf
1\1_000794.png,1,۱,IRANSans_Medium.ttf
1\1_000795.png,1,۱,IRANSans_UltraLight.ttf
1\1_000796.png,1,۱,IRANSansMobile(FaNum).ttf
1\1_000797.png,1,۱,IRANSansMobile(FaNum)_Black.ttf
1\1_000798.png,1,۱,IRANSansMobile(FaNum)_Bold.ttf
1\1_000799.png,1,۱,IRANSansMobile(FaNum)_Light.ttf
1\1_000800.png,1,۱,arial.ttf
1\1_000801.png,1,۱,arialbd.ttf
1\1_000802.png,1,۱,BNazanin.ttf
1\1_000803.png,1,۱,BYekan.ttf
1\1_000804.png,1,۱,IRANSans(FaNum).ttf
1\1_000805.png,1,۱,IRANSans(FaNum)_Black.ttf
1\1_000806.png,1,۱,IRANSans(FaNum)_Bold.ttf
1\1_000807.png,1,۱,IRANSans(FaNum)_Light.ttf
1\1_000808.png,1,۱,IRANSans(FaNum)_Medium.ttf
1\1_000809.png,1,۱,IRANSans(FaNum)_UltraLight.ttf
1\1_000810.png,1,۱,IRANSans.ttf
1\1_000811.png,1,۱,IRANSans_Black.ttf
1\1_000812.png,1,۱,IRANSans_Bold.ttf
1\1_000813.png,1,۱,IRANSans_Light.ttf
1\1_000814.png,1,۱,IRANSans_Medium.ttf
1\1_000815.png,1,۱,IRANSans_UltraLight.ttf
1\1_000816.png,1,۱,IRANSansMobile(FaNum).ttf
1\1_000817.png,1,۱,IRANSansMobile(FaNum)_Black.ttf
1\1_000818.png,1,۱,IRANSansMobile(FaNum)_Bold.ttf
1\1_000819.png,1,۱,IRANSansMobile(FaNum)_Light.ttf
1\1_000820.png,1,۱,arial.ttf
1\1_000821.png,1,۱,arialbd.ttf
1\1_000822.png,1,۱,BNazanin.ttf
1\1_000823.png,1,۱,BYekan.ttf
1\1_000824.png,1,۱,IRANSans(FaNum).ttf
1\1_000825.png,1,۱,IRANSans(FaNum)_Black.ttf
1\1_000826.png,1,۱,IRANSans(FaNum)_Bold.ttf
1\1_000827.png,1,۱,IRANSans(FaNum)_Light.ttf
1\1_000828.png,1,۱,IRANSans(FaNum)_Medium.ttf
1\1_000829.png,1,۱,IRANSans(FaNum)_UltraLight.ttf
1\1_000830.png,1,۱,IRANSans.ttf
1\1_000831.png,1,۱,IRANSans_Black.ttf
1\1_000832.png,1,۱,IRANSans_Bold.ttf
1\1_000833.png,1,۱,IRANSans_Light.ttf
1\1_000834.png,1,۱,IRANSans_Medium.ttf
1\1_000835.png,1,۱,IRANSans_UltraLight.ttf
1\1_000836.png,1,۱,IRANSansMobile(FaNum).ttf
1\1_000837.png,1,۱,IRANSansMobile(FaNum)_Black.ttf
1\1_000838.png,1,۱,IRANSansMobile(FaNum)_Bold.ttf
1\1_000839.png,1,۱,IRANSansMobile(FaNum)_Light.ttf
1\1_000840.png,1,۱,arial.ttf
1\1_000841.png,1,۱,arialbd.ttf
1\1_000842.png,1,۱,BNazanin.ttf
1\1_000843.png,1,۱,BYekan.ttf
1\1_000844.png,1,۱,IRANSans(FaNum).ttf
1\1_000845.png,1,۱,IRANSans(FaNum)_Black.ttf
1\1_000846.png,1,۱,IRANSans(FaNum)_Bold.ttf
1\1_000847.png,1,۱,IRANSans(FaNum)_Light.ttf
1\1_000848.png,1,۱,IRANSans(FaNum)_Medium.ttf
1\1_000849.png,1,۱,IRANSans(FaNum)_UltraLight.ttf
1\1_000850.png,1,۱,IRANSans.ttf
1\1_000851.png,1,۱,IRANSans_Black.ttf
1\1_000852.png,1,۱,IRANSans_Bold.ttf
1\1_000853.png,1,۱,IRANSans_Light.ttf
1\1_000854.png,1,۱,IRANSans_Medium.ttf
1\1_000855.png,1,۱,IRANSans_UltraLight.ttf
1\1_000856.png,1,۱,IRANSansMobile(FaNum).ttf
1\1_000857.png,1,۱,IRANSansMobile(FaNum)_Black.ttf
1\1_000858.png,1,۱,IRANSansMobile(FaNum)_Bold.ttf
1\1_000859.png,1,۱,IRANSansMobile(FaNum)_Light.ttf
1\1_000860.png,1,۱,arial.ttf
1\1_000861.png,1,۱,arialbd.ttf
1\1_000862.png,1,۱,BNazanin.ttf
1\1_000863.png,1,۱,BYekan.ttf
1\1_000864.png,1,۱,IRANSans(FaNum).ttf
1\1_000865.png,1,۱,IRANSans(FaNum)_Black.ttf
1\1_000866.png,1,۱,IRANSans(FaNum)_Bold.ttf
1\1_000867.png,1,۱,IRANSans(FaNum)_Light.ttf
1\1_000868.png,1,۱,IRANSans(FaNum)_Medium.ttf
1\1_000869.png,1,۱,IRANSans(FaNum)_UltraLight.ttf
1\1_000870.png,1,۱,IRANSans.ttf
1\1_000871.png,1,۱,IRANSans_Black.ttf
1\1_000872.png,1,۱,IRANSans_Bold.ttf
1\1_000873.png,1,۱,IRANSans_Light.ttf
1\1_000874.png,1,۱,IRANSans_Medium.ttf
1\1_000875.png,1,۱,IRANSans_UltraLight.ttf
1\1_000876.png,1,۱,IRANSansMobile(FaNum).ttf
1\1_000877.png,1,۱,IRANSansMobile(FaNum)_Black.ttf
1\1_000878.png,1,۱,IRANSansMobile(FaNum)_Bold.ttf
1\1_000879.png,1,۱,IRANSansMobile(FaNum)_Light.ttf
1\1_000880.png,1,۱,arial.ttf
1\1_000881.png,1,۱,arialbd.ttf
1\1_000882.png,1,۱,BNazanin.ttf
1\1_000883.png,1,۱,BYekan.ttf
1\1_000884.png,1,۱,IRANSans(FaNum).ttf
1\1_000885.png,1,۱,IRANSans(FaNum)_Black.ttf
1\1_000886.png,1,۱,IRANSans(FaNum)_Bold.ttf
1\1_000887.png,1,۱,IRANSans(FaNum)_Light.ttf
1\1_000888.png,1,۱,IRANSans(FaNum)_Medium.ttf
1\1_000889.png,1,۱,IRANSans(FaNum)_UltraLight.ttf
1\1_000890.png,1,۱,IRANSans.ttf
1\1_000891.png,1,۱,IRANSans_Black.ttf
1\1_000892.png,1,۱,IRANSans_Bold.ttf
1\1_000893.png,1,۱,IRANSans_Light.ttf
1\1_000894.png,1,۱,IRANSans_Medium.ttf
1\1_000895.png,1,۱,IRANSans_UltraLight.ttf
1\1_000896.png,1,۱,IRANSansMobile(FaNum).ttf
1\1_000897.png,1,۱,IRANSansMobile(FaNum)_Black.ttf
1\1_000898.png,1,۱,IRANSansMobile(FaNum)_Bold.ttf
1\1_000899.png,1,۱,IRANSansMobile(FaNum)_Light.ttf
1\1_000900.png,1,۱,arial.ttf
1\1_000901.png,1,۱,arialbd.ttf
1\1_000902.png,1,۱,BNazanin.ttf
1\1_000903.png,1,۱,BYekan.ttf
1\1_000904.png,1,۱,IRANSans(FaNum).ttf
1\1_000905.png,1,۱,IRANSans(FaNum)_Black.ttf
1\1_000906.png,1,۱,IRANSans(FaNum)_Bold.ttf
1\1_000907.png,1,۱,IRANSans(FaNum)_Light.ttf
1\1_000908.png,1,۱,IRANSans(FaNum)_Medium.ttf
1\1_000909.png,1,۱,IRANSans(FaNum)_UltraLight.ttf
1\1_000910.png,1,۱,IRANSans.ttf
1\1_000911.png,1,۱,IRANSans_Black.ttf
1\1_000912.png,1,۱,IRANSans_Bold.ttf
1\1_000913.png,1,۱,IRANSans_Light.ttf
1\1_000914.png,1,۱,IRANSans_Medium.ttf
1\1_000915.png,1,۱,IRANSans_UltraLight.ttf
1\1_000916.png,1,۱,IRANSansMobile(FaNum).ttf
1\1_000917.png,1,۱,IRANSansMobile(FaNum)_Black.ttf
1\1_000918.png,1,۱,IRANSansMobile(FaNum)_Bold.ttf
1\1_000919.png,1,۱,IRANSansMobile(FaNum)_Light.ttf
1\1_000920.png,1,۱,arial.ttf
1\1_000921.png,1,۱,arialbd.ttf
1\1_000922.png,1,۱,BNazanin.ttf
1\1_000923.png,1,۱,BYekan.ttf
1\1_000924.png,1,۱,IRANSans(FaNum).ttf
1\1_000925.png,1,۱,IRANSans(FaNum)_Black.ttf
1\1_000926.png,1,۱,IRANSans(FaNum)_Bold.ttf
1\1_000927.png,1,۱,IRANSans(FaNum)_Light.ttf
1\1_000928.png,1,۱,IRANSans(FaNum)_Medium.ttf
1\1_000929.png,1,۱,IRANSans(FaNum)_UltraLight.ttf
1\1_000930.png,1,۱,IRANSans.ttf
1\1_000931.png,1,۱,IRANSans_Black.ttf
1\1_000932.png,1,۱,IRANSans_Bold.ttf
1\1_000933.png,1,۱,IRANSans_Light.ttf
1\1_000934.png,1,۱,IRANSans_Medium.ttf
1\1_000935.png,1,۱,IRANSans_UltraLight.ttf
1\1_000936.png,1,۱,IRANSansMobile(FaNum).ttf
1\1_000937.png,1,۱,IRANSansMobile(FaNum)_Black.ttf
1\1_000938.png,1,۱,IRANSansMobile(FaNum)_Bold.ttf
1\1_000939.png,1,۱,IRANSansMobile(FaNum)_Light.ttf
1\1_000940.png,1,۱,arial.ttf
1\1_000941.png,1,۱,arialbd.ttf
1\1_000942.png,1,۱,BNazanin.ttf
1\1_000943.png,1,۱,BYekan.ttf
1\1_000944.png,1,۱,IRANSans(FaNum).ttf
1\1_000945.png,1,۱,IRANSans(FaNum)_Black.ttf
1\1_000946.png,1,۱,IRANSans(FaNum)_Bold.ttf
1\1_000947.png,1,۱,IRANSans(FaNum)_Light.ttf
1\1_000948.png,1,۱,IRANSans(FaNum)_Medium.ttf
1\1_000949.png,1,۱,IRANSans(FaNum)_UltraLight.ttf
1\1_000950.png,1,۱,IRANSans.ttf
1\1_000951.png,1,۱,IRANSans_Black.ttf
1\1_000952.png,1,۱,IRANSans_Bold.ttf
1\1_000953.png,1,۱,IRANSans_Light.ttf
1\1_000954.png,1,۱,IRANSans_Medium.ttf
1\1_000955.png,1,۱,IRANSans_UltraLight.ttf
1\1_000956.png,1,۱,IRANSansMobile(FaNum).ttf
1\1_000957.png,1,۱,IRANSansMobile(FaNum)_Black.ttf
1\1_000958.png,1,۱,IRANSansMobile(FaNum)_Bold.ttf
1\1_000959.png,1,۱,IRANSansMobile(FaNum)_Light.ttf
1\1_000960.png,1,۱,arial.ttf
1\1_000961.png,1,۱,arialbd.ttf
1\1_000962.png,1,۱,BNazanin.ttf
1\1_000963.png,1,۱,BYekan.ttf
1\1_000964.png,1,۱,IRANSans(FaNum).ttf
1\1_000965.png,1,۱,IRANSans(FaNum)_Black.ttf
1\1_000966.png,1,۱,IRANSans(FaNum)_Bold.ttf
1\1_000967.png,1,۱,IRANSans(FaNum)_Light.ttf
1\1_000968.png,1,۱,IRANSans(FaNum)_Medium.ttf
1\1_000969.png,1,۱,IRANSans(FaNum)_UltraLight.ttf
1\1_000970.png,1,۱,IRANSans.ttf
1\1_000971.png,1,۱,IRANSans_Black.ttf
1\1_000972.png,1,۱,IRANSans_Bold.ttf
1\1_000973.png,1,۱,IRANSans_Light.ttf
1\1_000974.png,1,۱,IRANSans_Medium.ttf
1\1_000975.png,1,۱,IRANSans_UltraLight.ttf
1\1_000976.png,1,۱,IRANSansMobile(FaNum).ttf
1\1_000977.png,1,۱,IRANSansMobile(FaNum)_Black.ttf
1\1_000978.png,1,۱,IRANSansMobile(FaNum)_Bold.ttf
1\1_000979.png,1,۱,IRANSansMobile(FaNum)_Light.ttf
1\1_000980.png,1,۱,arial.ttf
1\1_000981.png,1,۱,arialbd.ttf
1\1_000982.png,1,۱,BNazanin.ttf
1\1_000983.png,1,۱,BYekan.ttf
1\1_000984.png,1,۱,IRANSans(FaNum).ttf
1\1_000985.png,1,۱,IRANSans(FaNum)_Black.ttf
1\1_000986.png,1,۱,IRANSans(FaNum)_Bold.ttf
1\1_000987.png,1,۱,IRANSans(FaNum)_Light.ttf
1\1_000988.png,1,۱,IRANSans(FaNum)_Medium.ttf
1\1_000989.png,1,۱,IRANSans(FaNum)_UltraLight.ttf
1\1_000990.png,1,۱,IRANSans.ttf
1\1_000991.png,1,۱,IRANSans_Black.ttf
1\1_000992.png,1,۱,IRANSans_Bold.ttf
1\1_000993.png,1,۱,IRANSans_Light.ttf
1\1_000994.png,1,۱,IRANSans_Medium.ttf
1\1_000995.png,1,۱,IRANSans_UltraLight.ttf
1\1_000996.png,1,۱,IRANSansMobile(FaNum).ttf
1\1_000997.png,1,۱,IRANSansMobile(FaNum)_Black.ttf
1\1_000998.png,1,۱,IRANSansMobile(FaNum)_Bold.ttf
1\1_000999.png,1,۱,IRANSansMobile(FaNum)_Light.ttf
2\2_000000.png,2,۲,arial.ttf
2\2_000001.png,2,۲,arialbd.ttf
2\2_000002.png,2,۲,BNazanin.ttf
2\2_000003.png,2,۲,BYekan.ttf
2\2_000004.png,2,۲,IRANSans(FaNum).ttf
2\2_000005.png,2,۲,IRANSans(FaNum)_Black.ttf
2\2_000006.png,2,۲,IRANSans(FaNum)_Bold.ttf
2\2_000007.png,2,۲,IRANSans(FaNum)_Light.ttf
2\2_000008.png,2,۲,IRANSans(FaNum)_Medium.ttf
2\2_000009.png,2,۲,IRANSans(FaNum)_UltraLight.ttf
2\2_000010.png,2,۲,IRANSans.ttf
2\2_000011.png,2,۲,IRANSans_Black.ttf
2\2_000012.png,2,۲,IRANSans_Bold.ttf
2\2_000013.png,2,۲,IRANSans_Light.ttf
2\2_000014.png,2,۲,IRANSans_Medium.ttf
2\2_000015.png,2,۲,IRANSans_UltraLight.ttf
2\2_000016.png,2,۲,IRANSansMobile(FaNum).ttf
2\2_000017.png,2,۲,IRANSansMobile(FaNum)_Black.ttf
2\2_000018.png,2,۲,IRANSansMobile(FaNum)_Bold.ttf
2\2_000019.png,2,۲,IRANSansMobile(FaNum)_Light.ttf
2\2_000020.png,2,۲,arial.ttf
2\2_000021.png,2,۲,arialbd.ttf
2\2_000022.png,2,۲,BNazanin.ttf
2\2_000023.png,2,۲,BYekan.ttf
2\2_000024.png,2,۲,IRANSans(FaNum).ttf
2\2_000025.png,2,۲,IRANSans(FaNum)_Black.ttf
2\2_000026.png,2,۲,IRANSans(FaNum)_Bold.ttf
2\2_000027.png,2,۲,IRANSans(FaNum)_Light.ttf
2\2_000028.png,2,۲,IRANSans(FaNum)_Medium.ttf
2\2_000029.png,2,۲,IRANSans(FaNum)_UltraLight.ttf
2\2_000030.png,2,۲,IRANSans.ttf
2\2_000031.png,2,۲,IRANSans_Black.ttf
2\2_000032.png,2,۲,IRANSans_Bold.ttf
2\2_000033.png,2,۲,IRANSans_Light.ttf
2\2_000034.png,2,۲,IRANSans_Medium.ttf
2\2_000035.png,2,۲,IRANSans_UltraLight.ttf
2\2_000036.png,2,۲,IRANSansMobile(FaNum).ttf
2\2_000037.png,2,۲,IRANSansMobile(FaNum)_Black.ttf
2\2_000038.png,2,۲,IRANSansMobile(FaNum)_Bold.ttf
2\2_000039.png,2,۲,IRANSansMobile(FaNum)_Light.ttf
2\2_000040.png,2,۲,arial.ttf
2\2_000041.png,2,۲,arialbd.ttf
2\2_000042.png,2,۲,BNazanin.ttf
2\2_000043.png,2,۲,BYekan.ttf
2\2_000044.png,2,۲,IRANSans(FaNum).ttf
2\2_000045.png,2,۲,IRANSans(FaNum)_Black.ttf
2\2_000046.png,2,۲,IRANSans(FaNum)_Bold.ttf
2\2_000047.png,2,۲,IRANSans(FaNum)_Light.ttf
2\2_000048.png,2,۲,IRANSans(FaNum)_Medium.ttf
2\2_000049.png,2,۲,IRANSans(FaNum)_UltraLight.ttf
2\2_000050.png,2,۲,IRANSans.ttf
2\2_000051.png,2,۲,IRANSans_Black.ttf
2\2_000052.png,2,۲,IRANSans_Bold.ttf
2\2_000053.png,2,۲,IRANSans_Light.ttf
2\2_000054.png,2,۲,IRANSans_Medium.ttf
2\2_000055.png,2,۲,IRANSans_UltraLight.ttf
2\2_000056.png,2,۲,IRANSansMobile(FaNum).ttf
2\2_000057.png,2,۲,IRANSansMobile(FaNum)_Black.ttf
2\2_000058.png,2,۲,IRANSansMobile(FaNum)_Bold.ttf
2\2_000059.png,2,۲,IRANSansMobile(FaNum)_Light.ttf
2\2_000060.png,2,۲,arial.ttf
2\2_000061.png,2,۲,arialbd.ttf
2\2_000062.png,2,۲,BNazanin.ttf
2\2_000063.png,2,۲,BYekan.ttf
2\2_000064.png,2,۲,IRANSans(FaNum).ttf
2\2_000065.png,2,۲,IRANSans(FaNum)_Black.ttf
2\2_000066.png,2,۲,IRANSans(FaNum)_Bold.ttf
2\2_000067.png,2,۲,IRANSans(FaNum)_Light.ttf
2\2_000068.png,2,۲,IRANSans(FaNum)_Medium.ttf
2\2_000069.png,2,۲,IRANSans(FaNum)_UltraLight.ttf
2\2_000070.png,2,۲,IRANSans.ttf
2\2_000071.png,2,۲,IRANSans_Black.ttf
2\2_000072.png,2,۲,IRANSans_Bold.ttf
2\2_000073.png,2,۲,IRANSans_Light.ttf
2\2_000074.png,2,۲,IRANSans_Medium.ttf
2\2_000075.png,2,۲,IRANSans_UltraLight.ttf
2\2_000076.png,2,۲,IRANSansMobile(FaNum).ttf
2\2_000077.png,2,۲,IRANSansMobile(FaNum)_Black.ttf
2\2_000078.png,2,۲,IRANSansMobile(FaNum)_Bold.ttf
2\2_000079.png,2,۲,IRANSansMobile(FaNum)_Light.ttf
2\2_000080.png,2,۲,arial.ttf
2\2_000081.png,2,۲,arialbd.ttf
2\2_000082.png,2,۲,BNazanin.ttf
2\2_000083.png,2,۲,BYekan.ttf
2\2_000084.png,2,۲,IRANSans(FaNum).ttf
2\2_000085.png,2,۲,IRANSans(FaNum)_Black.ttf
2\2_000086.png,2,۲,IRANSans(FaNum)_Bold.ttf
2\2_000087.png,2,۲,IRANSans(FaNum)_Light.ttf
2\2_000088.png,2,۲,IRANSans(FaNum)_Medium.ttf
2\2_000089.png,2,۲,IRANSans(FaNum)_UltraLight.ttf
2\2_000090.png,2,۲,IRANSans.ttf
2\2_000091.png,2,۲,IRANSans_Black.ttf
2\2_000092.png,2,۲,IRANSans_Bold.ttf
2\2_000093.png,2,۲,IRANSans_Light.ttf
2\2_000094.png,2,۲,IRANSans_Medium.ttf
2\2_000095.png,2,۲,IRANSans_UltraLight.ttf
2\2_000096.png,2,۲,IRANSansMobile(FaNum).ttf
2\2_000097.png,2,۲,IRANSansMobile(FaNum)_Black.ttf
2\2_000098.png,2,۲,IRANSansMobile(FaNum)_Bold.ttf
2\2_000099.png,2,۲,IRANSansMobile(FaNum)_Light.ttf
2\2_000100.png,2,۲,arial.ttf
2\2_000101.png,2,۲,arialbd.ttf
2\2_000102.png,2,۲,BNazanin.ttf
2\2_000103.png,2,۲,BYekan.ttf
2\2_000104.png,2,۲,IRANSans(FaNum).ttf
2\2_000105.png,2,۲,IRANSans(FaNum)_Black.ttf
2\2_000106.png,2,۲,IRANSans(FaNum)_Bold.ttf
2\2_000107.png,2,۲,IRANSans(FaNum)_Light.ttf
2\2_000108.png,2,۲,IRANSans(FaNum)_Medium.ttf
2\2_000109.png,2,۲,IRANSans(FaNum)_UltraLight.ttf
2\2_000110.png,2,۲,IRANSans.ttf
2\2_000111.png,2,۲,IRANSans_Black.ttf
2\2_000112.png,2,۲,IRANSans_Bold.ttf
2\2_000113.png,2,۲,IRANSans_Light.ttf
2\2_000114.png,2,۲,IRANSans_Medium.ttf
2\2_000115.png,2,۲,IRANSans_UltraLight.ttf
2\2_000116.png,2,۲,IRANSansMobile(FaNum).ttf
2\2_000117.png,2,۲,IRANSansMobile(FaNum)_Black.ttf
2\2_000118.png,2,۲,IRANSansMobile(FaNum)_Bold.ttf
2\2_000119.png,2,۲,IRANSansMobile(FaNum)_Light.ttf
2\2_000120.png,2,۲,arial.ttf
2\2_000121.png,2,۲,arialbd.ttf
2\2_000122.png,2,۲,BNazanin.ttf
2\2_000123.png,2,۲,BYekan.ttf
2\2_000124.png,2,۲,IRANSans(FaNum).ttf
2\2_000125.png,2,۲,IRANSans(FaNum)_Black.ttf
2\2_000126.png,2,۲,IRANSans(FaNum)_Bold.ttf
2\2_000127.png,2,۲,IRANSans(FaNum)_Light.ttf
2\2_000128.png,2,۲,IRANSans(FaNum)_Medium.ttf
2\2_000129.png,2,۲,IRANSans(FaNum)_UltraLight.ttf
2\2_000130.png,2,۲,IRANSans.ttf
2\2_000131.png,2,۲,IRANSans_Black.ttf
2\2_000132.png,2,۲,IRANSans_Bold.ttf
2\2_000133.png,2,۲,IRANSans_Light.ttf
2\2_000134.png,2,۲,IRANSans_Medium.ttf
2\2_000135.png,2,۲,IRANSans_UltraLight.ttf
2\2_000136.png,2,۲,IRANSansMobile(FaNum).ttf
2\2_000137.png,2,۲,IRANSansMobile(FaNum)_Black.ttf
2\2_000138.png,2,۲,IRANSansMobile(FaNum)_Bold.ttf
2\2_000139.png,2,۲,IRANSansMobile(FaNum)_Light.ttf
2\2_000140.png,2,۲,arial.ttf
2\2_000141.png,2,۲,arialbd.ttf
2\2_000142.png,2,۲,BNazanin.ttf
2\2_000143.png,2,۲,BYekan.ttf
2\2_000144.png,2,۲,IRANSans(FaNum).ttf
2\2_000145.png,2,۲,IRANSans(FaNum)_Black.ttf
2\2_000146.png,2,۲,IRANSans(FaNum)_Bold.ttf
2\2_000147.png,2,۲,IRANSans(FaNum)_Light.ttf
2\2_000148.png,2,۲,IRANSans(FaNum)_Medium.ttf
2\2_000149.png,2,۲,IRANSans(FaNum)_UltraLight.ttf
2\2_000150.png,2,۲,IRANSans.ttf
2\2_000151.png,2,۲,IRANSans_Black.ttf
2\2_000152.png,2,۲,IRANSans_Bold.ttf
2\2_000153.png,2,۲,IRANSans_Light.ttf
2\2_000154.png,2,۲,IRANSans_Medium.ttf
2\2_000155.png,2,۲,IRANSans_UltraLight.ttf
2\2_000156.png,2,۲,IRANSansMobile(FaNum).ttf
2\2_000157.png,2,۲,IRANSansMobile(FaNum)_Black.ttf
2\2_000158.png,2,۲,IRANSansMobile(FaNum)_Bold.ttf
2\2_000159.png,2,۲,IRANSansMobile(FaNum)_Light.ttf
2\2_000160.png,2,۲,arial.ttf
2\2_000161.png,2,۲,arialbd.ttf
2\2_000162.png,2,۲,BNazanin.ttf
2\2_000163.png,2,۲,BYekan.ttf
2\2_000164.png,2,۲,IRANSans(FaNum).ttf
2\2_000165.png,2,۲,IRANSans(FaNum)_Black.ttf
2\2_000166.png,2,۲,IRANSans(FaNum)_Bold.ttf
2\2_000167.png,2,۲,IRANSans(FaNum)_Light.ttf
2\2_000168.png,2,۲,IRANSans(FaNum)_Medium.ttf
2\2_000169.png,2,۲,IRANSans(FaNum)_UltraLight.ttf
2\2_000170.png,2,۲,IRANSans.ttf
2\2_000171.png,2,۲,IRANSans_Black.ttf
2\2_000172.png,2,۲,IRANSans_Bold.ttf
2\2_000173.png,2,۲,IRANSans_Light.ttf
2\2_000174.png,2,۲,IRANSans_Medium.ttf
2\2_000175.png,2,۲,IRANSans_UltraLight.ttf
2\2_000176.png,2,۲,IRANSansMobile(FaNum).ttf
2\2_000177.png,2,۲,IRANSansMobile(FaNum)_Black.ttf
2\2_000178.png,2,۲,IRANSansMobile(FaNum)_Bold.ttf
2\2_000179.png,2,۲,IRANSansMobile(FaNum)_Light.ttf
2\2_000180.png,2,۲,arial.ttf
2\2_000181.png,2,۲,arialbd.ttf
2\2_000182.png,2,۲,BNazanin.ttf
2\2_000183.png,2,۲,BYekan.ttf
2\2_000184.png,2,۲,IRANSans(FaNum).ttf
2\2_000185.png,2,۲,IRANSans(FaNum)_Black.ttf
2\2_000186.png,2,۲,IRANSans(FaNum)_Bold.ttf
2\2_000187.png,2,۲,IRANSans(FaNum)_Light.ttf
2\2_000188.png,2,۲,IRANSans(FaNum)_Medium.ttf
2\2_000189.png,2,۲,IRANSans(FaNum)_UltraLight.ttf
2\2_000190.png,2,۲,IRANSans.ttf
2\2_000191.png,2,۲,IRANSans_Black.ttf
2\2_000192.png,2,۲,IRANSans_Bold.ttf
2\2_000193.png,2,۲,IRANSans_Light.ttf
2\2_000194.png,2,۲,IRANSans_Medium.ttf
2\2_000195.png,2,۲,IRANSans_UltraLight.ttf
2\2_000196.png,2,۲,IRANSansMobile(FaNum).ttf
2\2_000197.png,2,۲,IRANSansMobile(FaNum)_Black.ttf
2\2_000198.png,2,۲,IRANSansMobile(FaNum)_Bold.ttf
2\2_000199.png,2,۲,IRANSansMobile(FaNum)_Light.ttf
2\2_000200.png,2,۲,arial.ttf
2\2_000201.png,2,۲,arialbd.ttf
2\2_000202.png,2,۲,BNazanin.ttf
2\2_000203.png,2,۲,BYekan.ttf
2\2_000204.png,2,۲,IRANSans(FaNum).ttf
2\2_000205.png,2,۲,IRANSans(FaNum)_Black.ttf
2\2_000206.png,2,۲,IRANSans(FaNum)_Bold.ttf
2\2_000207.png,2,۲,IRANSans(FaNum)_Light.ttf
2\2_000208.png,2,۲,IRANSans(FaNum)_Medium.ttf
2\2_000209.png,2,۲,IRANSans(FaNum)_UltraLight.ttf
2\2_000210.png,2,۲,IRANSans.ttf
2\2_000211.png,2,۲,IRANSans_Black.ttf
2\2_000212.png,2,۲,IRANSans_Bold.ttf
2\2_000213.png,2,۲,IRANSans_Light.ttf
2\2_000214.png,2,۲,IRANSans_Medium.ttf
2\2_000215.png,2,۲,IRANSans_UltraLight.ttf
2\2_000216.png,2,۲,IRANSansMobile(FaNum).ttf
2\2_000217.png,2,۲,IRANSansMobile(FaNum)_Black.ttf
2\2_000218.png,2,۲,IRANSansMobile(FaNum)_Bold.ttf
2\2_000219.png,2,۲,IRANSansMobile(FaNum)_Light.ttf
2\2_000220.png,2,۲,arial.ttf
2\2_000221.png,2,۲,arialbd.ttf
2\2_000222.png,2,۲,BNazanin.ttf
2\2_000223.png,2,۲,BYekan.ttf
2\2_000224.png,2,۲,IRANSans(FaNum).ttf
2\2_000225.png,2,۲,IRANSans(FaNum)_Black.ttf
2\2_000226.png,2,۲,IRANSans(FaNum)_Bold.ttf
2\2_000227.png,2,۲,IRANSans(FaNum)_Light.ttf
2\2_000228.png,2,۲,IRANSans(FaNum)_Medium.ttf
2\2_000229.png,2,۲,IRANSans(FaNum)_UltraLight.ttf
2\2_000230.png,2,۲,IRANSans.ttf
2\2_000231.png,2,۲,IRANSans_Black.ttf
2\2_000232.png,2,۲,IRANSans_Bold.ttf
2\2_000233.png,2,۲,IRANSans_Light.ttf
2\2_000234.png,2,۲,IRANSans_Medium.ttf
2\2_000235.png,2,۲,IRANSans_UltraLight.ttf
2\2_000236.png,2,۲,IRANSansMobile(FaNum).ttf
2\2_000237.png,2,۲,IRANSansMobile(FaNum)_Black.ttf
2\2_000238.png,2,۲,IRANSansMobile(FaNum)_Bold.ttf
2\2_000239.png,2,۲,IRANSansMobile(FaNum)_Light.ttf
2\2_000240.png,2,۲,arial.ttf
2\2_000241.png,2,۲,arialbd.ttf
2\2_000242.png,2,۲,BNazanin.ttf
2\2_000243.png,2,۲,BYekan.ttf
2\2_000244.png,2,۲,IRANSans(FaNum).ttf
2\2_000245.png,2,۲,IRANSans(FaNum)_Black.ttf
2\2_000246.png,2,۲,IRANSans(FaNum)_Bold.ttf
2\2_000247.png,2,۲,IRANSans(FaNum)_Light.ttf
2\2_000248.png,2,۲,IRANSans(FaNum)_Medium.ttf
2\2_000249.png,2,۲,IRANSans(FaNum)_UltraLight.ttf
2\2_000250.png,2,۲,IRANSans.ttf
2\2_000251.png,2,۲,IRANSans_Black.ttf
2\2_000252.png,2,۲,IRANSans_Bold.ttf
2\2_000253.png,2,۲,IRANSans_Light.ttf
2\2_000254.png,2,۲,IRANSans_Medium.ttf
2\2_000255.png,2,۲,IRANSans_UltraLight.ttf
2\2_000256.png,2,۲,IRANSansMobile(FaNum).ttf
2\2_000257.png,2,۲,IRANSansMobile(FaNum)_Black.ttf
2\2_000258.png,2,۲,IRANSansMobile(FaNum)_Bold.ttf
2\2_000259.png,2,۲,IRANSansMobile(FaNum)_Light.ttf
2\2_000260.png,2,۲,arial.ttf
2\2_000261.png,2,۲,arialbd.ttf
2\2_000262.png,2,۲,BNazanin.ttf
2\2_000263.png,2,۲,BYekan.ttf
2\2_000264.png,2,۲,IRANSans(FaNum).ttf
2\2_000265.png,2,۲,IRANSans(FaNum)_Black.ttf
2\2_000266.png,2,۲,IRANSans(FaNum)_Bold.ttf
2\2_000267.png,2,۲,IRANSans(FaNum)_Light.ttf
2\2_000268.png,2,۲,IRANSans(FaNum)_Medium.ttf
2\2_000269.png,2,۲,IRANSans(FaNum)_UltraLight.ttf
2\2_000270.png,2,۲,IRANSans.ttf
2\2_000271.png,2,۲,IRANSans_Black.ttf
2\2_000272.png,2,۲,IRANSans_Bold.ttf
2\2_000273.png,2,۲,IRANSans_Light.ttf
2\2_000274.png,2,۲,IRANSans_Medium.ttf
2\2_000275.png,2,۲,IRANSans_UltraLight.ttf
2\2_000276.png,2,۲,IRANSansMobile(FaNum).ttf
2\2_000277.png,2,۲,IRANSansMobile(FaNum)_Black.ttf
2\2_000278.png,2,۲,IRANSansMobile(FaNum)_Bold.ttf
2\2_000279.png,2,۲,IRANSansMobile(FaNum)_Light.ttf
2\2_000280.png,2,۲,arial.ttf
2\2_000281.png,2,۲,arialbd.ttf
2\2_000282.png,2,۲,BNazanin.ttf
2\2_000283.png,2,۲,BYekan.ttf
2\2_000284.png,2,۲,IRANSans(FaNum).ttf
2\2_000285.png,2,۲,IRANSans(FaNum)_Black.ttf
2\2_000286.png,2,۲,IRANSans(FaNum)_Bold.ttf
2\2_000287.png,2,۲,IRANSans(FaNum)_Light.ttf
2\2_000288.png,2,۲,IRANSans(FaNum)_Medium.ttf
2\2_000289.png,2,۲,IRANSans(FaNum)_UltraLight.ttf
2\2_000290.png,2,۲,IRANSans.ttf
2\2_000291.png,2,۲,IRANSans_Black.ttf
2\2_000292.png,2,۲,IRANSans_Bold.ttf
2\2_000293.png,2,۲,IRANSans_Light.ttf
2\2_000294.png,2,۲,IRANSans_Medium.ttf
2\2_000295.png,2,۲,IRANSans_UltraLight.ttf
2\2_000296.png,2,۲,IRANSansMobile(FaNum).ttf
2\2_000297.png,2,۲,IRANSansMobile(FaNum)_Black.ttf
2\2_000298.png,2,۲,IRANSansMobile(FaNum)_Bold.ttf
2\2_000299.png,2,۲,IRANSansMobile(FaNum)_Light.ttf
2\2_000300.png,2,۲,arial.ttf
2\2_000301.png,2,۲,arialbd.ttf
2\2_000302.png,2,۲,BNazanin.ttf
2\2_000303.png,2,۲,BYekan.ttf
2\2_000304.png,2,۲,IRANSans(FaNum).ttf
2\2_000305.png,2,۲,IRANSans(FaNum)_Black.ttf
2\2_000306.png,2,۲,IRANSans(FaNum)_Bold.ttf
2\2_000307.png,2,۲,IRANSans(FaNum)_Light.ttf
2\2_000308.png,2,۲,IRANSans(FaNum)_Medium.ttf
2\2_000309.png,2,۲,IRANSans(FaNum)_UltraLight.ttf
2\2_000310.png,2,۲,IRANSans.ttf
2\2_000311.png,2,۲,IRANSans_Black.ttf
2\2_000312.png,2,۲,IRANSans_Bold.ttf
2\2_000313.png,2,۲,IRANSans_Light.ttf
2\2_000314.png,2,۲,IRANSans_Medium.ttf
2\2_000315.png,2,۲,IRANSans_UltraLight.ttf
2\2_000316.png,2,۲,IRANSansMobile(FaNum).ttf
2\2_000317.png,2,۲,IRANSansMobile(FaNum)_Black.ttf
2\2_000318.png,2,۲,IRANSansMobile(FaNum)_Bold.ttf
2\2_000319.png,2,۲,IRANSansMobile(FaNum)_Light.ttf
2\2_000320.png,2,۲,arial.ttf
2\2_000321.png,2,۲,arialbd.ttf
2\2_000322.png,2,۲,BNazanin.ttf
2\2_000323.png,2,۲,BYekan.ttf
2\2_000324.png,2,۲,IRANSans(FaNum).ttf
2\2_000325.png,2,۲,IRANSans(FaNum)_Black.ttf
2\2_000326.png,2,۲,IRANSans(FaNum)_Bold.ttf
2\2_000327.png,2,۲,IRANSans(FaNum)_Light.ttf
2\2_000328.png,2,۲,IRANSans(FaNum)_Medium.ttf
2\2_000329.png,2,۲,IRANSans(FaNum)_UltraLight.ttf
2\2_000330.png,2,۲,IRANSans.ttf
2\2_000331.png,2,۲,IRANSans_Black.ttf
2\2_000332.png,2,۲,IRANSans_Bold.ttf
2\2_000333.png,2,۲,IRANSans_Light.ttf
2\2_000334.png,2,۲,IRANSans_Medium.ttf
2\2_000335.png,2,۲,IRANSans_UltraLight.ttf
2\2_000336.png,2,۲,IRANSansMobile(FaNum).ttf
2\2_000337.png,2,۲,IRANSansMobile(FaNum)_Black.ttf
2\2_000338.png,2,۲,IRANSansMobile(FaNum)_Bold.ttf
2\2_000339.png,2,۲,IRANSansMobile(FaNum)_Light.ttf
2\2_000340.png,2,۲,arial.ttf
2\2_000341.png,2,۲,arialbd.ttf
2\2_000342.png,2,۲,BNazanin.ttf
2\2_000343.png,2,۲,BYekan.ttf
2\2_000344.png,2,۲,IRANSans(FaNum).ttf
2\2_000345.png,2,۲,IRANSans(FaNum)_Black.ttf
2\2_000346.png,2,۲,IRANSans(FaNum)_Bold.ttf
2\2_000347.png,2,۲,IRANSans(FaNum)_Light.ttf
2\2_000348.png,2,۲,IRANSans(FaNum)_Medium.ttf
2\2_000349.png,2,۲,IRANSans(FaNum)_UltraLight.ttf
2\2_000350.png,2,۲,IRANSans.ttf
2\2_000351.png,2,۲,IRANSans_Black.ttf
2\2_000352.png,2,۲,IRANSans_Bold.ttf
2\2_000353.png,2,۲,IRANSans_Light.ttf
2\2_000354.png,2,۲,IRANSans_Medium.ttf
2\2_000355.png,2,۲,IRANSans_UltraLight.ttf
2\2_000356.png,2,۲,IRANSansMobile(FaNum).ttf
2\2_000357.png,2,۲,IRANSansMobile(FaNum)_Black.ttf
2\2_000358.png,2,۲,IRANSansMobile(FaNum)_Bold.ttf
2\2_000359.png,2,۲,IRANSansMobile(FaNum)_Light.ttf
2\2_000360.png,2,۲,arial.ttf
2\2_000361.png,2,۲,arialbd.ttf
2\2_000362.png,2,۲,BNazanin.ttf
2\2_000363.png,2,۲,BYekan.ttf
2\2_000364.png,2,۲,IRANSans(FaNum).ttf
2\2_000365.png,2,۲,IRANSans(FaNum)_Black.ttf
2\2_000366.png,2,۲,IRANSans(FaNum)_Bold.ttf
2\2_000367.png,2,۲,IRANSans(FaNum)_Light.ttf
2\2_000368.png,2,۲,IRANSans(FaNum)_Medium.ttf
2\2_000369.png,2,۲,IRANSans(FaNum)_UltraLight.ttf
2\2_000370.png,2,۲,IRANSans.ttf
2\2_000371.png,2,۲,IRANSans_Black.ttf
2\2_000372.png,2,۲,IRANSans_Bold.ttf
2\2_000373.png,2,۲,IRANSans_Light.ttf
2\2_000374.png,2,۲,IRANSans_Medium.ttf
2\2_000375.png,2,۲,IRANSans_UltraLight.ttf
2\2_000376.png,2,۲,IRANSansMobile(FaNum).ttf
2\2_000377.png,2,۲,IRANSansMobile(FaNum)_Black.ttf
2\2_000378.png,2,۲,IRANSansMobile(FaNum)_Bold.ttf
2\2_000379.png,2,۲,IRANSansMobile(FaNum)_Light.ttf
2\2_000380.png,2,۲,arial.ttf
2\2_000381.png,2,۲,arialbd.ttf
2\2_000382.png,2,۲,BNazanin.ttf
2\2_000383.png,2,۲,BYekan.ttf
2\2_000384.png,2,۲,IRANSans(FaNum).ttf
2\2_000385.png,2,۲,IRANSans(FaNum)_Black.ttf
2\2_000386.png,2,۲,IRANSans(FaNum)_Bold.ttf
2\2_000387.png,2,۲,IRANSans(FaNum)_Light.ttf
2\2_000388.png,2,۲,IRANSans(FaNum)_Medium.ttf
2\2_000389.png,2,۲,IRANSans(FaNum)_UltraLight.ttf
2\2_000390.png,2,۲,IRANSans.ttf
2\2_000391.png,2,۲,IRANSans_Black.ttf
2\2_000392.png,2,۲,IRANSans_Bold.ttf
2\2_000393.png,2,۲,IRANSans_Light.ttf
2\2_000394.png,2,۲,IRANSans_Medium.ttf
2\2_000395.png,2,۲,IRANSans_UltraLight.ttf
2\2_000396.png,2,۲,IRANSansMobile(FaNum).ttf
2\2_000397.png,2,۲,IRANSansMobile(FaNum)_Black.ttf
2\2_000398.png,2,۲,IRANSansMobile(FaNum)_Bold.ttf
2\2_000399.png,2,۲,IRANSansMobile(FaNum)_Light.ttf
2\2_000400.png,2,۲,arial.ttf
2\2_000401.png,2,۲,arialbd.ttf
2\2_000402.png,2,۲,BNazanin.ttf
2\2_000403.png,2,۲,BYekan.ttf
2\2_000404.png,2,۲,IRANSans(FaNum).ttf
2\2_000405.png,2,۲,IRANSans(FaNum)_Black.ttf
2\2_000406.png,2,۲,IRANSans(FaNum)_Bold.ttf
2\2_000407.png,2,۲,IRANSans(FaNum)_Light.ttf
2\2_000408.png,2,۲,IRANSans(FaNum)_Medium.ttf
2\2_000409.png,2,۲,IRANSans(FaNum)_UltraLight.ttf
2\2_000410.png,2,۲,IRANSans.ttf
2\2_000411.png,2,۲,IRANSans_Black.ttf
2\2_000412.png,2,۲,IRANSans_Bold.ttf
2\2_000413.png,2,۲,IRANSans_Light.ttf
2\2_000414.png,2,۲,IRANSans_Medium.ttf
2\2_000415.png,2,۲,IRANSans_UltraLight.ttf
2\2_000416.png,2,۲,IRANSansMobile(FaNum).ttf
2\2_000417.png,2,۲,IRANSansMobile(FaNum)_Black.ttf
2\2_000418.png,2,۲,IRANSansMobile(FaNum)_Bold.ttf
2\2_000419.png,2,۲,IRANSansMobile(FaNum)_Light.ttf
2\2_000420.png,2,۲,arial.ttf
2\2_000421.png,2,۲,arialbd.ttf
2\2_000422.png,2,۲,BNazanin.ttf
2\2_000423.png,2,۲,BYekan.ttf
2\2_000424.png,2,۲,IRANSans(FaNum).ttf
2\2_000425.png,2,۲,IRANSans(FaNum)_Black.ttf
2\2_000426.png,2,۲,IRANSans(FaNum)_Bold.ttf
2\2_000427.png,2,۲,IRANSans(FaNum)_Light.ttf
2\2_000428.png,2,۲,IRANSans(FaNum)_Medium.ttf
2\2_000429.png,2,۲,IRANSans(FaNum)_UltraLight.ttf
2\2_000430.png,2,۲,IRANSans.ttf
2\2_000431.png,2,۲,IRANSans_Black.ttf
2\2_000432.png,2,۲,IRANSans_Bold.ttf
2\2_000433.png,2,۲,IRANSans_Light.ttf
2\2_000434.png,2,۲,IRANSans_Medium.ttf
2\2_000435.png,2,۲,IRANSans_UltraLight.ttf
2\2_000436.png,2,۲,IRANSansMobile(FaNum).ttf
2\2_000437.png,2,۲,IRANSansMobile(FaNum)_Black.ttf
2\2_000438.png,2,۲,IRANSansMobile(FaNum)_Bold.ttf
2\2_000439.png,2,۲,IRANSansMobile(FaNum)_Light.ttf
2\2_000440.png,2,۲,arial.ttf
2\2_000441.png,2,۲,arialbd.ttf
2\2_000442.png,2,۲,BNazanin.ttf
2\2_000443.png,2,۲,BYekan.ttf
2\2_000444.png,2,۲,IRANSans(FaNum).ttf
2\2_000445.png,2,۲,IRANSans(FaNum)_Black.ttf
2\2_000446.png,2,۲,IRANSans(FaNum)_Bold.ttf
2\2_000447.png,2,۲,IRANSans(FaNum)_Light.ttf
2\2_000448.png,2,۲,IRANSans(FaNum)_Medium.ttf
2\2_000449.png,2,۲,IRANSans(FaNum)_UltraLight.ttf
2\2_000450.png,2,۲,IRANSans.ttf
2\2_000451.png,2,۲,IRANSans_Black.ttf
2\2_000452.png,2,۲,IRANSans_Bold.ttf
2\2_000453.png,2,۲,IRANSans_Light.ttf
2\2_000454.png,2,۲,IRANSans_Medium.ttf
2\2_000455.png,2,۲,IRANSans_UltraLight.ttf
2\2_000456.png,2,۲,IRANSansMobile(FaNum).ttf
2\2_000457.png,2,۲,IRANSansMobile(FaNum)_Black.ttf
2\2_000458.png,2,۲,IRANSansMobile(FaNum)_Bold.ttf
2\2_000459.png,2,۲,IRANSansMobile(FaNum)_Light.ttf
2\2_000460.png,2,۲,arial.ttf
2\2_000461.png,2,۲,arialbd.ttf
2\2_000462.png,2,۲,BNazanin.ttf
2\2_000463.png,2,۲,BYekan.ttf
2\2_000464.png,2,۲,IRANSans(FaNum).ttf
2\2_000465.png,2,۲,IRANSans(FaNum)_Black.ttf
2\2_000466.png,2,۲,IRANSans(FaNum)_Bold.ttf
2\2_000467.png,2,۲,IRANSans(FaNum)_Light.ttf
2\2_000468.png,2,۲,IRANSans(FaNum)_Medium.ttf
2\2_000469.png,2,۲,IRANSans(FaNum)_UltraLight.ttf
2\2_000470.png,2,۲,IRANSans.ttf
2\2_000471.png,2,۲,IRANSans_Black.ttf
2\2_000472.png,2,۲,IRANSans_Bold.ttf
2\2_000473.png,2,۲,IRANSans_Light.ttf
2\2_000474.png,2,۲,IRANSans_Medium.ttf
2\2_000475.png,2,۲,IRANSans_UltraLight.ttf
2\2_000476.png,2,۲,IRANSansMobile(FaNum).ttf
2\2_000477.png,2,۲,IRANSansMobile(FaNum)_Black.ttf
2\2_000478.png,2,۲,IRANSansMobile(FaNum)_Bold.ttf
2\2_000479.png,2,۲,IRANSansMobile(FaNum)_Light.ttf
2\2_000480.png,2,۲,arial.ttf
2\2_000481.png,2,۲,arialbd.ttf
2\2_000482.png,2,۲,BNazanin.ttf
2\2_000483.png,2,۲,BYekan.ttf
2\2_000484.png,2,۲,IRANSans(FaNum).ttf
2\2_000485.png,2,۲,IRANSans(FaNum)_Black.ttf
2\2_000486.png,2,۲,IRANSans(FaNum)_Bold.ttf
2\2_000487.png,2,۲,IRANSans(FaNum)_Light.ttf
2\2_000488.png,2,۲,IRANSans(FaNum)_Medium.ttf
2\2_000489.png,2,۲,IRANSans(FaNum)_UltraLight.ttf
2\2_000490.png,2,۲,IRANSans.ttf
2\2_000491.png,2,۲,IRANSans_Black.ttf
2\2_000492.png,2,۲,IRANSans_Bold.ttf
2\2_000493.png,2,۲,IRANSans_Light.ttf
2\2_000494.png,2,۲,IRANSans_Medium.ttf
2\2_000495.png,2,۲,IRANSans_UltraLight.ttf
2\2_000496.png,2,۲,IRANSansMobile(FaNum).ttf
2\2_000497.png,2,۲,IRANSansMobile(FaNum)_Black.ttf
2\2_000498.png,2,۲,IRANSansMobile(FaNum)_Bold.ttf
2\2_000499.png,2,۲,IRANSansMobile(FaNum)_Light.ttf
2\2_000500.png,2,۲,arial.ttf
2\2_000501.png,2,۲,arialbd.ttf
2\2_000502.png,2,۲,BNazanin.ttf
2\2_000503.png,2,۲,BYekan.ttf
2\2_000504.png,2,۲,IRANSans(FaNum).ttf
2\2_000505.png,2,۲,IRANSans(FaNum)_Black.ttf
2\2_000506.png,2,۲,IRANSans(FaNum)_Bold.ttf
2\2_000507.png,2,۲,IRANSans(FaNum)_Light.ttf
2\2_000508.png,2,۲,IRANSans(FaNum)_Medium.ttf
2\2_000509.png,2,۲,IRANSans(FaNum)_UltraLight.ttf
2\2_000510.png,2,۲,IRANSans.ttf
2\2_000511.png,2,۲,IRANSans_Black.ttf
2\2_000512.png,2,۲,IRANSans_Bold.ttf
2\2_000513.png,2,۲,IRANSans_Light.ttf
2\2_000514.png,2,۲,IRANSans_Medium.ttf
2\2_000515.png,2,۲,IRANSans_UltraLight.ttf
2\2_000516.png,2,۲,IRANSansMobile(FaNum).ttf
2\2_000517.png,2,۲,IRANSansMobile(FaNum)_Black.ttf
2\2_000518.png,2,۲,IRANSansMobile(FaNum)_Bold.ttf
2\2_000519.png,2,۲,IRANSansMobile(FaNum)_Light.ttf
2\2_000520.png,2,۲,arial.ttf
2\2_000521.png,2,۲,arialbd.ttf
2\2_000522.png,2,۲,BNazanin.ttf
2\2_000523.png,2,۲,BYekan.ttf
2\2_000524.png,2,۲,IRANSans(FaNum).ttf
2\2_000525.png,2,۲,IRANSans(FaNum)_Black.ttf
2\2_000526.png,2,۲,IRANSans(FaNum)_Bold.ttf
2\2_000527.png,2,۲,IRANSans(FaNum)_Light.ttf
2\2_000528.png,2,۲,IRANSans(FaNum)_Medium.ttf
2\2_000529.png,2,۲,IRANSans(FaNum)_UltraLight.ttf
2\2_000530.png,2,۲,IRANSans.ttf
2\2_000531.png,2,۲,IRANSans_Black.ttf
2\2_000532.png,2,۲,IRANSans_Bold.ttf
2\2_000533.png,2,۲,IRANSans_Light.ttf
2\2_000534.png,2,۲,IRANSans_Medium.ttf
2\2_000535.png,2,۲,IRANSans_UltraLight.ttf
2\2_000536.png,2,۲,IRANSansMobile(FaNum).ttf
2\2_000537.png,2,۲,IRANSansMobile(FaNum)_Black.ttf
2\2_000538.png,2,۲,IRANSansMobile(FaNum)_Bold.ttf
2\2_000539.png,2,۲,IRANSansMobile(FaNum)_Light.ttf
2\2_000540.png,2,۲,arial.ttf
2\2_000541.png,2,۲,arialbd.ttf
2\2_000542.png,2,۲,BNazanin.ttf
2\2_000543.png,2,۲,BYekan.ttf
2\2_000544.png,2,۲,IRANSans(FaNum).ttf
2\2_000545.png,2,۲,IRANSans(FaNum)_Black.ttf
2\2_000546.png,2,۲,IRANSans(FaNum)_Bold.ttf
2\2_000547.png,2,۲,IRANSans(FaNum)_Light.ttf
2\2_000548.png,2,۲,IRANSans(FaNum)_Medium.ttf
2\2_000549.png,2,۲,IRANSans(FaNum)_UltraLight.ttf
2\2_000550.png,2,۲,IRANSans.ttf
2\2_000551.png,2,۲,IRANSans_Black.ttf
2\2_000552.png,2,۲,IRANSans_Bold.ttf
2\2_000553.png,2,۲,IRANSans_Light.ttf
2\2_000554.png,2,۲,IRANSans_Medium.ttf
2\2_000555.png,2,۲,IRANSans_UltraLight.ttf
2\2_000556.png,2,۲,IRANSansMobile(FaNum).ttf
2\2_000557.png,2,۲,IRANSansMobile(FaNum)_Black.ttf
2\2_000558.png,2,۲,IRANSansMobile(FaNum)_Bold.ttf
2\2_000559.png,2,۲,IRANSansMobile(FaNum)_Light.ttf
2\2_000560.png,2,۲,arial.ttf
2\2_000561.png,2,۲,arialbd.ttf
2\2_000562.png,2,۲,BNazanin.ttf
2\2_000563.png,2,۲,BYekan.ttf
2\2_000564.png,2,۲,IRANSans(FaNum).ttf
2\2_000565.png,2,۲,IRANSans(FaNum)_Black.ttf
2\2_000566.png,2,۲,IRANSans(FaNum)_Bold.ttf
2\2_000567.png,2,۲,IRANSans(FaNum)_Light.ttf
2\2_000568.png,2,۲,IRANSans(FaNum)_Medium.ttf
2\2_000569.png,2,۲,IRANSans(FaNum)_UltraLight.ttf
2\2_000570.png,2,۲,IRANSans.ttf
2\2_000571.png,2,۲,IRANSans_Black.ttf
2\2_000572.png,2,۲,IRANSans_Bold.ttf
2\2_000573.png,2,۲,IRANSans_Light.ttf
2\2_000574.png,2,۲,IRANSans_Medium.ttf
2\2_000575.png,2,۲,IRANSans_UltraLight.ttf
2\2_000576.png,2,۲,IRANSansMobile(FaNum).ttf
2\2_000577.png,2,۲,IRANSansMobile(FaNum)_Black.ttf
2\2_000578.png,2,۲,IRANSansMobile(FaNum)_Bold.ttf
2\2_000579.png,2,۲,IRANSansMobile(FaNum)_Light.ttf
2\2_000580.png,2,۲,arial.ttf
2\2_000581.png,2,۲,arialbd.ttf
2\2_000582.png,2,۲,BNazanin.ttf
2\2_000583.png,2,۲,BYekan.ttf
2\2_000584.png,2,۲,IRANSans(FaNum).ttf
2\2_000585.png,2,۲,IRANSans(FaNum)_Black.ttf
2\2_000586.png,2,۲,IRANSans(FaNum)_Bold.ttf
2\2_000587.png,2,۲,IRANSans(FaNum)_Light.ttf
2\2_000588.png,2,۲,IRANSans(FaNum)_Medium.ttf
2\2_000589.png,2,۲,IRANSans(FaNum)_UltraLight.ttf
2\2_000590.png,2,۲,IRANSans.ttf
2\2_000591.png,2,۲,IRANSans_Black.ttf
2\2_000592.png,2,۲,IRANSans_Bold.ttf
2\2_000593.png,2,۲,IRANSans_Light.ttf
2\2_000594.png,2,۲,IRANSans_Medium.ttf
2\2_000595.png,2,۲,IRANSans_UltraLight.ttf
2\2_000596.png,2,۲,IRANSansMobile(FaNum).ttf
2\2_000597.png,2,۲,IRANSansMobile(FaNum)_Black.ttf
2\2_000598.png,2,۲,IRANSansMobile(FaNum)_Bold.ttf
2\2_000599.png,2,۲,IRANSansMobile(FaNum)_Light.ttf
2\2_000600.png,2,۲,arial.ttf
2\2_000601.png,2,۲,arialbd.ttf
2\2_000602.png,2,۲,BNazanin.ttf
2\2_000603.png,2,۲,BYekan.ttf
2\2_000604.png,2,۲,IRANSans(FaNum).ttf
2\2_000605.png,2,۲,IRANSans(FaNum)_Black.ttf
2\2_000606.png,2,۲,IRANSans(FaNum)_Bold.ttf
2\2_000607.png,2,۲,IRANSans(FaNum)_Light.ttf
2\2_000608.png,2,۲,IRANSans(FaNum)_Medium.ttf
2\2_000609.png,2,۲,IRANSans(FaNum)_UltraLight.ttf
2\2_000610.png,2,۲,IRANSans.ttf
2\2_000611.png,2,۲,IRANSans_Black.ttf
2\2_000612.png,2,۲,IRANSans_Bold.ttf
2\2_000613.png,2,۲,IRANSans_Light.ttf
2\2_000614.png,2,۲,IRANSans_Medium.ttf
2\2_000615.png,2,۲,IRANSans_UltraLight.ttf
2\2_000616.png,2,۲,IRANSansMobile(FaNum).ttf
2\2_000617.png,2,۲,IRANSansMobile(FaNum)_Black.ttf
2\2_000618.png,2,۲,IRANSansMobile(FaNum)_Bold.ttf
2\2_000619.png,2,۲,IRANSansMobile(FaNum)_Light.ttf
2\2_000620.png,2,۲,arial.ttf
2\2_000621.png,2,۲,arialbd.ttf
2\2_000622.png,2,۲,BNazanin.ttf
2\2_000623.png,2,۲,BYekan.ttf
2\2_000624.png,2,۲,IRANSans(FaNum).ttf
2\2_000625.png,2,۲,IRANSans(FaNum)_Black.ttf
2\2_000626.png,2,۲,IRANSans(FaNum)_Bold.ttf
2\2_000627.png,2,۲,IRANSans(FaNum)_Light.ttf
2\2_000628.png,2,۲,IRANSans(FaNum)_Medium.ttf
2\2_000629.png,2,۲,IRANSans(FaNum)_UltraLight.ttf
2\2_000630.png,2,۲,IRANSans.ttf
2\2_000631.png,2,۲,IRANSans_Black.ttf
2\2_000632.png,2,۲,IRANSans_Bold.ttf
2\2_000633.png,2,۲,IRANSans_Light.ttf
2\2_000634.png,2,۲,IRANSans_Medium.ttf
2\2_000635.png,2,۲,IRANSans_UltraLight.ttf
2\2_000636.png,2,۲,IRANSansMobile(FaNum).ttf
2\2_000637.png,2,۲,IRANSansMobile(FaNum)_Black.ttf
2\2_000638.png,2,۲,IRANSansMobile(FaNum)_Bold.ttf
2\2_000639.png,2,۲,IRANSansMobile(FaNum)_Light.ttf
2\2_000640.png,2,۲,arial.ttf
2\2_000641.png,2,۲,arialbd.ttf
2\2_000642.png,2,۲,BNazanin.ttf
2\2_000643.png,2,۲,BYekan.ttf
2\2_000644.png,2,۲,IRANSans(FaNum).ttf
2\2_000645.png,2,۲,IRANSans(FaNum)_Black.ttf
2\2_000646.png,2,۲,IRANSans(FaNum)_Bold.ttf
2\2_000647.png,2,۲,IRANSans(FaNum)_Light.ttf
2\2_000648.png,2,۲,IRANSans(FaNum)_Medium.ttf
2\2_000649.png,2,۲,IRANSans(FaNum)_UltraLight.ttf
2\2_000650.png,2,۲,IRANSans.ttf
2\2_000651.png,2,۲,IRANSans_Black.ttf
2\2_000652.png,2,۲,IRANSans_Bold.ttf
2\2_000653.png,2,۲,IRANSans_Light.ttf
2\2_000654.png,2,۲,IRANSans_Medium.ttf
2\2_000655.png,2,۲,IRANSans_UltraLight.ttf
2\2_000656.png,2,۲,IRANSansMobile(FaNum).ttf
2\2_000657.png,2,۲,IRANSansMobile(FaNum)_Black.ttf
2\2_000658.png,2,۲,IRANSansMobile(FaNum)_Bold.ttf
2\2_000659.png,2,۲,IRANSansMobile(FaNum)_Light.ttf
2\2_000660.png,2,۲,arial.ttf
2\2_000661.png,2,۲,arialbd.ttf
2\2_000662.png,2,۲,BNazanin.ttf
2\2_000663.png,2,۲,BYekan.ttf
2\2_000664.png,2,۲,IRANSans(FaNum).ttf
2\2_000665.png,2,۲,IRANSans(FaNum)_Black.ttf
2\2_000666.png,2,۲,IRANSans(FaNum)_Bold.ttf
2\2_000667.png,2,۲,IRANSans(FaNum)_Light.ttf
2\2_000668.png,2,۲,IRANSans(FaNum)_Medium.ttf
2\2_000669.png,2,۲,IRANSans(FaNum)_UltraLight.ttf
2\2_000670.png,2,۲,IRANSans.ttf
2\2_000671.png,2,۲,IRANSans_Black.ttf
2\2_000672.png,2,۲,IRANSans_Bold.ttf
2\2_000673.png,2,۲,IRANSans_Light.ttf
2\2_000674.png,2,۲,IRANSans_Medium.ttf
2\2_000675.png,2,۲,IRANSans_UltraLight.ttf
2\2_000676.png,2,۲,IRANSansMobile(FaNum).ttf
2\2_000677.png,2,۲,IRANSansMobile(FaNum)_Black.ttf
2\2_000678.png,2,۲,IRANSansMobile(FaNum)_Bold.ttf
2\2_000679.png,2,۲,IRANSansMobile(FaNum)_Light.ttf
2\2_000680.png,2,۲,arial.ttf
2\2_000681.png,2,۲,arialbd.ttf
2\2_000682.png,2,۲,BNazanin.ttf
2\2_000683.png,2,۲,BYekan.ttf
2\2_000684.png,2,۲,IRANSans(FaNum).ttf
2\2_000685.png,2,۲,IRANSans(FaNum)_Black.ttf
2\2_000686.png,2,۲,IRANSans(FaNum)_Bold.ttf
2\2_000687.png,2,۲,IRANSans(FaNum)_Light.ttf
2\2_000688.png,2,۲,IRANSans(FaNum)_Medium.ttf
2\2_000689.png,2,۲,IRANSans(FaNum)_UltraLight.ttf
2\2_000690.png,2,۲,IRANSans.ttf
2\2_000691.png,2,۲,IRANSans_Black.ttf
2\2_000692.png,2,۲,IRANSans_Bold.ttf
2\2_000693.png,2,۲,IRANSans_Light.ttf
2\2_000694.png,2,۲,IRANSans_Medium.ttf
2\2_000695.png,2,۲,IRANSans_UltraLight.ttf
2\2_000696.png,2,۲,IRANSansMobile(FaNum).ttf
2\2_000697.png,2,۲,IRANSansMobile(FaNum)_Black.ttf
2\2_000698.png,2,۲,IRANSansMobile(FaNum)_Bold.ttf
2\2_000699.png,2,۲,IRANSansMobile(FaNum)_Light.ttf
2\2_000700.png,2,۲,arial.ttf
2\2_000701.png,2,۲,arialbd.ttf
2\2_000702.png,2,۲,BNazanin.ttf
2\2_000703.png,2,۲,BYekan.ttf
2\2_000704.png,2,۲,IRANSans(FaNum).ttf
2\2_000705.png,2,۲,IRANSans(FaNum)_Black.ttf
2\2_000706.png,2,۲,IRANSans(FaNum)_Bold.ttf
2\2_000707.png,2,۲,IRANSans(FaNum)_Light.ttf
2\2_000708.png,2,۲,IRANSans(FaNum)_Medium.ttf
2\2_000709.png,2,۲,IRANSans(FaNum)_UltraLight.ttf
2\2_000710.png,2,۲,IRANSans.ttf
2\2_000711.png,2,۲,IRANSans_Black.ttf
2\2_000712.png,2,۲,IRANSans_Bold.ttf
2\2_000713.png,2,۲,IRANSans_Light.ttf
2\2_000714.png,2,۲,IRANSans_Medium.ttf
2\2_000715.png,2,۲,IRANSans_UltraLight.ttf
2\2_000716.png,2,۲,IRANSansMobile(FaNum).ttf
2\2_000717.png,2,۲,IRANSansMobile(FaNum)_Black.ttf
2\2_000718.png,2,۲,IRANSansMobile(FaNum)_Bold.ttf
2\2_000719.png,2,۲,IRANSansMobile(FaNum)_Light.ttf
2\2_000720.png,2,۲,arial.ttf
2\2_000721.png,2,۲,arialbd.ttf
2\2_000722.png,2,۲,BNazanin.ttf
2\2_000723.png,2,۲,BYekan.ttf
2\2_000724.png,2,۲,IRANSans(FaNum).ttf
2\2_000725.png,2,۲,IRANSans(FaNum)_Black.ttf
2\2_000726.png,2,۲,IRANSans(FaNum)_Bold.ttf
2\2_000727.png,2,۲,IRANSans(FaNum)_Light.ttf
2\2_000728.png,2,۲,IRANSans(FaNum)_Medium.ttf
2\2_000729.png,2,۲,IRANSans(FaNum)_UltraLight.ttf
2\2_000730.png,2,۲,IRANSans.ttf
2\2_000731.png,2,۲,IRANSans_Black.ttf
2\2_000732.png,2,۲,IRANSans_Bold.ttf
2\2_000733.png,2,۲,IRANSans_Light.ttf
2\2_000734.png,2,۲,IRANSans_Medium.ttf
2\2_000735.png,2,۲,IRANSans_UltraLight.ttf
2\2_000736.png,2,۲,IRANSansMobile(FaNum).ttf
2\2_000737.png,2,۲,IRANSansMobile(FaNum)_Black.ttf
2\2_000738.png,2,۲,IRANSansMobile(FaNum)_Bold.ttf
2\2_000739.png,2,۲,IRANSansMobile(FaNum)_Light.ttf
2\2_000740.png,2,۲,arial.ttf
2\2_000741.png,2,۲,arialbd.ttf
2\2_000742.png,2,۲,BNazanin.ttf
2\2_000743.png,2,۲,BYekan.ttf
2\2_000744.png,2,۲,IRANSans(FaNum).ttf
2\2_000745.png,2,۲,IRANSans(FaNum)_Black.ttf
2\2_000746.png,2,۲,IRANSans(FaNum)_Bold.ttf
2\2_000747.png,2,۲,IRANSans(FaNum)_Light.ttf
2\2_000748.png,2,۲,IRANSans(FaNum)_Medium.ttf
2\2_000749.png,2,۲,IRANSans(FaNum)_UltraLight.ttf
2\2_000750.png,2,۲,IRANSans.ttf
2\2_000751.png,2,۲,IRANSans_Black.ttf
2\2_000752.png,2,۲,IRANSans_Bold.ttf
2\2_000753.png,2,۲,IRANSans_Light.ttf
2\2_000754.png,2,۲,IRANSans_Medium.ttf
2\2_000755.png,2,۲,IRANSans_UltraLight.ttf
2\2_000756.png,2,۲,IRANSansMobile(FaNum).ttf
2\2_000757.png,2,۲,IRANSansMobile(FaNum)_Black.ttf
2\2_000758.png,2,۲,IRANSansMobile(FaNum)_Bold.ttf
2\2_000759.png,2,۲,IRANSansMobile(FaNum)_Light.ttf
2\2_000760.png,2,۲,arial.ttf
2\2_000761.png,2,۲,arialbd.ttf
2\2_000762.png,2,۲,BNazanin.ttf
2\2_000763.png,2,۲,BYekan.ttf
2\2_000764.png,2,۲,IRANSans(FaNum).ttf
2\2_000765.png,2,۲,IRANSans(FaNum)_Black.ttf
2\2_000766.png,2,۲,IRANSans(FaNum)_Bold.ttf
2\2_000767.png,2,۲,IRANSans(FaNum)_Light.ttf
2\2_000768.png,2,۲,IRANSans(FaNum)_Medium.ttf
2\2_000769.png,2,۲,IRANSans(FaNum)_UltraLight.ttf
2\2_000770.png,2,۲,IRANSans.ttf
2\2_000771.png,2,۲,IRANSans_Black.ttf
2\2_000772.png,2,۲,IRANSans_Bold.ttf
2\2_000773.png,2,۲,IRANSans_Light.ttf
2\2_000774.png,2,۲,IRANSans_Medium.ttf
2\2_000775.png,2,۲,IRANSans_UltraLight.ttf
2\2_000776.png,2,۲,IRANSansMobile(FaNum).ttf
2\2_000777.png,2,۲,IRANSansMobile(FaNum)_Black.ttf
2\2_000778.png,2,۲,IRANSansMobile(FaNum)_Bold.ttf
2\2_000779.png,2,۲,IRANSansMobile(FaNum)_Light.ttf
2\2_000780.png,2,۲,arial.ttf
2\2_000781.png,2,۲,arialbd.ttf
2\2_000782.png,2,۲,BNazanin.ttf
2\2_000783.png,2,۲,BYekan.ttf
2\2_000784.png,2,۲,IRANSans(FaNum).ttf
2\2_000785.png,2,۲,IRANSans(FaNum)_Black.ttf
2\2_000786.png,2,۲,IRANSans(FaNum)_Bold.ttf
2\2_000787.png,2,۲,IRANSans(FaNum)_Light.ttf
2\2_000788.png,2,۲,IRANSans(FaNum)_Medium.ttf
2\2_000789.png,2,۲,IRANSans(FaNum)_UltraLight.ttf
2\2_000790.png,2,۲,IRANSans.ttf
2\2_000791.png,2,۲,IRANSans_Black.ttf
2\2_000792.png,2,۲,IRANSans_Bold.ttf
2\2_000793.png,2,۲,IRANSans_Light.ttf
2\2_000794.png,2,۲,IRANSans_Medium.ttf
2\2_000795.png,2,۲,IRANSans_UltraLight.ttf
2\2_000796.png,2,۲,IRANSansMobile(FaNum).ttf
2\2_000797.png,2,۲,IRANSansMobile(FaNum)_Black.ttf
2\2_000798.png,2,۲,IRANSansMobile(FaNum)_Bold.ttf
2\2_000799.png,2,۲,IRANSansMobile(FaNum)_Light.ttf
2\2_000800.png,2,۲,arial.ttf
2\2_000801.png,2,۲,arialbd.ttf
2\2_000802.png,2,۲,BNazanin.ttf
2\2_000803.png,2,۲,BYekan.ttf
2\2_000804.png,2,۲,IRANSans(FaNum).ttf
2\2_000805.png,2,۲,IRANSans(FaNum)_Black.ttf
2\2_000806.png,2,۲,IRANSans(FaNum)_Bold.ttf
2\2_000807.png,2,۲,IRANSans(FaNum)_Light.ttf
2\2_000808.png,2,۲,IRANSans(FaNum)_Medium.ttf
2\2_000809.png,2,۲,IRANSans(FaNum)_UltraLight.ttf
2\2_000810.png,2,۲,IRANSans.ttf
2\2_000811.png,2,۲,IRANSans_Black.ttf
2\2_000812.png,2,۲,IRANSans_Bold.ttf
2\2_000813.png,2,۲,IRANSans_Light.ttf
2\2_000814.png,2,۲,IRANSans_Medium.ttf
2\2_000815.png,2,۲,IRANSans_UltraLight.ttf
2\2_000816.png,2,۲,IRANSansMobile(FaNum).ttf
2\2_000817.png,2,۲,IRANSansMobile(FaNum)_Black.ttf
2\2_000818.png,2,۲,IRANSansMobile(FaNum)_Bold.ttf
2\2_000819.png,2,۲,IRANSansMobile(FaNum)_Light.ttf
2\2_000820.png,2,۲,arial.ttf
2\2_000821.png,2,۲,arialbd.ttf
2\2_000822.png,2,۲,BNazanin.ttf
2\2_000823.png,2,۲,BYekan.ttf
2\2_000824.png,2,۲,IRANSans(FaNum).ttf
2\2_000825.png,2,۲,IRANSans(FaNum)_Black.ttf
2\2_000826.png,2,۲,IRANSans(FaNum)_Bold.ttf
2\2_000827.png,2,۲,IRANSans(FaNum)_Light.ttf
2\2_000828.png,2,۲,IRANSans(FaNum)_Medium.ttf
2\2_000829.png,2,۲,IRANSans(FaNum)_UltraLight.ttf
2\2_000830.png,2,۲,IRANSans.ttf
2\2_000831.png,2,۲,IRANSans_Black.ttf
2\2_000832.png,2,۲,IRANSans_Bold.ttf
2\2_000833.png,2,۲,IRANSans_Light.ttf
2\2_000834.png,2,۲,IRANSans_Medium.ttf
2\2_000835.png,2,۲,IRANSans_UltraLight.ttf
2\2_000836.png,2,۲,IRANSansMobile(FaNum).ttf
2\2_000837.png,2,۲,IRANSansMobile(FaNum)_Black.ttf
2\2_000838.png,2,۲,IRANSansMobile(FaNum)_Bold.ttf
2\2_000839.png,2,۲,IRANSansMobile(FaNum)_Light.ttf
2\2_000840.png,2,۲,arial.ttf
2\2_000841.png,2,۲,arialbd.ttf
2\2_000842.png,2,۲,BNazanin.ttf
2\2_000843.png,2,۲,BYekan.ttf
2\2_000844.png,2,۲,IRANSans(FaNum).ttf
2\2_000845.png,2,۲,IRANSans(FaNum)_Black.ttf
2\2_000846.png,2,۲,IRANSans(FaNum)_Bold.ttf
2\2_000847.png,2,۲,IRANSans(FaNum)_Light.ttf
2\2_000848.png,2,۲,IRANSans(FaNum)_Medium.ttf
2\2_000849.png,2,۲,IRANSans(FaNum)_UltraLight.ttf
2\2_000850.png,2,۲,IRANSans.ttf
2\2_000851.png,2,۲,IRANSans_Black.ttf
2\2_000852.png,2,۲,IRANSans_Bold.ttf
2\2_000853.png,2,۲,IRANSans_Light.ttf
2\2_000854.png,2,۲,IRANSans_Medium.ttf
2\2_000855.png,2,۲,IRANSans_UltraLight.ttf
2\2_000856.png,2,۲,IRANSansMobile(FaNum).ttf
2\2_000857.png,2,۲,IRANSansMobile(FaNum)_Black.ttf
2\2_000858.png,2,۲,IRANSansMobile(FaNum)_Bold.ttf
2\2_000859.png,2,۲,IRANSansMobile(FaNum)_Light.ttf
2\2_000860.png,2,۲,arial.ttf
2\2_000861.png,2,۲,arialbd.ttf
2\2_000862.png,2,۲,BNazanin.ttf
2\2_000863.png,2,۲,BYekan.ttf
2\2_000864.png,2,۲,IRANSans(FaNum).ttf
2\2_000865.png,2,۲,IRANSans(FaNum)_Black.ttf
2\2_000866.png,2,۲,IRANSans(FaNum)_Bold.ttf
2\2_000867.png,2,۲,IRANSans(FaNum)_Light.ttf
2\2_000868.png,2,۲,IRANSans(FaNum)_Medium.ttf
2\2_000869.png,2,۲,IRANSans(FaNum)_UltraLight.ttf
2\2_000870.png,2,۲,IRANSans.ttf
2\2_000871.png,2,۲,IRANSans_Black.ttf
2\2_000872.png,2,۲,IRANSans_Bold.ttf
2\2_000873.png,2,۲,IRANSans_Light.ttf
2\2_000874.png,2,۲,IRANSans_Medium.ttf
2\2_000875.png,2,۲,IRANSans_UltraLight.ttf
2\2_000876.png,2,۲,IRANSansMobile(FaNum).ttf
2\2_000877.png,2,۲,IRANSansMobile(FaNum)_Black.ttf
2\2_000878.png,2,۲,IRANSansMobile(FaNum)_Bold.ttf
2\2_000879.png,2,۲,IRANSansMobile(FaNum)_Light.ttf
2\2_000880.png,2,۲,arial.ttf
2\2_000881.png,2,۲,arialbd.ttf
2\2_000882.png,2,۲,BNazanin.ttf
2\2_000883.png,2,۲,BYekan.ttf
2\2_000884.png,2,۲,IRANSans(FaNum).ttf
2\2_000885.png,2,۲,IRANSans(FaNum)_Black.ttf
2\2_000886.png,2,۲,IRANSans(FaNum)_Bold.ttf
2\2_000887.png,2,۲,IRANSans(FaNum)_Light.ttf
2\2_000888.png,2,۲,IRANSans(FaNum)_Medium.ttf
2\2_000889.png,2,۲,IRANSans(FaNum)_UltraLight.ttf
2\2_000890.png,2,۲,IRANSans.ttf
2\2_000891.png,2,۲,IRANSans_Black.ttf
2\2_000892.png,2,۲,IRANSans_Bold.ttf
2\2_000893.png,2,۲,IRANSans_Light.ttf
2\2_000894.png,2,۲,IRANSans_Medium.ttf
2\2_000895.png,2,۲,IRANSans_UltraLight.ttf
2\2_000896.png,2,۲,IRANSansMobile(FaNum).ttf
2\2_000897.png,2,۲,IRANSansMobile(FaNum)_Black.ttf
2\2_000898.png,2,۲,IRANSansMobile(FaNum)_Bold.ttf
2\2_000899.png,2,۲,IRANSansMobile(FaNum)_Light.ttf
2\2_000900.png,2,۲,arial.ttf
2\2_000901.png,2,۲,arialbd.ttf
2\2_000902.png,2,۲,BNazanin.ttf
2\2_000903.png,2,۲,BYekan.ttf
2\2_000904.png,2,۲,IRANSans(FaNum).ttf
2\2_000905.png,2,۲,IRANSans(FaNum)_Black.ttf
2\2_000906.png,2,۲,IRANSans(FaNum)_Bold.ttf
2\2_000907.png,2,۲,IRANSans(FaNum)_Light.ttf
2\2_000908.png,2,۲,IRANSans(FaNum)_Medium.ttf
2\2_000909.png,2,۲,IRANSans(FaNum)_UltraLight.ttf
2\2_000910.png,2,۲,IRANSans.ttf
2\2_000911.png,2,۲,IRANSans_Black.ttf
2\2_000912.png,2,۲,IRANSans_Bold.ttf
2\2_000913.png,2,۲,IRANSans_Light.ttf
2\2_000914.png,2,۲,IRANSans_Medium.ttf
2\2_000915.png,2,۲,IRANSans_UltraLight.ttf
2\2_000916.png,2,۲,IRANSansMobile(FaNum).ttf
2\2_000917.png,2,۲,IRANSansMobile(FaNum)_Black.ttf
2\2_000918.png,2,۲,IRANSansMobile(FaNum)_Bold.ttf
2\2_000919.png,2,۲,IRANSansMobile(FaNum)_Light.ttf
2\2_000920.png,2,۲,arial.ttf
2\2_000921.png,2,۲,arialbd.ttf
2\2_000922.png,2,۲,BNazanin.ttf
2\2_000923.png,2,۲,BYekan.ttf
2\2_000924.png,2,۲,IRANSans(FaNum).ttf
2\2_000925.png,2,۲,IRANSans(FaNum)_Black.ttf
2\2_000926.png,2,۲,IRANSans(FaNum)_Bold.ttf
2\2_000927.png,2,۲,IRANSans(FaNum)_Light.ttf
2\2_000928.png,2,۲,IRANSans(FaNum)_Medium.ttf
2\2_000929.png,2,۲,IRANSans(FaNum)_UltraLight.ttf
2\2_000930.png,2,۲,IRANSans.ttf
2\2_000931.png,2,۲,IRANSans_Black.ttf
2\2_000932.png,2,۲,IRANSans_Bold.ttf
2\2_000933.png,2,۲,IRANSans_Light.ttf
2\2_000934.png,2,۲,IRANSans_Medium.ttf
2\2_000935.png,2,۲,IRANSans_UltraLight.ttf
2\2_000936.png,2,۲,IRANSansMobile(FaNum).ttf
2\2_000937.png,2,۲,IRANSansMobile(FaNum)_Black.ttf
2\2_000938.png,2,۲,IRANSansMobile(FaNum)_Bold.ttf
2\2_000939.png,2,۲,IRANSansMobile(FaNum)_Light.ttf
2\2_000940.png,2,۲,arial.ttf
2\2_000941.png,2,۲,arialbd.ttf
2\2_000942.png,2,۲,BNazanin.ttf
2\2_000943.png,2,۲,BYekan.ttf
2\2_000944.png,2,۲,IRANSans(FaNum).ttf
2\2_000945.png,2,۲,IRANSans(FaNum)_Black.ttf
2\2_000946.png,2,۲,IRANSans(FaNum)_Bold.ttf
2\2_000947.png,2,۲,IRANSans(FaNum)_Light.ttf
2\2_000948.png,2,۲,IRANSans(FaNum)_Medium.ttf
2\2_000949.png,2,۲,IRANSans(FaNum)_UltraLight.ttf
2\2_000950.png,2,۲,IRANSans.ttf
2\2_000951.png,2,۲,IRANSans_Black.ttf
2\2_000952.png,2,۲,IRANSans_Bold.ttf
2\2_000953.png,2,۲,IRANSans_Light.ttf
2\2_000954.png,2,۲,IRANSans_Medium.ttf
2\2_000955.png,2,۲,IRANSans_UltraLight.ttf
2\2_000956.png,2,۲,IRANSansMobile(FaNum).ttf
2\2_000957.png,2,۲,IRANSansMobile(FaNum)_Black.ttf
2\2_000958.png,2,۲,IRANSansMobile(FaNum)_Bold.ttf
2\2_000959.png,2,۲,IRANSansMobile(FaNum)_Light.ttf
2\2_000960.png,2,۲,arial.ttf
2\2_000961.png,2,۲,arialbd.ttf
2\2_000962.png,2,۲,BNazanin.ttf
2\2_000963.png,2,۲,BYekan.ttf
2\2_000964.png,2,۲,IRANSans(FaNum).ttf
2\2_000965.png,2,۲,IRANSans(FaNum)_Black.ttf
2\2_000966.png,2,۲,IRANSans(FaNum)_Bold.ttf
2\2_000967.png,2,۲,IRANSans(FaNum)_Light.ttf
2\2_000968.png,2,۲,IRANSans(FaNum)_Medium.ttf
2\2_000969.png,2,۲,IRANSans(FaNum)_UltraLight.ttf
2\2_000970.png,2,۲,IRANSans.ttf
2\2_000971.png,2,۲,IRANSans_Black.ttf
2\2_000972.png,2,۲,IRANSans_Bold.ttf
2\2_000973.png,2,۲,IRANSans_Light.ttf
2\2_000974.png,2,۲,IRANSans_Medium.ttf
2\2_000975.png,2,۲,IRANSans_UltraLight.ttf
2\2_000976.png,2,۲,IRANSansMobile(FaNum).ttf
2\2_000977.png,2,۲,IRANSansMobile(FaNum)_Black.ttf
2\2_000978.png,2,۲,IRANSansMobile(FaNum)_Bold.ttf
2\2_000979.png,2,۲,IRANSansMobile(FaNum)_Light.ttf
2\2_000980.png,2,۲,arial.ttf
2\2_000981.png,2,۲,arialbd.ttf
2\2_000982.png,2,۲,BNazanin.ttf
2\2_000983.png,2,۲,BYekan.ttf
2\2_000984.png,2,۲,IRANSans(FaNum).ttf
2\2_000985.png,2,۲,IRANSans(FaNum)_Black.ttf
2\2_000986.png,2,۲,IRANSans(FaNum)_Bold.ttf
2\2_000987.png,2,۲,IRANSans(FaNum)_Light.ttf
2\2_000988.png,2,۲,IRANSans(FaNum)_Medium.ttf
2\2_000989.png,2,۲,IRANSans(FaNum)_UltraLight.ttf
2\2_000990.png,2,۲,IRANSans.ttf
2\2_000991.png,2,۲,IRANSans_Black.ttf
2\2_000992.png,2,۲,IRANSans_Bold.ttf
2\2_000993.png,2,۲,IRANSans_Light.ttf
2\2_000994.png,2,۲,IRANSans_Medium.ttf
2\2_000995.png,2,۲,IRANSans_UltraLight.ttf
2\2_000996.png,2,۲,IRANSansMobile(FaNum).ttf
2\2_000997.png,2,۲,IRANSansMobile(FaNum)_Black.ttf
2\2_000998.png,2,۲,IRANSansMobile(FaNum)_Bold.ttf
2\2_000999.png,2,۲,IRANSansMobile(FaNum)_Light.ttf
3\3_000000.png,3,۳,arial.ttf
3\3_000001.png,3,۳,arialbd.ttf
3\3_000002.png,3,۳,BNazanin.ttf
3\3_000003.png,3,۳,BYekan.ttf
3\3_000004.png,3,۳,IRANSans(FaNum).ttf
3\3_000005.png,3,۳,IRANSans(FaNum)_Black.ttf
3\3_000006.png,3,۳,IRANSans(FaNum)_Bold.ttf
3\3_000007.png,3,۳,IRANSans(FaNum)_Light.ttf
3\3_000008.png,3,۳,IRANSans(FaNum)_Medium.ttf
3\3_000009.png,3,۳,IRANSans(FaNum)_UltraLight.ttf
3\3_000010.png,3,۳,IRANSans.ttf
3\3_000011.png,3,۳,IRANSans_Black.ttf
3\3_000012.png,3,۳,IRANSans_Bold.ttf
3\3_000013.png,3,۳,IRANSans_Light.ttf
3\3_000014.png,3,۳,IRANSans_Medium.ttf
3\3_000015.png,3,۳,IRANSans_UltraLight.ttf
3\3_000016.png,3,۳,IRANSansMobile(FaNum).ttf
3\3_000017.png,3,۳,IRANSansMobile(FaNum)_Black.ttf
3\3_000018.png,3,۳,IRANSansMobile(FaNum)_Bold.ttf
3\3_000019.png,3,۳,IRANSansMobile(FaNum)_Light.ttf
3\3_000020.png,3,۳,arial.ttf
3\3_000021.png,3,۳,arialbd.ttf
3\3_000022.png,3,۳,BNazanin.ttf
3\3_000023.png,3,۳,BYekan.ttf
3\3_000024.png,3,۳,IRANSans(FaNum).ttf
3\3_000025.png,3,۳,IRANSans(FaNum)_Black.ttf
3\3_000026.png,3,۳,IRANSans(FaNum)_Bold.ttf
3\3_000027.png,3,۳,IRANSans(FaNum)_Light.ttf
3\3_000028.png,3,۳,IRANSans(FaNum)_Medium.ttf
3\3_000029.png,3,۳,IRANSans(FaNum)_UltraLight.ttf
3\3_000030.png,3,۳,IRANSans.ttf
3\3_000031.png,3,۳,IRANSans_Black.ttf
3\3_000032.png,3,۳,IRANSans_Bold.ttf
3\3_000033.png,3,۳,IRANSans_Light.ttf
3\3_000034.png,3,۳,IRANSans_Medium.ttf
3\3_000035.png,3,۳,IRANSans_UltraLight.ttf
3\3_000036.png,3,۳,IRANSansMobile(FaNum).ttf
3\3_000037.png,3,۳,IRANSansMobile(FaNum)_Black.ttf
3\3_000038.png,3,۳,IRANSansMobile(FaNum)_Bold.ttf
3\3_000039.png,3,۳,IRANSansMobile(FaNum)_Light.ttf
3\3_000040.png,3,۳,arial.ttf
3\3_000041.png,3,۳,arialbd.ttf
3\3_000042.png,3,۳,BNazanin.ttf
3\3_000043.png,3,۳,BYekan.ttf
3\3_000044.png,3,۳,IRANSans(FaNum).ttf
3\3_000045.png,3,۳,IRANSans(FaNum)_Black.ttf
3\3_000046.png,3,۳,IRANSans(FaNum)_Bold.ttf
3\3_000047.png,3,۳,IRANSans(FaNum)_Light.ttf
3\3_000048.png,3,۳,IRANSans(FaNum)_Medium.ttf
3\3_000049.png,3,۳,IRANSans(FaNum)_UltraLight.ttf
3\3_000050.png,3,۳,IRANSans.ttf
3\3_000051.png,3,۳,IRANSans_Black.ttf
3\3_000052.png,3,۳,IRANSans_Bold.ttf
3\3_000053.png,3,۳,IRANSans_Light.ttf
3\3_000054.png,3,۳,IRANSans_Medium.ttf
3\3_000055.png,3,۳,IRANSans_UltraLight.ttf
3\3_000056.png,3,۳,IRANSansMobile(FaNum).ttf
3\3_000057.png,3,۳,IRANSansMobile(FaNum)_Black.ttf
3\3_000058.png,3,۳,IRANSansMobile(FaNum)_Bold.ttf
3\3_000059.png,3,۳,IRANSansMobile(FaNum)_Light.ttf
3\3_000060.png,3,۳,arial.ttf
3\3_000061.png,3,۳,arialbd.ttf
3\3_000062.png,3,۳,BNazanin.ttf
3\3_000063.png,3,۳,BYekan.ttf
3\3_000064.png,3,۳,IRANSans(FaNum).ttf
3\3_000065.png,3,۳,IRANSans(FaNum)_Black.ttf
3\3_000066.png,3,۳,IRANSans(FaNum)_Bold.ttf
3\3_000067.png,3,۳,IRANSans(FaNum)_Light.ttf
3\3_000068.png,3,۳,IRANSans(FaNum)_Medium.ttf
3\3_000069.png,3,۳,IRANSans(FaNum)_UltraLight.ttf
3\3_000070.png,3,۳,IRANSans.ttf
3\3_000071.png,3,۳,IRANSans_Black.ttf
3\3_000072.png,3,۳,IRANSans_Bold.ttf
3\3_000073.png,3,۳,IRANSans_Light.ttf
3\3_000074.png,3,۳,IRANSans_Medium.ttf
3\3_000075.png,3,۳,IRANSans_UltraLight.ttf
3\3_000076.png,3,۳,IRANSansMobile(FaNum).ttf
3\3_000077.png,3,۳,IRANSansMobile(FaNum)_Black.ttf
3\3_000078.png,3,۳,IRANSansMobile(FaNum)_Bold.ttf
3\3_000079.png,3,۳,IRANSansMobile(FaNum)_Light.ttf
3\3_000080.png,3,۳,arial.ttf
3\3_000081.png,3,۳,arialbd.ttf
3\3_000082.png,3,۳,BNazanin.ttf
3\3_000083.png,3,۳,BYekan.ttf
3\3_000084.png,3,۳,IRANSans(FaNum).ttf
3\3_000085.png,3,۳,IRANSans(FaNum)_Black.ttf
3\3_000086.png,3,۳,IRANSans(FaNum)_Bold.ttf
3\3_000087.png,3,۳,IRANSans(FaNum)_Light.ttf
3\3_000088.png,3,۳,IRANSans(FaNum)_Medium.ttf
3\3_000089.png,3,۳,IRANSans(FaNum)_UltraLight.ttf
3\3_000090.png,3,۳,IRANSans.ttf
3\3_000091.png,3,۳,IRANSans_Black.ttf
3\3_000092.png,3,۳,IRANSans_Bold.ttf
3\3_000093.png,3,۳,IRANSans_Light.ttf
3\3_000094.png,3,۳,IRANSans_Medium.ttf
3\3_000095.png,3,۳,IRANSans_UltraLight.ttf
3\3_000096.png,3,۳,IRANSansMobile(FaNum).ttf
3\3_000097.png,3,۳,IRANSansMobile(FaNum)_Black.ttf
3\3_000098.png,3,۳,IRANSansMobile(FaNum)_Bold.ttf
3\3_000099.png,3,۳,IRANSansMobile(FaNum)_Light.ttf
3\3_000100.png,3,۳,arial.ttf
3\3_000101.png,3,۳,arialbd.ttf
3\3_000102.png,3,۳,BNazanin.ttf
3\3_000103.png,3,۳,BYekan.ttf
3\3_000104.png,3,۳,IRANSans(FaNum).ttf
3\3_000105.png,3,۳,IRANSans(FaNum)_Black.ttf
3\3_000106.png,3,۳,IRANSans(FaNum)_Bold.ttf
3\3_000107.png,3,۳,IRANSans(FaNum)_Light.ttf
3\3_000108.png,3,۳,IRANSans(FaNum)_Medium.ttf
3\3_000109.png,3,۳,IRANSans(FaNum)_UltraLight.ttf
3\3_000110.png,3,۳,IRANSans.ttf
3\3_000111.png,3,۳,IRANSans_Black.ttf
3\3_000112.png,3,۳,IRANSans_Bold.ttf
3\3_000113.png,3,۳,IRANSans_Light.ttf
3\3_000114.png,3,۳,IRANSans_Medium.ttf
3\3_000115.png,3,۳,IRANSans_UltraLight.ttf
3\3_000116.png,3,۳,IRANSansMobile(FaNum).ttf
3\3_000117.png,3,۳,IRANSansMobile(FaNum)_Black.ttf
3\3_000118.png,3,۳,IRANSansMobile(FaNum)_Bold.ttf
3\3_000119.png,3,۳,IRANSansMobile(FaNum)_Light.ttf
3\3_000120.png,3,۳,arial.ttf
3\3_000121.png,3,۳,arialbd.ttf
3\3_000122.png,3,۳,BNazanin.ttf
3\3_000123.png,3,۳,BYekan.ttf
3\3_000124.png,3,۳,IRANSans(FaNum).ttf
3\3_000125.png,3,۳,IRANSans(FaNum)_Black.ttf
3\3_000126.png,3,۳,IRANSans(FaNum)_Bold.ttf
3\3_000127.png,3,۳,IRANSans(FaNum)_Light.ttf
3\3_000128.png,3,۳,IRANSans(FaNum)_Medium.ttf
3\3_000129.png,3,۳,IRANSans(FaNum)_UltraLight.ttf
3\3_000130.png,3,۳,IRANSans.ttf
3\3_000131.png,3,۳,IRANSans_Black.ttf
3\3_000132.png,3,۳,IRANSans_Bold.ttf
3\3_000133.png,3,۳,IRANSans_Light.ttf
3\3_000134.png,3,۳,IRANSans_Medium.ttf
3\3_000135.png,3,۳,IRANSans_UltraLight.ttf
3\3_000136.png,3,۳,IRANSansMobile(FaNum).ttf
3\3_000137.png,3,۳,IRANSansMobile(FaNum)_Black.ttf
3\3_000138.png,3,۳,IRANSansMobile(FaNum)_Bold.ttf
3\3_000139.png,3,۳,IRANSansMobile(FaNum)_Light.ttf
3\3_000140.png,3,۳,arial.ttf
3\3_000141.png,3,۳,arialbd.ttf
3\3_000142.png,3,۳,BNazanin.ttf
3\3_000143.png,3,۳,BYekan.ttf
3\3_000144.png,3,۳,IRANSans(FaNum).ttf
3\3_000145.png,3,۳,IRANSans(FaNum)_Black.ttf
3\3_000146.png,3,۳,IRANSans(FaNum)_Bold.ttf
3\3_000147.png,3,۳,IRANSans(FaNum)_Light.ttf
3\3_000148.png,3,۳,IRANSans(FaNum)_Medium.ttf
3\3_000149.png,3,۳,IRANSans(FaNum)_UltraLight.ttf
3\3_000150.png,3,۳,IRANSans.ttf
3\3_000151.png,3,۳,IRANSans_Black.ttf
3\3_000152.png,3,۳,IRANSans_Bold.ttf
3\3_000153.png,3,۳,IRANSans_Light.ttf
3\3_000154.png,3,۳,IRANSans_Medium.ttf
3\3_000155.png,3,۳,IRANSans_UltraLight.ttf
3\3_000156.png,3,۳,IRANSansMobile(FaNum).ttf
3\3_000157.png,3,۳,IRANSansMobile(FaNum)_Black.ttf
3\3_000158.png,3,۳,IRANSansMobile(FaNum)_Bold.ttf
3\3_000159.png,3,۳,IRANSansMobile(FaNum)_Light.ttf
3\3_000160.png,3,۳,arial.ttf
3\3_000161.png,3,۳,arialbd.ttf
3\3_000162.png,3,۳,BNazanin.ttf
3\3_000163.png,3,۳,BYekan.ttf
3\3_000164.png,3,۳,IRANSans(FaNum).ttf
3\3_000165.png,3,۳,IRANSans(FaNum)_Black.ttf
3\3_000166.png,3,۳,IRANSans(FaNum)_Bold.ttf
3\3_000167.png,3,۳,IRANSans(FaNum)_Light.ttf
3\3_000168.png,3,۳,IRANSans(FaNum)_Medium.ttf
3\3_000169.png,3,۳,IRANSans(FaNum)_UltraLight.ttf
3\3_000170.png,3,۳,IRANSans.ttf
3\3_000171.png,3,۳,IRANSans_Black.ttf
3\3_000172.png,3,۳,IRANSans_Bold.ttf
3\3_000173.png,3,۳,IRANSans_Light.ttf
3\3_000174.png,3,۳,IRANSans_Medium.ttf
3\3_000175.png,3,۳,IRANSans_UltraLight.ttf
3\3_000176.png,3,۳,IRANSansMobile(FaNum).ttf
3\3_000177.png,3,۳,IRANSansMobile(FaNum)_Black.ttf
3\3_000178.png,3,۳,IRANSansMobile(FaNum)_Bold.ttf
3\3_000179.png,3,۳,IRANSansMobile(FaNum)_Light.ttf
3\3_000180.png,3,۳,arial.ttf
3\3_000181.png,3,۳,arialbd.ttf
3\3_000182.png,3,۳,BNazanin.ttf
3\3_000183.png,3,۳,BYekan.ttf
3\3_000184.png,3,۳,IRANSans(FaNum).ttf
3\3_000185.png,3,۳,IRANSans(FaNum)_Black.ttf
3\3_000186.png,3,۳,IRANSans(FaNum)_Bold.ttf
3\3_000187.png,3,۳,IRANSans(FaNum)_Light.ttf
3\3_000188.png,3,۳,IRANSans(FaNum)_Medium.ttf
3\3_000189.png,3,۳,IRANSans(FaNum)_UltraLight.ttf
3\3_000190.png,3,۳,IRANSans.ttf
3\3_000191.png,3,۳,IRANSans_Black.ttf
3\3_000192.png,3,۳,IRANSans_Bold.ttf
3\3_000193.png,3,۳,IRANSans_Light.ttf
3\3_000194.png,3,۳,IRANSans_Medium.ttf
3\3_000195.png,3,۳,IRANSans_UltraLight.ttf
3\3_000196.png,3,۳,IRANSansMobile(FaNum).ttf
3\3_000197.png,3,۳,IRANSansMobile(FaNum)_Black.ttf
3\3_000198.png,3,۳,IRANSansMobile(FaNum)_Bold.ttf
3\3_000199.png,3,۳,IRANSansMobile(FaNum)_Light.ttf
3\3_000200.png,3,۳,arial.ttf
3\3_000201.png,3,۳,arialbd.ttf
3\3_000202.png,3,۳,BNazanin.ttf
3\3_000203.png,3,۳,BYekan.ttf
3\3_000204.png,3,۳,IRANSans(FaNum).ttf
3\3_000205.png,3,۳,IRANSans(FaNum)_Black.ttf
3\3_000206.png,3,۳,IRANSans(FaNum)_Bold.ttf
3\3_000207.png,3,۳,IRANSans(FaNum)_Light.ttf
3\3_000208.png,3,۳,IRANSans(FaNum)_Medium.ttf
3\3_000209.png,3,۳,IRANSans(FaNum)_UltraLight.ttf
3\3_000210.png,3,۳,IRANSans.ttf
3\3_000211.png,3,۳,IRANSans_Black.ttf
3\3_000212.png,3,۳,IRANSans_Bold.ttf
3\3_000213.png,3,۳,IRANSans_Light.ttf
3\3_000214.png,3,۳,IRANSans_Medium.ttf
3\3_000215.png,3,۳,IRANSans_UltraLight.ttf
3\3_000216.png,3,۳,IRANSansMobile(FaNum).ttf
3\3_000217.png,3,۳,IRANSansMobile(FaNum)_Black.ttf
3\3_000218.png,3,۳,IRANSansMobile(FaNum)_Bold.ttf
3\3_000219.png,3,۳,IRANSansMobile(FaNum)_Light.ttf
3\3_000220.png,3,۳,arial.ttf
3\3_000221.png,3,۳,arialbd.ttf
3\3_000222.png,3,۳,BNazanin.ttf
3\3_000223.png,3,۳,BYekan.ttf
3\3_000224.png,3,۳,IRANSans(FaNum).ttf
3\3_000225.png,3,۳,IRANSans(FaNum)_Black.ttf
3\3_000226.png,3,۳,IRANSans(FaNum)_Bold.ttf
3\3_000227.png,3,۳,IRANSans(FaNum)_Light.ttf
3\3_000228.png,3,۳,IRANSans(FaNum)_Medium.ttf
3\3_000229.png,3,۳,IRANSans(FaNum)_UltraLight.ttf
3\3_000230.png,3,۳,IRANSans.ttf
3\3_000231.png,3,۳,IRANSans_Black.ttf
3\3_000232.png,3,۳,IRANSans_Bold.ttf
3\3_000233.png,3,۳,IRANSans_Light.ttf
3\3_000234.png,3,۳,IRANSans_Medium.ttf
3\3_000235.png,3,۳,IRANSans_UltraLight.ttf
3\3_000236.png,3,۳,IRANSansMobile(FaNum).ttf
3\3_000237.png,3,۳,IRANSansMobile(FaNum)_Black.ttf
3\3_000238.png,3,۳,IRANSansMobile(FaNum)_Bold.ttf
3\3_000239.png,3,۳,IRANSansMobile(FaNum)_Light.ttf
3\3_000240.png,3,۳,arial.ttf
3\3_000241.png,3,۳,arialbd.ttf
3\3_000242.png,3,۳,BNazanin.ttf
3\3_000243.png,3,۳,BYekan.ttf
3\3_000244.png,3,۳,IRANSans(FaNum).ttf
3\3_000245.png,3,۳,IRANSans(FaNum)_Black.ttf
3\3_000246.png,3,۳,IRANSans(FaNum)_Bold.ttf
3\3_000247.png,3,۳,IRANSans(FaNum)_Light.ttf
3\3_000248.png,3,۳,IRANSans(FaNum)_Medium.ttf
3\3_000249.png,3,۳,IRANSans(FaNum)_UltraLight.ttf
3\3_000250.png,3,۳,IRANSans.ttf
3\3_000251.png,3,۳,IRANSans_Black.ttf
3\3_000252.png,3,۳,IRANSans_Bold.ttf
3\3_000253.png,3,۳,IRANSans_Light.ttf
3\3_000254.png,3,۳,IRANSans_Medium.ttf
3\3_000255.png,3,۳,IRANSans_UltraLight.ttf
3\3_000256.png,3,۳,IRANSansMobile(FaNum).ttf
3\3_000257.png,3,۳,IRANSansMobile(FaNum)_Black.ttf
3\3_000258.png,3,۳,IRANSansMobile(FaNum)_Bold.ttf
3\3_000259.png,3,۳,IRANSansMobile(FaNum)_Light.ttf
3\3_000260.png,3,۳,arial.ttf
3\3_000261.png,3,۳,arialbd.ttf
3\3_000262.png,3,۳,BNazanin.ttf
3\3_000263.png,3,۳,BYekan.ttf
3\3_000264.png,3,۳,IRANSans(FaNum).ttf
3\3_000265.png,3,۳,IRANSans(FaNum)_Black.ttf
3\3_000266.png,3,۳,IRANSans(FaNum)_Bold.ttf
3\3_000267.png,3,۳,IRANSans(FaNum)_Light.ttf
3\3_000268.png,3,۳,IRANSans(FaNum)_Medium.ttf
3\3_000269.png,3,۳,IRANSans(FaNum)_UltraLight.ttf
3\3_000270.png,3,۳,IRANSans.ttf
3\3_000271.png,3,۳,IRANSans_Black.ttf
3\3_000272.png,3,۳,IRANSans_Bold.ttf
3\3_000273.png,3,۳,IRANSans_Light.ttf
3\3_000274.png,3,۳,IRANSans_Medium.ttf
3\3_000275.png,3,۳,IRANSans_UltraLight.ttf
3\3_000276.png,3,۳,IRANSansMobile(FaNum).ttf
3\3_000277.png,3,۳,IRANSansMobile(FaNum)_Black.ttf
3\3_000278.png,3,۳,IRANSansMobile(FaNum)_Bold.ttf
3\3_000279.png,3,۳,IRANSansMobile(FaNum)_Light.ttf
3\3_000280.png,3,۳,arial.ttf
3\3_000281.png,3,۳,arialbd.ttf
3\3_000282.png,3,۳,BNazanin.ttf
3\3_000283.png,3,۳,BYekan.ttf
3\3_000284.png,3,۳,IRANSans(FaNum).ttf
3\3_000285.png,3,۳,IRANSans(FaNum)_Black.ttf
3\3_000286.png,3,۳,IRANSans(FaNum)_Bold.ttf
3\3_000287.png,3,۳,IRANSans(FaNum)_Light.ttf
3\3_000288.png,3,۳,IRANSans(FaNum)_Medium.ttf
3\3_000289.png,3,۳,IRANSans(FaNum)_UltraLight.ttf
3\3_000290.png,3,۳,IRANSans.ttf
3\3_000291.png,3,۳,IRANSans_Black.ttf
3\3_000292.png,3,۳,IRANSans_Bold.ttf
3\3_000293.png,3,۳,IRANSans_Light.ttf
3\3_000294.png,3,۳,IRANSans_Medium.ttf
3\3_000295.png,3,۳,IRANSans_UltraLight.ttf
3\3_000296.png,3,۳,IRANSansMobile(FaNum).ttf
3\3_000297.png,3,۳,IRANSansMobile(FaNum)_Black.ttf
3\3_000298.png,3,۳,IRANSansMobile(FaNum)_Bold.ttf
3\3_000299.png,3,۳,IRANSansMobile(FaNum)_Light.ttf
3\3_000300.png,3,۳,arial.ttf
3\3_000301.png,3,۳,arialbd.ttf
3\3_000302.png,3,۳,BNazanin.ttf
3\3_000303.png,3,۳,BYekan.ttf
3\3_000304.png,3,۳,IRANSans(FaNum).ttf
3\3_000305.png,3,۳,IRANSans(FaNum)_Black.ttf
3\3_000306.png,3,۳,IRANSans(FaNum)_Bold.ttf
3\3_000307.png,3,۳,IRANSans(FaNum)_Light.ttf
3\3_000308.png,3,۳,IRANSans(FaNum)_Medium.ttf
3\3_000309.png,3,۳,IRANSans(FaNum)_UltraLight.ttf
3\3_000310.png,3,۳,IRANSans.ttf
3\3_000311.png,3,۳,IRANSans_Black.ttf
3\3_000312.png,3,۳,IRANSans_Bold.ttf
3\3_000313.png,3,۳,IRANSans_Light.ttf
3\3_000314.png,3,۳,IRANSans_Medium.ttf
3\3_000315.png,3,۳,IRANSans_UltraLight.ttf
3\3_000316.png,3,۳,IRANSansMobile(FaNum).ttf
3\3_000317.png,3,۳,IRANSansMobile(FaNum)_Black.ttf
3\3_000318.png,3,۳,IRANSansMobile(FaNum)_Bold.ttf
3\3_000319.png,3,۳,IRANSansMobile(FaNum)_Light.ttf
3\3_000320.png,3,۳,arial.ttf
3\3_000321.png,3,۳,arialbd.ttf
3\3_000322.png,3,۳,BNazanin.ttf
3\3_000323.png,3,۳,BYekan.ttf
3\3_000324.png,3,۳,IRANSans(FaNum).ttf
3\3_000325.png,3,۳,IRANSans(FaNum)_Black.ttf
3\3_000326.png,3,۳,IRANSans(FaNum)_Bold.ttf
3\3_000327.png,3,۳,IRANSans(FaNum)_Light.ttf
3\3_000328.png,3,۳,IRANSans(FaNum)_Medium.ttf
3\3_000329.png,3,۳,IRANSans(FaNum)_UltraLight.ttf
3\3_000330.png,3,۳,IRANSans.ttf
3\3_000331.png,3,۳,IRANSans_Black.ttf
3\3_000332.png,3,۳,IRANSans_Bold.ttf
3\3_000333.png,3,۳,IRANSans_Light.ttf
3\3_000334.png,3,۳,IRANSans_Medium.ttf
3\3_000335.png,3,۳,IRANSans_UltraLight.ttf
3\3_000336.png,3,۳,IRANSansMobile(FaNum).ttf
3\3_000337.png,3,۳,IRANSansMobile(FaNum)_Black.ttf
3\3_000338.png,3,۳,IRANSansMobile(FaNum)_Bold.ttf
3\3_000339.png,3,۳,IRANSansMobile(FaNum)_Light.ttf
3\3_000340.png,3,۳,arial.ttf
3\3_000341.png,3,۳,arialbd.ttf
3\3_000342.png,3,۳,BNazanin.ttf
3\3_000343.png,3,۳,BYekan.ttf
3\3_000344.png,3,۳,IRANSans(FaNum).ttf
3\3_000345.png,3,۳,IRANSans(FaNum)_Black.ttf
3\3_000346.png,3,۳,IRANSans(FaNum)_Bold.ttf
3\3_000347.png,3,۳,IRANSans(FaNum)_Light.ttf
3\3_000348.png,3,۳,IRANSans(FaNum)_Medium.ttf
3\3_000349.png,3,۳,IRANSans(FaNum)_UltraLight.ttf
3\3_000350.png,3,۳,IRANSans.ttf
3\3_000351.png,3,۳,IRANSans_Black.ttf
3\3_000352.png,3,۳,IRANSans_Bold.ttf
3\3_000353.png,3,۳,IRANSans_Light.ttf
3\3_000354.png,3,۳,IRANSans_Medium.ttf
3\3_000355.png,3,۳,IRANSans_UltraLight.ttf
3\3_000356.png,3,۳,IRANSansMobile(FaNum).ttf
3\3_000357.png,3,۳,IRANSansMobile(FaNum)_Black.ttf
3\3_000358.png,3,۳,IRANSansMobile(FaNum)_Bold.ttf
3\3_000359.png,3,۳,IRANSansMobile(FaNum)_Light.ttf
3\3_000360.png,3,۳,arial.ttf
3\3_000361.png,3,۳,arialbd.ttf
3\3_000362.png,3,۳,BNazanin.ttf
3\3_000363.png,3,۳,BYekan.ttf
3\3_000364.png,3,۳,IRANSans(FaNum).ttf
3\3_000365.png,3,۳,IRANSans(FaNum)_Black.ttf
3\3_000366.png,3,۳,IRANSans(FaNum)_Bold.ttf
3\3_000367.png,3,۳,IRANSans(FaNum)_Light.ttf
3\3_000368.png,3,۳,IRANSans(FaNum)_Medium.ttf
3\3_000369.png,3,۳,IRANSans(FaNum)_UltraLight.ttf
3\3_000370.png,3,۳,IRANSans.ttf
3\3_000371.png,3,۳,IRANSans_Black.ttf
3\3_000372.png,3,۳,IRANSans_Bold.ttf
3\3_000373.png,3,۳,IRANSans_Light.ttf
3\3_000374.png,3,۳,IRANSans_Medium.ttf
3\3_000375.png,3,۳,IRANSans_UltraLight.ttf
3\3_000376.png,3,۳,IRANSansMobile(FaNum).ttf
3\3_000377.png,3,۳,IRANSansMobile(FaNum)_Black.ttf
3\3_000378.png,3,۳,IRANSansMobile(FaNum)_Bold.ttf
3\3_000379.png,3,۳,IRANSansMobile(FaNum)_Light.ttf
3\3_000380.png,3,۳,arial.ttf
3\3_000381.png,3,۳,arialbd.ttf
3\3_000382.png,3,۳,BNazanin.ttf
3\3_000383.png,3,۳,BYekan.ttf
3\3_000384.png,3,۳,IRANSans(FaNum).ttf
3\3_000385.png,3,۳,IRANSans(FaNum)_Black.ttf
3\3_000386.png,3,۳,IRANSans(FaNum)_Bold.ttf
3\3_000387.png,3,۳,IRANSans(FaNum)_Light.ttf
3\3_000388.png,3,۳,IRANSans(FaNum)_Medium.ttf
3\3_000389.png,3,۳,IRANSans(FaNum)_UltraLight.ttf
3\3_000390.png,3,۳,IRANSans.ttf
3\3_000391.png,3,۳,IRANSans_Black.ttf
3\3_000392.png,3,۳,IRANSans_Bold.ttf
3\3_000393.png,3,۳,IRANSans_Light.ttf
3\3_000394.png,3,۳,IRANSans_Medium.ttf
3\3_000395.png,3,۳,IRANSans_UltraLight.ttf
3\3_000396.png,3,۳,IRANSansMobile(FaNum).ttf
3\3_000397.png,3,۳,IRANSansMobile(FaNum)_Black.ttf
3\3_000398.png,3,۳,IRANSansMobile(FaNum)_Bold.ttf
3\3_000399.png,3,۳,IRANSansMobile(FaNum)_Light.ttf
3\3_000400.png,3,۳,arial.ttf
3\3_000401.png,3,۳,arialbd.ttf
3\3_000402.png,3,۳,BNazanin.ttf
3\3_000403.png,3,۳,BYekan.ttf
3\3_000404.png,3,۳,IRANSans(FaNum).ttf
3\3_000405.png,3,۳,IRANSans(FaNum)_Black.ttf
3\3_000406.png,3,۳,IRANSans(FaNum)_Bold.ttf
3\3_000407.png,3,۳,IRANSans(FaNum)_Light.ttf
3\3_000408.png,3,۳,IRANSans(FaNum)_Medium.ttf
3\3_000409.png,3,۳,IRANSans(FaNum)_UltraLight.ttf
3\3_000410.png,3,۳,IRANSans.ttf
3\3_000411.png,3,۳,IRANSans_Black.ttf
3\3_000412.png,3,۳,IRANSans_Bold.ttf
3\3_000413.png,3,۳,IRANSans_Light.ttf
3\3_000414.png,3,۳,IRANSans_Medium.ttf
3\3_000415.png,3,۳,IRANSans_UltraLight.ttf
3\3_000416.png,3,۳,IRANSansMobile(FaNum).ttf
3\3_000417.png,3,۳,IRANSansMobile(FaNum)_Black.ttf
3\3_000418.png,3,۳,IRANSansMobile(FaNum)_Bold.ttf
3\3_000419.png,3,۳,IRANSansMobile(FaNum)_Light.ttf
3\3_000420.png,3,۳,arial.ttf
3\3_000421.png,3,۳,arialbd.ttf
3\3_000422.png,3,۳,BNazanin.ttf
3\3_000423.png,3,۳,BYekan.ttf
3\3_000424.png,3,۳,IRANSans(FaNum).ttf
3\3_000425.png,3,۳,IRANSans(FaNum)_Black.ttf
3\3_000426.png,3,۳,IRANSans(FaNum)_Bold.ttf
3\3_000427.png,3,۳,IRANSans(FaNum)_Light.ttf
3\3_000428.png,3,۳,IRANSans(FaNum)_Medium.ttf
3\3_000429.png,3,۳,IRANSans(FaNum)_UltraLight.ttf
3\3_000430.png,3,۳,IRANSans.ttf
3\3_000431.png,3,۳,IRANSans_Black.ttf
3\3_000432.png,3,۳,IRANSans_Bold.ttf
3\3_000433.png,3,۳,IRANSans_Light.ttf
3\3_000434.png,3,۳,IRANSans_Medium.ttf
3\3_000435.png,3,۳,IRANSans_UltraLight.ttf
3\3_000436.png,3,۳,IRANSansMobile(FaNum).ttf
3\3_000437.png,3,۳,IRANSansMobile(FaNum)_Black.ttf
3\3_000438.png,3,۳,IRANSansMobile(FaNum)_Bold.ttf
3\3_000439.png,3,۳,IRANSansMobile(FaNum)_Light.ttf
3\3_000440.png,3,۳,arial.ttf
3\3_000441.png,3,۳,arialbd.ttf
3\3_000442.png,3,۳,BNazanin.ttf
3\3_000443.png,3,۳,BYekan.ttf
3\3_000444.png,3,۳,IRANSans(FaNum).ttf
3\3_000445.png,3,۳,IRANSans(FaNum)_Black.ttf
3\3_000446.png,3,۳,IRANSans(FaNum)_Bold.ttf
3\3_000447.png,3,۳,IRANSans(FaNum)_Light.ttf
3\3_000448.png,3,۳,IRANSans(FaNum)_Medium.ttf
3\3_000449.png,3,۳,IRANSans(FaNum)_UltraLight.ttf
3\3_000450.png,3,۳,IRANSans.ttf
3\3_000451.png,3,۳,IRANSans_Black.ttf
3\3_000452.png,3,۳,IRANSans_Bold.ttf
3\3_000453.png,3,۳,IRANSans_Light.ttf
3\3_000454.png,3,۳,IRANSans_Medium.ttf
3\3_000455.png,3,۳,IRANSans_UltraLight.ttf
3\3_000456.png,3,۳,IRANSansMobile(FaNum).ttf
3\3_000457.png,3,۳,IRANSansMobile(FaNum)_Black.ttf
3\3_000458.png,3,۳,IRANSansMobile(FaNum)_Bold.ttf
3\3_000459.png,3,۳,IRANSansMobile(FaNum)_Light.ttf
3\3_000460.png,3,۳,arial.ttf
3\3_000461.png,3,۳,arialbd.ttf
3\3_000462.png,3,۳,BNazanin.ttf
3\3_000463.png,3,۳,BYekan.ttf
3\3_000464.png,3,۳,IRANSans(FaNum).ttf
3\3_000465.png,3,۳,IRANSans(FaNum)_Black.ttf
3\3_000466.png,3,۳,IRANSans(FaNum)_Bold.ttf
3\3_000467.png,3,۳,IRANSans(FaNum)_Light.ttf
3\3_000468.png,3,۳,IRANSans(FaNum)_Medium.ttf
3\3_000469.png,3,۳,IRANSans(FaNum)_UltraLight.ttf
3\3_000470.png,3,۳,IRANSans.ttf
3\3_000471.png,3,۳,IRANSans_Black.ttf
3\3_000472.png,3,۳,IRANSans_Bold.ttf
3\3_000473.png,3,۳,IRANSans_Light.ttf
3\3_000474.png,3,۳,IRANSans_Medium.ttf
3\3_000475.png,3,۳,IRANSans_UltraLight.ttf
3\3_000476.png,3,۳,IRANSansMobile(FaNum).ttf
3\3_000477.png,3,۳,IRANSansMobile(FaNum)_Black.ttf
3\3_000478.png,3,۳,IRANSansMobile(FaNum)_Bold.ttf
3\3_000479.png,3,۳,IRANSansMobile(FaNum)_Light.ttf
3\3_000480.png,3,۳,arial.ttf
3\3_000481.png,3,۳,arialbd.ttf
3\3_000482.png,3,۳,BNazanin.ttf
3\3_000483.png,3,۳,BYekan.ttf
3\3_000484.png,3,۳,IRANSans(FaNum).ttf
3\3_000485.png,3,۳,IRANSans(FaNum)_Black.ttf
3\3_000486.png,3,۳,IRANSans(FaNum)_Bold.ttf
3\3_000487.png,3,۳,IRANSans(FaNum)_Light.ttf
3\3_000488.png,3,۳,IRANSans(FaNum)_Medium.ttf
3\3_000489.png,3,۳,IRANSans(FaNum)_UltraLight.ttf
3\3_000490.png,3,۳,IRANSans.ttf
3\3_000491.png,3,۳,IRANSans_Black.ttf
3\3_000492.png,3,۳,IRANSans_Bold.ttf
3\3_000493.png,3,۳,IRANSans_Light.ttf
3\3_000494.png,3,۳,IRANSans_Medium.ttf
3\3_000495.png,3,۳,IRANSans_UltraLight.ttf
3\3_000496.png,3,۳,IRANSansMobile(FaNum).ttf
3\3_000497.png,3,۳,IRANSansMobile(FaNum)_Black.ttf
3\3_000498.png,3,۳,IRANSansMobile(FaNum)_Bold.ttf
3\3_000499.png,3,۳,IRANSansMobile(FaNum)_Light.ttf
3\3_000500.png,3,۳,arial.ttf
3\3_000501.png,3,۳,arialbd.ttf
3\3_000502.png,3,۳,BNazanin.ttf
3\3_000503.png,3,۳,BYekan.ttf
3\3_000504.png,3,۳,IRANSans(FaNum).ttf
3\3_000505.png,3,۳,IRANSans(FaNum)_Black.ttf
3\3_000506.png,3,۳,IRANSans(FaNum)_Bold.ttf
3\3_000507.png,3,۳,IRANSans(FaNum)_Light.ttf
3\3_000508.png,3,۳,IRANSans(FaNum)_Medium.ttf
3\3_000509.png,3,۳,IRANSans(FaNum)_UltraLight.ttf
3\3_000510.png,3,۳,IRANSans.ttf
3\3_000511.png,3,۳,IRANSans_Black.ttf
3\3_000512.png,3,۳,IRANSans_Bold.ttf
3\3_000513.png,3,۳,IRANSans_Light.ttf
3\3_000514.png,3,۳,IRANSans_Medium.ttf
3\3_000515.png,3,۳,IRANSans_UltraLight.ttf
3\3_000516.png,3,۳,IRANSansMobile(FaNum).ttf
3\3_000517.png,3,۳,IRANSansMobile(FaNum)_Black.ttf
3\3_000518.png,3,۳,IRANSansMobile(FaNum)_Bold.ttf
3\3_000519.png,3,۳,IRANSansMobile(FaNum)_Light.ttf
3\3_000520.png,3,۳,arial.ttf
3\3_000521.png,3,۳,arialbd.ttf
3\3_000522.png,3,۳,BNazanin.ttf
3\3_000523.png,3,۳,BYekan.ttf
3\3_000524.png,3,۳,IRANSans(FaNum).ttf
3\3_000525.png,3,۳,IRANSans(FaNum)_Black.ttf
3\3_000526.png,3,۳,IRANSans(FaNum)_Bold.ttf
3\3_000527.png,3,۳,IRANSans(FaNum)_Light.ttf
3\3_000528.png,3,۳,IRANSans(FaNum)_Medium.ttf
3\3_000529.png,3,۳,IRANSans(FaNum)_UltraLight.ttf
3\3_000530.png,3,۳,IRANSans.ttf
3\3_000531.png,3,۳,IRANSans_Black.ttf
3\3_000532.png,3,۳,IRANSans_Bold.ttf
3\3_000533.png,3,۳,IRANSans_Light.ttf
3\3_000534.png,3,۳,IRANSans_Medium.ttf
3\3_000535.png,3,۳,IRANSans_UltraLight.ttf
3\3_000536.png,3,۳,IRANSansMobile(FaNum).ttf
3\3_000537.png,3,۳,IRANSansMobile(FaNum)_Black.ttf
3\3_000538.png,3,۳,IRANSansMobile(FaNum)_Bold.ttf
3\3_000539.png,3,۳,IRANSansMobile(FaNum)_Light.ttf
3\3_000540.png,3,۳,arial.ttf
3\3_000541.png,3,۳,arialbd.ttf
3\3_000542.png,3,۳,BNazanin.ttf
3\3_000543.png,3,۳,BYekan.ttf
3\3_000544.png,3,۳,IRANSans(FaNum).ttf
3\3_000545.png,3,۳,IRANSans(FaNum)_Black.ttf
3\3_000546.png,3,۳,IRANSans(FaNum)_Bold.ttf
3\3_000547.png,3,۳,IRANSans(FaNum)_Light.ttf
3\3_000548.png,3,۳,IRANSans(FaNum)_Medium.ttf
3\3_000549.png,3,۳,IRANSans(FaNum)_UltraLight.ttf
3\3_000550.png,3,۳,IRANSans.ttf
3\3_000551.png,3,۳,IRANSans_Black.ttf
3\3_000552.png,3,۳,IRANSans_Bold.ttf
3\3_000553.png,3,۳,IRANSans_Light.ttf
3\3_000554.png,3,۳,IRANSans_Medium.ttf
3\3_000555.png,3,۳,IRANSans_UltraLight.ttf
3\3_000556.png,3,۳,IRANSansMobile(FaNum).ttf
3\3_000557.png,3,۳,IRANSansMobile(FaNum)_Black.ttf
3\3_000558.png,3,۳,IRANSansMobile(FaNum)_Bold.ttf
3\3_000559.png,3,۳,IRANSansMobile(FaNum)_Light.ttf
3\3_000560.png,3,۳,arial.ttf
3\3_000561.png,3,۳,arialbd.ttf
3\3_000562.png,3,۳,BNazanin.ttf
3\3_000563.png,3,۳,BYekan.ttf
3\3_000564.png,3,۳,IRANSans(FaNum).ttf
3\3_000565.png,3,۳,IRANSans(FaNum)_Black.ttf
3\3_000566.png,3,۳,IRANSans(FaNum)_Bold.ttf
3\3_000567.png,3,۳,IRANSans(FaNum)_Light.ttf
3\3_000568.png,3,۳,IRANSans(FaNum)_Medium.ttf
3\3_000569.png,3,۳,IRANSans(FaNum)_UltraLight.ttf
3\3_000570.png,3,۳,IRANSans.ttf
3\3_000571.png,3,۳,IRANSans_Black.ttf
3\3_000572.png,3,۳,IRANSans_Bold.ttf
3\3_000573.png,3,۳,IRANSans_Light.ttf
3\3_000574.png,3,۳,IRANSans_Medium.ttf
3\3_000575.png,3,۳,IRANSans_UltraLight.ttf
3\3_000576.png,3,۳,IRANSansMobile(FaNum).ttf
3\3_000577.png,3,۳,IRANSansMobile(FaNum)_Black.ttf
3\3_000578.png,3,۳,IRANSansMobile(FaNum)_Bold.ttf
3\3_000579.png,3,۳,IRANSansMobile(FaNum)_Light.ttf
3\3_000580.png,3,۳,arial.ttf
3\3_000581.png,3,۳,arialbd.ttf
3\3_000582.png,3,۳,BNazanin.ttf
3\3_000583.png,3,۳,BYekan.ttf
3\3_000584.png,3,۳,IRANSans(FaNum).ttf
3\3_000585.png,3,۳,IRANSans(FaNum)_Black.ttf
3\3_000586.png,3,۳,IRANSans(FaNum)_Bold.ttf
3\3_000587.png,3,۳,IRANSans(FaNum)_Light.ttf
3\3_000588.png,3,۳,IRANSans(FaNum)_Medium.ttf
3\3_000589.png,3,۳,IRANSans(FaNum)_UltraLight.ttf
3\3_000590.png,3,۳,IRANSans.ttf
3\3_000591.png,3,۳,IRANSans_Black.ttf
3\3_000592.png,3,۳,IRANSans_Bold.ttf
3\3_000593.png,3,۳,IRANSans_Light.ttf
3\3_000594.png,3,۳,IRANSans_Medium.ttf
3\3_000595.png,3,۳,IRANSans_UltraLight.ttf
3\3_000596.png,3,۳,IRANSansMobile(FaNum).ttf
3\3_000597.png,3,۳,IRANSansMobile(FaNum)_Black.ttf
3\3_000598.png,3,۳,IRANSansMobile(FaNum)_Bold.ttf
3\3_000599.png,3,۳,IRANSansMobile(FaNum)_Light.ttf
3\3_000600.png,3,۳,arial.ttf
3\3_000601.png,3,۳,arialbd.ttf
3\3_000602.png,3,۳,BNazanin.ttf
3\3_000603.png,3,۳,BYekan.ttf
3\3_000604.png,3,۳,IRANSans(FaNum).ttf
3\3_000605.png,3,۳,IRANSans(FaNum)_Black.ttf
3\3_000606.png,3,۳,IRANSans(FaNum)_Bold.ttf
3\3_000607.png,3,۳,IRANSans(FaNum)_Light.ttf
3\3_000608.png,3,۳,IRANSans(FaNum)_Medium.ttf
3\3_000609.png,3,۳,IRANSans(FaNum)_UltraLight.ttf
3\3_000610.png,3,۳,IRANSans.ttf
3\3_000611.png,3,۳,IRANSans_Black.ttf
3\3_000612.png,3,۳,IRANSans_Bold.ttf
3\3_000613.png,3,۳,IRANSans_Light.ttf
3\3_000614.png,3,۳,IRANSans_Medium.ttf
3\3_000615.png,3,۳,IRANSans_UltraLight.ttf
3\3_000616.png,3,۳,IRANSansMobile(FaNum).ttf
3\3_000617.png,3,۳,IRANSansMobile(FaNum)_Black.ttf
3\3_000618.png,3,۳,IRANSansMobile(FaNum)_Bold.ttf
3\3_000619.png,3,۳,IRANSansMobile(FaNum)_Light.ttf
3\3_000620.png,3,۳,arial.ttf
3\3_000621.png,3,۳,arialbd.ttf
3\3_000622.png,3,۳,BNazanin.ttf
3\3_000623.png,3,۳,BYekan.ttf
3\3_000624.png,3,۳,IRANSans(FaNum).ttf
3\3_000625.png,3,۳,IRANSans(FaNum)_Black.ttf
3\3_000626.png,3,۳,IRANSans(FaNum)_Bold.ttf
3\3_000627.png,3,۳,IRANSans(FaNum)_Light.ttf
3\3_000628.png,3,۳,IRANSans(FaNum)_Medium.ttf
3\3_000629.png,3,۳,IRANSans(FaNum)_UltraLight.ttf
3\3_000630.png,3,۳,IRANSans.ttf
3\3_000631.png,3,۳,IRANSans_Black.ttf
3\3_000632.png,3,۳,IRANSans_Bold.ttf
3\3_000633.png,3,۳,IRANSans_Light.ttf
3\3_000634.png,3,۳,IRANSans_Medium.ttf
3\3_000635.png,3,۳,IRANSans_UltraLight.ttf
3\3_000636.png,3,۳,IRANSansMobile(FaNum).ttf
3\3_000637.png,3,۳,IRANSansMobile(FaNum)_Black.ttf
3\3_000638.png,3,۳,IRANSansMobile(FaNum)_Bold.ttf
3\3_000639.png,3,۳,IRANSansMobile(FaNum)_Light.ttf
3\3_000640.png,3,۳,arial.ttf
3\3_000641.png,3,۳,arialbd.ttf
3\3_000642.png,3,۳,BNazanin.ttf
3\3_000643.png,3,۳,BYekan.ttf
3\3_000644.png,3,۳,IRANSans(FaNum).ttf
3\3_000645.png,3,۳,IRANSans(FaNum)_Black.ttf
3\3_000646.png,3,۳,IRANSans(FaNum)_Bold.ttf
3\3_000647.png,3,۳,IRANSans(FaNum)_Light.ttf
3\3_000648.png,3,۳,IRANSans(FaNum)_Medium.ttf
3\3_000649.png,3,۳,IRANSans(FaNum)_UltraLight.ttf
3\3_000650.png,3,۳,IRANSans.ttf
3\3_000651.png,3,۳,IRANSans_Black.ttf
3\3_000652.png,3,۳,IRANSans_Bold.ttf
3\3_000653.png,3,۳,IRANSans_Light.ttf
3\3_000654.png,3,۳,IRANSans_Medium.ttf
3\3_000655.png,3,۳,IRANSans_UltraLight.ttf
3\3_000656.png,3,۳,IRANSansMobile(FaNum).ttf
3\3_000657.png,3,۳,IRANSansMobile(FaNum)_Black.ttf
3\3_000658.png,3,۳,IRANSansMobile(FaNum)_Bold.ttf
3\3_000659.png,3,۳,IRANSansMobile(FaNum)_Light.ttf
3\3_000660.png,3,۳,arial.ttf
3\3_000661.png,3,۳,arialbd.ttf
3\3_000662.png,3,۳,BNazanin.ttf
3\3_000663.png,3,۳,BYekan.ttf
3\3_000664.png,3,۳,IRANSans(FaNum).ttf
3\3_000665.png,3,۳,IRANSans(FaNum)_Black.ttf
3\3_000666.png,3,۳,IRANSans(FaNum)_Bold.ttf
3\3_000667.png,3,۳,IRANSans(FaNum)_Light.ttf
3\3_000668.png,3,۳,IRANSans(FaNum)_Medium.ttf
3\3_000669.png,3,۳,IRANSans(FaNum)_UltraLight.ttf
3\3_000670.png,3,۳,IRANSans.ttf
3\3_000671.png,3,۳,IRANSans_Black.ttf
3\3_000672.png,3,۳,IRANSans_Bold.ttf
3\3_000673.png,3,۳,IRANSans_Light.ttf
3\3_000674.png,3,۳,IRANSans_Medium.ttf
3\3_000675.png,3,۳,IRANSans_UltraLight.ttf
3\3_000676.png,3,۳,IRANSansMobile(FaNum).ttf
3\3_000677.png,3,۳,IRANSansMobile(FaNum)_Black.ttf
3\3_000678.png,3,۳,IRANSansMobile(FaNum)_Bold.ttf
3\3_000679.png,3,۳,IRANSansMobile(FaNum)_Light.ttf
3\3_000680.png,3,۳,arial.ttf
3\3_000681.png,3,۳,arialbd.ttf
3\3_000682.png,3,۳,BNazanin.ttf
3\3_000683.png,3,۳,BYekan.ttf
3\3_000684.png,3,۳,IRANSans(FaNum).ttf
3\3_000685.png,3,۳,IRANSans(FaNum)_Black.ttf
3\3_000686.png,3,۳,IRANSans(FaNum)_Bold.ttf
3\3_000687.png,3,۳,IRANSans(FaNum)_Light.ttf
3\3_000688.png,3,۳,IRANSans(FaNum)_Medium.ttf
3\3_000689.png,3,۳,IRANSans(FaNum)_UltraLight.ttf
3\3_000690.png,3,۳,IRANSans.ttf
3\3_000691.png,3,۳,IRANSans_Black.ttf
3\3_000692.png,3,۳,IRANSans_Bold.ttf
3\3_000693.png,3,۳,IRANSans_Light.ttf
3\3_000694.png,3,۳,IRANSans_Medium.ttf
3\3_000695.png,3,۳,IRANSans_UltraLight.ttf
3\3_000696.png,3,۳,IRANSansMobile(FaNum).ttf
3\3_000697.png,3,۳,IRANSansMobile(FaNum)_Black.ttf
3\3_000698.png,3,۳,IRANSansMobile(FaNum)_Bold.ttf
3\3_000699.png,3,۳,IRANSansMobile(FaNum)_Light.ttf
3\3_000700.png,3,۳,arial.ttf
3\3_000701.png,3,۳,arialbd.ttf
3\3_000702.png,3,۳,BNazanin.ttf
3\3_000703.png,3,۳,BYekan.ttf
3\3_000704.png,3,۳,IRANSans(FaNum).ttf
3\3_000705.png,3,۳,IRANSans(FaNum)_Black.ttf
3\3_000706.png,3,۳,IRANSans(FaNum)_Bold.ttf
3\3_000707.png,3,۳,IRANSans(FaNum)_Light.ttf
3\3_000708.png,3,۳,IRANSans(FaNum)_Medium.ttf
3\3_000709.png,3,۳,IRANSans(FaNum)_UltraLight.ttf
3\3_000710.png,3,۳,IRANSans.ttf
3\3_000711.png,3,۳,IRANSans_Black.ttf
3\3_000712.png,3,۳,IRANSans_Bold.ttf
3\3_000713.png,3,۳,IRANSans_Light.ttf
3\3_000714.png,3,۳,IRANSans_Medium.ttf
3\3_000715.png,3,۳,IRANSans_UltraLight.ttf
3\3_000716.png,3,۳,IRANSansMobile(FaNum).ttf
3\3_000717.png,3,۳,IRANSansMobile(FaNum)_Black.ttf
3\3_000718.png,3,۳,IRANSansMobile(FaNum)_Bold.ttf
3\3_000719.png,3,۳,IRANSansMobile(FaNum)_Light.ttf
3\3_000720.png,3,۳,arial.ttf
3\3_000721.png,3,۳,arialbd.ttf
3\3_000722.png,3,۳,BNazanin.ttf
3\3_000723.png,3,۳,BYekan.ttf
3\3_000724.png,3,۳,IRANSans(FaNum).ttf
3\3_000725.png,3,۳,IRANSans(FaNum)_Black.ttf
3\3_000726.png,3,۳,IRANSans(FaNum)_Bold.ttf
3\3_000727.png,3,۳,IRANSans(FaNum)_Light.ttf
3\3_000728.png,3,۳,IRANSans(FaNum)_Medium.ttf
3\3_000729.png,3,۳,IRANSans(FaNum)_UltraLight.ttf
3\3_000730.png,3,۳,IRANSans.ttf
3\3_000731.png,3,۳,IRANSans_Black.ttf
3\3_000732.png,3,۳,IRANSans_Bold.ttf
3\3_000733.png,3,۳,IRANSans_Light.ttf
3\3_000734.png,3,۳,IRANSans_Medium.ttf
3\3_000735.png,3,۳,IRANSans_UltraLight.ttf
3\3_000736.png,3,۳,IRANSansMobile(FaNum).ttf
3\3_000737.png,3,۳,IRANSansMobile(FaNum)_Black.ttf
3\3_000738.png,3,۳,IRANSansMobile(FaNum)_Bold.ttf
3\3_000739.png,3,۳,IRANSansMobile(FaNum)_Light.ttf
3\3_000740.png,3,۳,arial.ttf
3\3_000741.png,3,۳,arialbd.ttf
3\3_000742.png,3,۳,BNazanin.ttf
3\3_000743.png,3,۳,BYekan.ttf
3\3_000744.png,3,۳,IRANSans(FaNum).ttf
3\3_000745.png,3,۳,IRANSans(FaNum)_Black.ttf
3\3_000746.png,3,۳,IRANSans(FaNum)_Bold.ttf
3\3_000747.png,3,۳,IRANSans(FaNum)_Light.ttf
3\3_000748.png,3,۳,IRANSans(FaNum)_Medium.ttf
3\3_000749.png,3,۳,IRANSans(FaNum)_UltraLight.ttf
3\3_000750.png,3,۳,IRANSans.ttf
3\3_000751.png,3,۳,IRANSans_Black.ttf
3\3_000752.png,3,۳,IRANSans_Bold.ttf
3\3_000753.png,3,۳,IRANSans_Light.ttf
3\3_000754.png,3,۳,IRANSans_Medium.ttf
3\3_000755.png,3,۳,IRANSans_UltraLight.ttf
3\3_000756.png,3,۳,IRANSansMobile(FaNum).ttf
3\3_000757.png,3,۳,IRANSansMobile(FaNum)_Black.ttf
3\3_000758.png,3,۳,IRANSansMobile(FaNum)_Bold.ttf
3\3_000759.png,3,۳,IRANSansMobile(FaNum)_Light.ttf
3\3_000760.png,3,۳,arial.ttf
3\3_000761.png,3,۳,arialbd.ttf
3\3_000762.png,3,۳,BNazanin.ttf
3\3_000763.png,3,۳,BYekan.ttf
3\3_000764.png,3,۳,IRANSans(FaNum).ttf
3\3_000765.png,3,۳,IRANSans(FaNum)_Black.ttf
3\3_000766.png,3,۳,IRANSans(FaNum)_Bold.ttf
3\3_000767.png,3,۳,IRANSans(FaNum)_Light.ttf
3\3_000768.png,3,۳,IRANSans(FaNum)_Medium.ttf
3\3_000769.png,3,۳,IRANSans(FaNum)_UltraLight.ttf
3\3_000770.png,3,۳,IRANSans.ttf
3\3_000771.png,3,۳,IRANSans_Black.ttf
3\3_000772.png,3,۳,IRANSans_Bold.ttf
3\3_000773.png,3,۳,IRANSans_Light.ttf
3\3_000774.png,3,۳,IRANSans_Medium.ttf
3\3_000775.png,3,۳,IRANSans_UltraLight.ttf
3\3_000776.png,3,۳,IRANSansMobile(FaNum).ttf
3\3_000777.png,3,۳,IRANSansMobile(FaNum)_Black.ttf
3\3_000778.png,3,۳,IRANSansMobile(FaNum)_Bold.ttf
3\3_000779.png,3,۳,IRANSansMobile(FaNum)_Light.ttf
3\3_000780.png,3,۳,arial.ttf
3\3_000781.png,3,۳,arialbd.ttf
3\3_000782.png,3,۳,BNazanin.ttf
3\3_000783.png,3,۳,BYekan.ttf
3\3_000784.png,3,۳,IRANSans(FaNum).ttf
3\3_000785.png,3,۳,IRANSans(FaNum)_Black.ttf
3\3_000786.png,3,۳,IRANSans(FaNum)_Bold.ttf
3\3_000787.png,3,۳,IRANSans(FaNum)_Light.ttf
3\3_000788.png,3,۳,IRANSans(FaNum)_Medium.ttf
3\3_000789.png,3,۳,IRANSans(FaNum)_UltraLight.ttf
3\3_000790.png,3,۳,IRANSans.ttf
3\3_000791.png,3,۳,IRANSans_Black.ttf
3\3_000792.png,3,۳,IRANSans_Bold.ttf
3\3_000793.png,3,۳,IRANSans_Light.ttf
3\3_000794.png,3,۳,IRANSans_Medium.ttf
3\3_000795.png,3,۳,IRANSans_UltraLight.ttf
3\3_000796.png,3,۳,IRANSansMobile(FaNum).ttf
3\3_000797.png,3,۳,IRANSansMobile(FaNum)_Black.ttf
3\3_000798.png,3,۳,IRANSansMobile(FaNum)_Bold.ttf
3\3_000799.png,3,۳,IRANSansMobile(FaNum)_Light.ttf
3\3_000800.png,3,۳,arial.ttf
3\3_000801.png,3,۳,arialbd.ttf
3\3_000802.png,3,۳,BNazanin.ttf
3\3_000803.png,3,۳,BYekan.ttf
3\3_000804.png,3,۳,IRANSans(FaNum).ttf
3\3_000805.png,3,۳,IRANSans(FaNum)_Black.ttf
3\3_000806.png,3,۳,IRANSans(FaNum)_Bold.ttf
3\3_000807.png,3,۳,IRANSans(FaNum)_Light.ttf
3\3_000808.png,3,۳,IRANSans(FaNum)_Medium.ttf
3\3_000809.png,3,۳,IRANSans(FaNum)_UltraLight.ttf
3\3_000810.png,3,۳,IRANSans.ttf
3\3_000811.png,3,۳,IRANSans_Black.ttf
3\3_000812.png,3,۳,IRANSans_Bold.ttf
3\3_000813.png,3,۳,IRANSans_Light.ttf
3\3_000814.png,3,۳,IRANSans_Medium.ttf
3\3_000815.png,3,۳,IRANSans_UltraLight.ttf
3\3_000816.png,3,۳,IRANSansMobile(FaNum).ttf
3\3_000817.png,3,۳,IRANSansMobile(FaNum)_Black.ttf
3\3_000818.png,3,۳,IRANSansMobile(FaNum)_Bold.ttf
3\3_000819.png,3,۳,IRANSansMobile(FaNum)_Light.ttf
3\3_000820.png,3,۳,arial.ttf
3\3_000821.png,3,۳,arialbd.ttf
3\3_000822.png,3,۳,BNazanin.ttf
3\3_000823.png,3,۳,BYekan.ttf
3\3_000824.png,3,۳,IRANSans(FaNum).ttf
3\3_000825.png,3,۳,IRANSans(FaNum)_Black.ttf
3\3_000826.png,3,۳,IRANSans(FaNum)_Bold.ttf
3\3_000827.png,3,۳,IRANSans(FaNum)_Light.ttf
3\3_000828.png,3,۳,IRANSans(FaNum)_Medium.ttf
3\3_000829.png,3,۳,IRANSans(FaNum)_UltraLight.ttf
3\3_000830.png,3,۳,IRANSans.ttf
3\3_000831.png,3,۳,IRANSans_Black.ttf
3\3_000832.png,3,۳,IRANSans_Bold.ttf
3\3_000833.png,3,۳,IRANSans_Light.ttf
3\3_000834.png,3,۳,IRANSans_Medium.ttf
3\3_000835.png,3,۳,IRANSans_UltraLight.ttf
3\3_000836.png,3,۳,IRANSansMobile(FaNum).ttf
3\3_000837.png,3,۳,IRANSansMobile(FaNum)_Black.ttf
3\3_000838.png,3,۳,IRANSansMobile(FaNum)_Bold.ttf
3\3_000839.png,3,۳,IRANSansMobile(FaNum)_Light.ttf
3\3_000840.png,3,۳,arial.ttf
3\3_000841.png,3,۳,arialbd.ttf
3\3_000842.png,3,۳,BNazanin.ttf
3\3_000843.png,3,۳,BYekan.ttf
3\3_000844.png,3,۳,IRANSans(FaNum).ttf
3\3_000845.png,3,۳,IRANSans(FaNum)_Black.ttf
3\3_000846.png,3,۳,IRANSans(FaNum)_Bold.ttf
3\3_000847.png,3,۳,IRANSans(FaNum)_Light.ttf
3\3_000848.png,3,۳,IRANSans(FaNum)_Medium.ttf
3\3_000849.png,3,۳,IRANSans(FaNum)_UltraLight.ttf
3\3_000850.png,3,۳,IRANSans.ttf
3\3_000851.png,3,۳,IRANSans_Black.ttf
3\3_000852.png,3,۳,IRANSans_Bold.ttf
3\3_000853.png,3,۳,IRANSans_Light.ttf
3\3_000854.png,3,۳,IRANSans_Medium.ttf
3\3_000855.png,3,۳,IRANSans_UltraLight.ttf
3\3_000856.png,3,۳,IRANSansMobile(FaNum).ttf
3\3_000857.png,3,۳,IRANSansMobile(FaNum)_Black.ttf
3\3_000858.png,3,۳,IRANSansMobile(FaNum)_Bold.ttf
3\3_000859.png,3,۳,IRANSansMobile(FaNum)_Light.ttf
3\3_000860.png,3,۳,arial.ttf
3\3_000861.png,3,۳,arialbd.ttf
3\3_000862.png,3,۳,BNazanin.ttf
3\3_000863.png,3,۳,BYekan.ttf
3\3_000864.png,3,۳,IRANSans(FaNum).ttf
3\3_000865.png,3,۳,IRANSans(FaNum)_Black.ttf
3\3_000866.png,3,۳,IRANSans(FaNum)_Bold.ttf
3\3_000867.png,3,۳,IRANSans(FaNum)_Light.ttf
3\3_000868.png,3,۳,IRANSans(FaNum)_Medium.ttf
3\3_000869.png,3,۳,IRANSans(FaNum)_UltraLight.ttf
3\3_000870.png,3,۳,IRANSans.ttf
3\3_000871.png,3,۳,IRANSans_Black.ttf
3\3_000872.png,3,۳,IRANSans_Bold.ttf
3\3_000873.png,3,۳,IRANSans_Light.ttf
3\3_000874.png,3,۳,IRANSans_Medium.ttf
3\3_000875.png,3,۳,IRANSans_UltraLight.ttf
3\3_000876.png,3,۳,IRANSansMobile(FaNum).ttf
3\3_000877.png,3,۳,IRANSansMobile(FaNum)_Black.ttf
3\3_000878.png,3,۳,IRANSansMobile(FaNum)_Bold.ttf
3\3_000879.png,3,۳,IRANSansMobile(FaNum)_Light.ttf
3\3_000880.png,3,۳,arial.ttf
3\3_000881.png,3,۳,arialbd.ttf
3\3_000882.png,3,۳,BNazanin.ttf
3\3_000883.png,3,۳,BYekan.ttf
3\3_000884.png,3,۳,IRANSans(FaNum).ttf
3\3_000885.png,3,۳,IRANSans(FaNum)_Black.ttf
3\3_000886.png,3,۳,IRANSans(FaNum)_Bold.ttf
3\3_000887.png,3,۳,IRANSans(FaNum)_Light.ttf
3\3_000888.png,3,۳,IRANSans(FaNum)_Medium.ttf
3\3_000889.png,3,۳,IRANSans(FaNum)_UltraLight.ttf
3\3_000890.png,3,۳,IRANSans.ttf
3\3_000891.png,3,۳,IRANSans_Black.ttf
3\3_000892.png,3,۳,IRANSans_Bold.ttf
3\3_000893.png,3,۳,IRANSans_Light.ttf
3\3_000894.png,3,۳,IRANSans_Medium.ttf
3\3_000895.png,3,۳,IRANSans_UltraLight.ttf
3\3_000896.png,3,۳,IRANSansMobile(FaNum).ttf
3\3_000897.png,3,۳,IRANSansMobile(FaNum)_Black.ttf
3\3_000898.png,3,۳,IRANSansMobile(FaNum)_Bold.ttf
3\3_000899.png,3,۳,IRANSansMobile(FaNum)_Light.ttf
3\3_000900.png,3,۳,arial.ttf
3\3_000901.png,3,۳,arialbd.ttf
3\3_000902.png,3,۳,BNazanin.ttf
3\3_000903.png,3,۳,BYekan.ttf
3\3_000904.png,3,۳,IRANSans(FaNum).ttf
3\3_000905.png,3,۳,IRANSans(FaNum)_Black.ttf
3\3_000906.png,3,۳,IRANSans(FaNum)_Bold.ttf
3\3_000907.png,3,۳,IRANSans(FaNum)_Light.ttf
3\3_000908.png,3,۳,IRANSans(FaNum)_Medium.ttf
3\3_000909.png,3,۳,IRANSans(FaNum)_UltraLight.ttf
3\3_000910.png,3,۳,IRANSans.ttf
3\3_000911.png,3,۳,IRANSans_Black.ttf
3\3_000912.png,3,۳,IRANSans_Bold.ttf
3\3_000913.png,3,۳,IRANSans_Light.ttf
3\3_000914.png,3,۳,IRANSans_Medium.ttf
3\3_000915.png,3,۳,IRANSans_UltraLight.ttf
3\3_000916.png,3,۳,IRANSansMobile(FaNum).ttf
3\3_000917.png,3,۳,IRANSansMobile(FaNum)_Black.ttf
3\3_000918.png,3,۳,IRANSansMobile(FaNum)_Bold.ttf
3\3_000919.png,3,۳,IRANSansMobile(FaNum)_Light.ttf
3\3_000920.png,3,۳,arial.ttf
3\3_000921.png,3,۳,arialbd.ttf
3\3_000922.png,3,۳,BNazanin.ttf
3\3_000923.png,3,۳,BYekan.ttf
3\3_000924.png,3,۳,IRANSans(FaNum).ttf
3\3_000925.png,3,۳,IRANSans(FaNum)_Black.ttf
3\3_000926.png,3,۳,IRANSans(FaNum)_Bold.ttf
3\3_000927.png,3,۳,IRANSans(FaNum)_Light.ttf
3\3_000928.png,3,۳,IRANSans(FaNum)_Medium.ttf
3\3_000929.png,3,۳,IRANSans(FaNum)_UltraLight.ttf
3\3_000930.png,3,۳,IRANSans.ttf
3\3_000931.png,3,۳,IRANSans_Black.ttf
3\3_000932.png,3,۳,IRANSans_Bold.ttf
3\3_000933.png,3,۳,IRANSans_Light.ttf
3\3_000934.png,3,۳,IRANSans_Medium.ttf
3\3_000935.png,3,۳,IRANSans_UltraLight.ttf
3\3_000936.png,3,۳,IRANSansMobile(FaNum).ttf
3\3_000937.png,3,۳,IRANSansMobile(FaNum)_Black.ttf
3\3_000938.png,3,۳,IRANSansMobile(FaNum)_Bold.ttf
3\3_000939.png,3,۳,IRANSansMobile(FaNum)_Light.ttf
3\3_000940.png,3,۳,arial.ttf
3\3_000941.png,3,۳,arialbd.ttf
3\3_000942.png,3,۳,BNazanin.ttf
3\3_000943.png,3,۳,BYekan.ttf
3\3_000944.png,3,۳,IRANSans(FaNum).ttf
3\3_000945.png,3,۳,IRANSans(FaNum)_Black.ttf
3\3_000946.png,3,۳,IRANSans(FaNum)_Bold.ttf
3\3_000947.png,3,۳,IRANSans(FaNum)_Light.ttf
3\3_000948.png,3,۳,IRANSans(FaNum)_Medium.ttf
3\3_000949.png,3,۳,IRANSans(FaNum)_UltraLight.ttf
3\3_000950.png,3,۳,IRANSans.ttf
3\3_000951.png,3,۳,IRANSans_Black.ttf
3\3_000952.png,3,۳,IRANSans_Bold.ttf
3\3_000953.png,3,۳,IRANSans_Light.ttf
3\3_000954.png,3,۳,IRANSans_Medium.ttf
3\3_000955.png,3,۳,IRANSans_UltraLight.ttf
3\3_000956.png,3,۳,IRANSansMobile(FaNum).ttf
3\3_000957.png,3,۳,IRANSansMobile(FaNum)_Black.ttf
3\3_000958.png,3,۳,IRANSansMobile(FaNum)_Bold.ttf
3\3_000959.png,3,۳,IRANSansMobile(FaNum)_Light.ttf
3\3_000960.png,3,۳,arial.ttf
3\3_000961.png,3,۳,arialbd.ttf
3\3_000962.png,3,۳,BNazanin.ttf
3\3_000963.png,3,۳,BYekan.ttf
3\3_000964.png,3,۳,IRANSans(FaNum).ttf
3\3_000965.png,3,۳,IRANSans(FaNum)_Black.ttf
3\3_000966.png,3,۳,IRANSans(FaNum)_Bold.ttf
3\3_000967.png,3,۳,IRANSans(FaNum)_Light.ttf
3\3_000968.png,3,۳,IRANSans(FaNum)_Medium.ttf
3\3_000969.png,3,۳,IRANSans(FaNum)_UltraLight.ttf
3\3_000970.png,3,۳,IRANSans.ttf
3\3_000971.png,3,۳,IRANSans_Black.ttf
3\3_000972.png,3,۳,IRANSans_Bold.ttf
3\3_000973.png,3,۳,IRANSans_Light.ttf
3\3_000974.png,3,۳,IRANSans_Medium.ttf
3\3_000975.png,3,۳,IRANSans_UltraLight.ttf
3\3_000976.png,3,۳,IRANSansMobile(FaNum).ttf
3\3_000977.png,3,۳,IRANSansMobile(FaNum)_Black.ttf
3\3_000978.png,3,۳,IRANSansMobile(FaNum)_Bold.ttf
3\3_000979.png,3,۳,IRANSansMobile(FaNum)_Light.ttf
3\3_000980.png,3,۳,arial.ttf
3\3_000981.png,3,۳,arialbd.ttf
3\3_000982.png,3,۳,BNazanin.ttf
3\3_000983.png,3,۳,BYekan.ttf
3\3_000984.png,3,۳,IRANSans(FaNum).ttf
3\3_000985.png,3,۳,IRANSans(FaNum)_Black.ttf
3\3_000986.png,3,۳,IRANSans(FaNum)_Bold.ttf
3\3_000987.png,3,۳,IRANSans(FaNum)_Light.ttf
3\3_000988.png,3,۳,IRANSans(FaNum)_Medium.ttf
3\3_000989.png,3,۳,IRANSans(FaNum)_UltraLight.ttf
3\3_000990.png,3,۳,IRANSans.ttf
3\3_000991.png,3,۳,IRANSans_Black.ttf
3\3_000992.png,3,۳,IRANSans_Bold.ttf
3\3_000993.png,3,۳,IRANSans_Light.ttf
3\3_000994.png,3,۳,IRANSans_Medium.ttf
3\3_000995.png,3,۳,IRANSans_UltraLight.ttf
3\3_000996.png,3,۳,IRANSansMobile(FaNum).ttf
3\3_000997.png,3,۳,IRANSansMobile(FaNum)_Black.ttf
3\3_000998.png,3,۳,IRANSansMobile(FaNum)_Bold.ttf
3\3_000999.png,3,۳,IRANSansMobile(FaNum)_Light.ttf
4\4_000000.png,4,۴,arial.ttf
4\4_000001.png,4,۴,arialbd.ttf
4\4_000002.png,4,۴,BNazanin.ttf
4\4_000003.png,4,۴,BYekan.ttf
4\4_000004.png,4,۴,IRANSans(FaNum).ttf
4\4_000005.png,4,۴,IRANSans(FaNum)_Black.ttf
4\4_000006.png,4,۴,IRANSans(FaNum)_Bold.ttf
4\4_000007.png,4,۴,IRANSans(FaNum)_Light.ttf
4\4_000008.png,4,۴,IRANSans(FaNum)_Medium.ttf
4\4_000009.png,4,۴,IRANSans(FaNum)_UltraLight.ttf
4\4_000010.png,4,۴,IRANSans.ttf
4\4_000011.png,4,۴,IRANSans_Black.ttf
4\4_000012.png,4,۴,IRANSans_Bold.ttf
4\4_000013.png,4,۴,IRANSans_Light.ttf
4\4_000014.png,4,۴,IRANSans_Medium.ttf
4\4_000015.png,4,۴,IRANSans_UltraLight.ttf
4\4_000016.png,4,۴,IRANSansMobile(FaNum).ttf
4\4_000017.png,4,۴,IRANSansMobile(FaNum)_Black.ttf
4\4_000018.png,4,۴,IRANSansMobile(FaNum)_Bold.ttf
4\4_000019.png,4,۴,IRANSansMobile(FaNum)_Light.ttf
4\4_000020.png,4,۴,arial.ttf
4\4_000021.png,4,۴,arialbd.ttf
4\4_000022.png,4,۴,BNazanin.ttf
4\4_000023.png,4,۴,BYekan.ttf
4\4_000024.png,4,۴,IRANSans(FaNum).ttf
4\4_000025.png,4,۴,IRANSans(FaNum)_Black.ttf
4\4_000026.png,4,۴,IRANSans(FaNum)_Bold.ttf
4\4_000027.png,4,۴,IRANSans(FaNum)_Light.ttf
4\4_000028.png,4,۴,IRANSans(FaNum)_Medium.ttf
4\4_000029.png,4,۴,IRANSans(FaNum)_UltraLight.ttf
4\4_000030.png,4,۴,IRANSans.ttf
4\4_000031.png,4,۴,IRANSans_Black.ttf
4\4_000032.png,4,۴,IRANSans_Bold.ttf
4\4_000033.png,4,۴,IRANSans_Light.ttf
4\4_000034.png,4,۴,IRANSans_Medium.ttf
4\4_000035.png,4,۴,IRANSans_UltraLight.ttf
4\4_000036.png,4,۴,IRANSansMobile(FaNum).ttf
4\4_000037.png,4,۴,IRANSansMobile(FaNum)_Black.ttf
4\4_000038.png,4,۴,IRANSansMobile(FaNum)_Bold.ttf
4\4_000039.png,4,۴,IRANSansMobile(FaNum)_Light.ttf
4\4_000040.png,4,۴,arial.ttf
4\4_000041.png,4,۴,arialbd.ttf
4\4_000042.png,4,۴,BNazanin.ttf
4\4_000043.png,4,۴,BYekan.ttf
4\4_000044.png,4,۴,IRANSans(FaNum).ttf
4\4_000045.png,4,۴,IRANSans(FaNum)_Black.ttf
4\4_000046.png,4,۴,IRANSans(FaNum)_Bold.ttf
4\4_000047.png,4,۴,IRANSans(FaNum)_Light.ttf
4\4_000048.png,4,۴,IRANSans(FaNum)_Medium.ttf
4\4_000049.png,4,۴,IRANSans(FaNum)_UltraLight.ttf
4\4_000050.png,4,۴,IRANSans.ttf
4\4_000051.png,4,۴,IRANSans_Black.ttf
4\4_000052.png,4,۴,IRANSans_Bold.ttf
4\4_000053.png,4,۴,IRANSans_Light.ttf
4\4_000054.png,4,۴,IRANSans_Medium.ttf
4\4_000055.png,4,۴,IRANSans_UltraLight.ttf
4\4_000056.png,4,۴,IRANSansMobile(FaNum).ttf
4\4_000057.png,4,۴,IRANSansMobile(FaNum)_Black.ttf
4\4_000058.png,4,۴,IRANSansMobile(FaNum)_Bold.ttf
4\4_000059.png,4,۴,IRANSansMobile(FaNum)_Light.ttf
4\4_000060.png,4,۴,arial.ttf
4\4_000061.png,4,۴,arialbd.ttf
4\4_000062.png,4,۴,BNazanin.ttf
4\4_000063.png,4,۴,BYekan.ttf
4\4_000064.png,4,۴,IRANSans(FaNum).ttf
4\4_000065.png,4,۴,IRANSans(FaNum)_Black.ttf
4\4_000066.png,4,۴,IRANSans(FaNum)_Bold.ttf
4\4_000067.png,4,۴,IRANSans(FaNum)_Light.ttf
4\4_000068.png,4,۴,IRANSans(FaNum)_Medium.ttf
4\4_000069.png,4,۴,IRANSans(FaNum)_UltraLight.ttf
4\4_000070.png,4,۴,IRANSans.ttf
4\4_000071.png,4,۴,IRANSans_Black.ttf
4\4_000072.png,4,۴,IRANSans_Bold.ttf
4\4_000073.png,4,۴,IRANSans_Light.ttf
4\4_000074.png,4,۴,IRANSans_Medium.ttf
4\4_000075.png,4,۴,IRANSans_UltraLight.ttf
4\4_000076.png,4,۴,IRANSansMobile(FaNum).ttf
4\4_000077.png,4,۴,IRANSansMobile(FaNum)_Black.ttf
4\4_000078.png,4,۴,IRANSansMobile(FaNum)_Bold.ttf
4\4_000079.png,4,۴,IRANSansMobile(FaNum)_Light.ttf
4\4_000080.png,4,۴,arial.ttf
4\4_000081.png,4,۴,arialbd.ttf
4\4_000082.png,4,۴,BNazanin.ttf
4\4_000083.png,4,۴,BYekan.ttf
4\4_000084.png,4,۴,IRANSans(FaNum).ttf
4\4_000085.png,4,۴,IRANSans(FaNum)_Black.ttf
4\4_000086.png,4,۴,IRANSans(FaNum)_Bold.ttf
4\4_000087.png,4,۴,IRANSans(FaNum)_Light.ttf
4\4_000088.png,4,۴,IRANSans(FaNum)_Medium.ttf
4\4_000089.png,4,۴,IRANSans(FaNum)_UltraLight.ttf
4\4_000090.png,4,۴,IRANSans.ttf
4\4_000091.png,4,۴,IRANSans_Black.ttf
4\4_000092.png,4,۴,IRANSans_Bold.ttf
4\4_000093.png,4,۴,IRANSans_Light.ttf
4\4_000094.png,4,۴,IRANSans_Medium.ttf
4\4_000095.png,4,۴,IRANSans_UltraLight.ttf
4\4_000096.png,4,۴,IRANSansMobile(FaNum).ttf
4\4_000097.png,4,۴,IRANSansMobile(FaNum)_Black.ttf
4\4_000098.png,4,۴,IRANSansMobile(FaNum)_Bold.ttf
4\4_000099.png,4,۴,IRANSansMobile(FaNum)_Light.ttf
4\4_000100.png,4,۴,arial.ttf
4\4_000101.png,4,۴,arialbd.ttf
4\4_000102.png,4,۴,BNazanin.ttf
4\4_000103.png,4,۴,BYekan.ttf
4\4_000104.png,4,۴,IRANSans(FaNum).ttf
4\4_000105.png,4,۴,IRANSans(FaNum)_Black.ttf
4\4_000106.png,4,۴,IRANSans(FaNum)_Bold.ttf
4\4_000107.png,4,۴,IRANSans(FaNum)_Light.ttf
4\4_000108.png,4,۴,IRANSans(FaNum)_Medium.ttf
4\4_000109.png,4,۴,IRANSans(FaNum)_UltraLight.ttf
4\4_000110.png,4,۴,IRANSans.ttf
4\4_000111.png,4,۴,IRANSans_Black.ttf
4\4_000112.png,4,۴,IRANSans_Bold.ttf
4\4_000113.png,4,۴,IRANSans_Light.ttf
4\4_000114.png,4,۴,IRANSans_Medium.ttf
4\4_000115.png,4,۴,IRANSans_UltraLight.ttf
4\4_000116.png,4,۴,IRANSansMobile(FaNum).ttf
4\4_000117.png,4,۴,IRANSansMobile(FaNum)_Black.ttf
4\4_000118.png,4,۴,IRANSansMobile(FaNum)_Bold.ttf
4\4_000119.png,4,۴,IRANSansMobile(FaNum)_Light.ttf
4\4_000120.png,4,۴,arial.ttf
4\4_000121.png,4,۴,arialbd.ttf
4\4_000122.png,4,۴,BNazanin.ttf
4\4_000123.png,4,۴,BYekan.ttf
4\4_000124.png,4,۴,IRANSans(FaNum).ttf
4\4_000125.png,4,۴,IRANSans(FaNum)_Black.ttf
4\4_000126.png,4,۴,IRANSans(FaNum)_Bold.ttf
4\4_000127.png,4,۴,IRANSans(FaNum)_Light.ttf
4\4_000128.png,4,۴,IRANSans(FaNum)_Medium.ttf
4\4_000129.png,4,۴,IRANSans(FaNum)_UltraLight.ttf
4\4_000130.png,4,۴,IRANSans.ttf
4\4_000131.png,4,۴,IRANSans_Black.ttf
4\4_000132.png,4,۴,IRANSans_Bold.ttf
4\4_000133.png,4,۴,IRANSans_Light.ttf
4\4_000134.png,4,۴,IRANSans_Medium.ttf
4\4_000135.png,4,۴,IRANSans_UltraLight.ttf
4\4_000136.png,4,۴,IRANSansMobile(FaNum).ttf
4\4_000137.png,4,۴,IRANSansMobile(FaNum)_Black.ttf
4\4_000138.png,4,۴,IRANSansMobile(FaNum)_Bold.ttf
4\4_000139.png,4,۴,IRANSansMobile(FaNum)_Light.ttf
4\4_000140.png,4,۴,arial.ttf
4\4_000141.png,4,۴,arialbd.ttf
4\4_000142.png,4,۴,BNazanin.ttf
4\4_000143.png,4,۴,BYekan.ttf
4\4_000144.png,4,۴,IRANSans(FaNum).ttf
4\4_000145.png,4,۴,IRANSans(FaNum)_Black.ttf
4\4_000146.png,4,۴,IRANSans(FaNum)_Bold.ttf
4\4_000147.png,4,۴,IRANSans(FaNum)_Light.ttf
4\4_000148.png,4,۴,IRANSans(FaNum)_Medium.ttf
4\4_000149.png,4,۴,IRANSans(FaNum)_UltraLight.ttf
4\4_000150.png,4,۴,IRANSans.ttf
4\4_000151.png,4,۴,IRANSans_Black.ttf
4\4_000152.png,4,۴,IRANSans_Bold.ttf
4\4_000153.png,4,۴,IRANSans_Light.ttf
4\4_000154.png,4,۴,IRANSans_Medium.ttf
4\4_000155.png,4,۴,IRANSans_UltraLight.ttf
4\4_000156.png,4,۴,IRANSansMobile(FaNum).ttf
4\4_000157.png,4,۴,IRANSansMobile(FaNum)_Black.ttf
4\4_000158.png,4,۴,IRANSansMobile(FaNum)_Bold.ttf
4\4_000159.png,4,۴,IRANSansMobile(FaNum)_Light.ttf
4\4_000160.png,4,۴,arial.ttf
4\4_000161.png,4,۴,arialbd.ttf
4\4_000162.png,4,۴,BNazanin.ttf
4\4_000163.png,4,۴,BYekan.ttf
4\4_000164.png,4,۴,IRANSans(FaNum).ttf
4\4_000165.png,4,۴,IRANSans(FaNum)_Black.ttf
4\4_000166.png,4,۴,IRANSans(FaNum)_Bold.ttf
4\4_000167.png,4,۴,IRANSans(FaNum)_Light.ttf
4\4_000168.png,4,۴,IRANSans(FaNum)_Medium.ttf
4\4_000169.png,4,۴,IRANSans(FaNum)_UltraLight.ttf
4\4_000170.png,4,۴,IRANSans.ttf
4\4_000171.png,4,۴,IRANSans_Black.ttf
4\4_000172.png,4,۴,IRANSans_Bold.ttf
4\4_000173.png,4,۴,IRANSans_Light.ttf
4\4_000174.png,4,۴,IRANSans_Medium.ttf
4\4_000175.png,4,۴,IRANSans_UltraLight.ttf
4\4_000176.png,4,۴,IRANSansMobile(FaNum).ttf
4\4_000177.png,4,۴,IRANSansMobile(FaNum)_Black.ttf
4\4_000178.png,4,۴,IRANSansMobile(FaNum)_Bold.ttf
4\4_000179.png,4,۴,IRANSansMobile(FaNum)_Light.ttf
4\4_000180.png,4,۴,arial.ttf
4\4_000181.png,4,۴,arialbd.ttf
4\4_000182.png,4,۴,BNazanin.ttf
4\4_000183.png,4,۴,BYekan.ttf
4\4_000184.png,4,۴,IRANSans(FaNum).ttf
4\4_000185.png,4,۴,IRANSans(FaNum)_Black.ttf
4\4_000186.png,4,۴,IRANSans(FaNum)_Bold.ttf
4\4_000187.png,4,۴,IRANSans(FaNum)_Light.ttf
4\4_000188.png,4,۴,IRANSans(FaNum)_Medium.ttf
4\4_000189.png,4,۴,IRANSans(FaNum)_UltraLight.ttf
4\4_000190.png,4,۴,IRANSans.ttf
4\4_000191.png,4,۴,IRANSans_Black.ttf
4\4_000192.png,4,۴,IRANSans_Bold.ttf
4\4_000193.png,4,۴,IRANSans_Light.ttf
4\4_000194.png,4,۴,IRANSans_Medium.ttf
4\4_000195.png,4,۴,IRANSans_UltraLight.ttf
4\4_000196.png,4,۴,IRANSansMobile(FaNum).ttf
4\4_000197.png,4,۴,IRANSansMobile(FaNum)_Black.ttf
4\4_000198.png,4,۴,IRANSansMobile(FaNum)_Bold.ttf
4\4_000199.png,4,۴,IRANSansMobile(FaNum)_Light.ttf
4\4_000200.png,4,۴,arial.ttf
4\4_000201.png,4,۴,arialbd.ttf
4\4_000202.png,4,۴,BNazanin.ttf
4\4_000203.png,4,۴,BYekan.ttf
4\4_000204.png,4,۴,IRANSans(FaNum).ttf
4\4_000205.png,4,۴,IRANSans(FaNum)_Black.ttf
4\4_000206.png,4,۴,IRANSans(FaNum)_Bold.ttf
4\4_000207.png,4,۴,IRANSans(FaNum)_Light.ttf
4\4_000208.png,4,۴,IRANSans(FaNum)_Medium.ttf
4\4_000209.png,4,۴,IRANSans(FaNum)_UltraLight.ttf
4\4_000210.png,4,۴,IRANSans.ttf
4\4_000211.png,4,۴,IRANSans_Black.ttf
4\4_000212.png,4,۴,IRANSans_Bold.ttf
4\4_000213.png,4,۴,IRANSans_Light.ttf
4\4_000214.png,4,۴,IRANSans_Medium.ttf
4\4_000215.png,4,۴,IRANSans_UltraLight.ttf
4\4_000216.png,4,۴,IRANSansMobile(FaNum).ttf
4\4_000217.png,4,۴,IRANSansMobile(FaNum)_Black.ttf
4\4_000218.png,4,۴,IRANSansMobile(FaNum)_Bold.ttf
4\4_000219.png,4,۴,IRANSansMobile(FaNum)_Light.ttf
4\4_000220.png,4,۴,arial.ttf
4\4_000221.png,4,۴,arialbd.ttf
4\4_000222.png,4,۴,BNazanin.ttf
4\4_000223.png,4,۴,BYekan.ttf
4\4_000224.png,4,۴,IRANSans(FaNum).ttf
4\4_000225.png,4,۴,IRANSans(FaNum)_Black.ttf
4\4_000226.png,4,۴,IRANSans(FaNum)_Bold.ttf
4\4_000227.png,4,۴,IRANSans(FaNum)_Light.ttf
4\4_000228.png,4,۴,IRANSans(FaNum)_Medium.ttf
4\4_000229.png,4,۴,IRANSans(FaNum)_UltraLight.ttf
4\4_000230.png,4,۴,IRANSans.ttf
4\4_000231.png,4,۴,IRANSans_Black.ttf
4\4_000232.png,4,۴,IRANSans_Bold.ttf
4\4_000233.png,4,۴,IRANSans_Light.ttf
4\4_000234.png,4,۴,IRANSans_Medium.ttf
4\4_000235.png,4,۴,IRANSans_UltraLight.ttf
4\4_000236.png,4,۴,IRANSansMobile(FaNum).ttf
4\4_000237.png,4,۴,IRANSansMobile(FaNum)_Black.ttf
4\4_000238.png,4,۴,IRANSansMobile(FaNum)_Bold.ttf
4\4_000239.png,4,۴,IRANSansMobile(FaNum)_Light.ttf
4\4_000240.png,4,۴,arial.ttf
4\4_000241.png,4,۴,arialbd.ttf
4\4_000242.png,4,۴,BNazanin.ttf
4\4_000243.png,4,۴,BYekan.ttf
4\4_000244.png,4,۴,IRANSans(FaNum).ttf
4\4_000245.png,4,۴,IRANSans(FaNum)_Black.ttf
4\4_000246.png,4,۴,IRANSans(FaNum)_Bold.ttf
4\4_000247.png,4,۴,IRANSans(FaNum)_Light.ttf
4\4_000248.png,4,۴,IRANSans(FaNum)_Medium.ttf
4\4_000249.png,4,۴,IRANSans(FaNum)_UltraLight.ttf
4\4_000250.png,4,۴,IRANSans.ttf
4\4_000251.png,4,۴,IRANSans_Black.ttf
4\4_000252.png,4,۴,IRANSans_Bold.ttf
4\4_000253.png,4,۴,IRANSans_Light.ttf
4\4_000254.png,4,۴,IRANSans_Medium.ttf
4\4_000255.png,4,۴,IRANSans_UltraLight.ttf
4\4_000256.png,4,۴,IRANSansMobile(FaNum).ttf
4\4_000257.png,4,۴,IRANSansMobile(FaNum)_Black.ttf
4\4_000258.png,4,۴,IRANSansMobile(FaNum)_Bold.ttf
4\4_000259.png,4,۴,IRANSansMobile(FaNum)_Light.ttf
4\4_000260.png,4,۴,arial.ttf
4\4_000261.png,4,۴,arialbd.ttf
4\4_000262.png,4,۴,BNazanin.ttf
4\4_000263.png,4,۴,BYekan.ttf
4\4_000264.png,4,۴,IRANSans(FaNum).ttf
4\4_000265.png,4,۴,IRANSans(FaNum)_Black.ttf
4\4_000266.png,4,۴,IRANSans(FaNum)_Bold.ttf
4\4_000267.png,4,۴,IRANSans(FaNum)_Light.ttf
4\4_000268.png,4,۴,IRANSans(FaNum)_Medium.ttf
4\4_000269.png,4,۴,IRANSans(FaNum)_UltraLight.ttf
4\4_000270.png,4,۴,IRANSans.ttf
4\4_000271.png,4,۴,IRANSans_Black.ttf
4\4_000272.png,4,۴,IRANSans_Bold.ttf
4\4_000273.png,4,۴,IRANSans_Light.ttf
4\4_000274.png,4,۴,IRANSans_Medium.ttf
4\4_000275.png,4,۴,IRANSans_UltraLight.ttf
4\4_000276.png,4,۴,IRANSansMobile(FaNum).ttf
4\4_000277.png,4,۴,IRANSansMobile(FaNum)_Black.ttf
4\4_000278.png,4,۴,IRANSansMobile(FaNum)_Bold.ttf
4\4_000279.png,4,۴,IRANSansMobile(FaNum)_Light.ttf
4\4_000280.png,4,۴,arial.ttf
4\4_000281.png,4,۴,arialbd.ttf
4\4_000282.png,4,۴,BNazanin.ttf
4\4_000283.png,4,۴,BYekan.ttf
4\4_000284.png,4,۴,IRANSans(FaNum).ttf
4\4_000285.png,4,۴,IRANSans(FaNum)_Black.ttf
4\4_000286.png,4,۴,IRANSans(FaNum)_Bold.ttf
4\4_000287.png,4,۴,IRANSans(FaNum)_Light.ttf
4\4_000288.png,4,۴,IRANSans(FaNum)_Medium.ttf
4\4_000289.png,4,۴,IRANSans(FaNum)_UltraLight.ttf
4\4_000290.png,4,۴,IRANSans.ttf
4\4_000291.png,4,۴,IRANSans_Black.ttf
4\4_000292.png,4,۴,IRANSans_Bold.ttf
4\4_000293.png,4,۴,IRANSans_Light.ttf
4\4_000294.png,4,۴,IRANSans_Medium.ttf
4\4_000295.png,4,۴,IRANSans_UltraLight.ttf
4\4_000296.png,4,۴,IRANSansMobile(FaNum).ttf
4\4_000297.png,4,۴,IRANSansMobile(FaNum)_Black.ttf
4\4_000298.png,4,۴,IRANSansMobile(FaNum)_Bold.ttf
4\4_000299.png,4,۴,IRANSansMobile(FaNum)_Light.ttf
4\4_000300.png,4,۴,arial.ttf
4\4_000301.png,4,۴,arialbd.ttf
4\4_000302.png,4,۴,BNazanin.ttf
4\4_000303.png,4,۴,BYekan.ttf
4\4_000304.png,4,۴,IRANSans(FaNum).ttf
4\4_000305.png,4,۴,IRANSans(FaNum)_Black.ttf
4\4_000306.png,4,۴,IRANSans(FaNum)_Bold.ttf
4\4_000307.png,4,۴,IRANSans(FaNum)_Light.ttf
4\4_000308.png,4,۴,IRANSans(FaNum)_Medium.ttf
4\4_000309.png,4,۴,IRANSans(FaNum)_UltraLight.ttf
4\4_000310.png,4,۴,IRANSans.ttf
4\4_000311.png,4,۴,IRANSans_Black.ttf
4\4_000312.png,4,۴,IRANSans_Bold.ttf
4\4_000313.png,4,۴,IRANSans_Light.ttf
4\4_000314.png,4,۴,IRANSans_Medium.ttf
4\4_000315.png,4,۴,IRANSans_UltraLight.ttf
4\4_000316.png,4,۴,IRANSansMobile(FaNum).ttf
4\4_000317.png,4,۴,IRANSansMobile(FaNum)_Black.ttf
4\4_000318.png,4,۴,IRANSansMobile(FaNum)_Bold.ttf
4\4_000319.png,4,۴,IRANSansMobile(FaNum)_Light.ttf
4\4_000320.png,4,۴,arial.ttf
4\4_000321.png,4,۴,arialbd.ttf
4\4_000322.png,4,۴,BNazanin.ttf
4\4_000323.png,4,۴,BYekan.ttf
4\4_000324.png,4,۴,IRANSans(FaNum).ttf
4\4_000325.png,4,۴,IRANSans(FaNum)_Black.ttf
4\4_000326.png,4,۴,IRANSans(FaNum)_Bold.ttf
4\4_000327.png,4,۴,IRANSans(FaNum)_Light.ttf
4\4_000328.png,4,۴,IRANSans(FaNum)_Medium.ttf
4\4_000329.png,4,۴,IRANSans(FaNum)_UltraLight.ttf
4\4_000330.png,4,۴,IRANSans.ttf
4\4_000331.png,4,۴,IRANSans_Black.ttf
4\4_000332.png,4,۴,IRANSans_Bold.ttf
4\4_000333.png,4,۴,IRANSans_Light.ttf
4\4_000334.png,4,۴,IRANSans_Medium.ttf
4\4_000335.png,4,۴,IRANSans_UltraLight.ttf
4\4_000336.png,4,۴,IRANSansMobile(FaNum).ttf
4\4_000337.png,4,۴,IRANSansMobile(FaNum)_Black.ttf
4\4_000338.png,4,۴,IRANSansMobile(FaNum)_Bold.ttf
4\4_000339.png,4,۴,IRANSansMobile(FaNum)_Light.ttf
4\4_000340.png,4,۴,arial.ttf
4\4_000341.png,4,۴,arialbd.ttf
4\4_000342.png,4,۴,BNazanin.ttf
4\4_000343.png,4,۴,BYekan.ttf
4\4_000344.png,4,۴,IRANSans(FaNum).ttf
4\4_000345.png,4,۴,IRANSans(FaNum)_Black.ttf
4\4_000346.png,4,۴,IRANSans(FaNum)_Bold.ttf
4\4_000347.png,4,۴,IRANSans(FaNum)_Light.ttf
4\4_000348.png,4,۴,IRANSans(FaNum)_Medium.ttf
4\4_000349.png,4,۴,IRANSans(FaNum)_UltraLight.ttf
4\4_000350.png,4,۴,IRANSans.ttf
4\4_000351.png,4,۴,IRANSans_Black.ttf
4\4_000352.png,4,۴,IRANSans_Bold.ttf
4\4_000353.png,4,۴,IRANSans_Light.ttf
4\4_000354.png,4,۴,IRANSans_Medium.ttf
4\4_000355.png,4,۴,IRANSans_UltraLight.ttf
4\4_000356.png,4,۴,IRANSansMobile(FaNum).ttf
4\4_000357.png,4,۴,IRANSansMobile(FaNum)_Black.ttf
4\4_000358.png,4,۴,IRANSansMobile(FaNum)_Bold.ttf
4\4_000359.png,4,۴,IRANSansMobile(FaNum)_Light.ttf
4\4_000360.png,4,۴,arial.ttf
4\4_000361.png,4,۴,arialbd.ttf
4\4_000362.png,4,۴,BNazanin.ttf
4\4_000363.png,4,۴,BYekan.ttf
4\4_000364.png,4,۴,IRANSans(FaNum).ttf
4\4_000365.png,4,۴,IRANSans(FaNum)_Black.ttf
4\4_000366.png,4,۴,IRANSans(FaNum)_Bold.ttf
4\4_000367.png,4,۴,IRANSans(FaNum)_Light.ttf
4\4_000368.png,4,۴,IRANSans(FaNum)_Medium.ttf
4\4_000369.png,4,۴,IRANSans(FaNum)_UltraLight.ttf
4\4_000370.png,4,۴,IRANSans.ttf
4\4_000371.png,4,۴,IRANSans_Black.ttf
4\4_000372.png,4,۴,IRANSans_Bold.ttf
4\4_000373.png,4,۴,IRANSans_Light.ttf
4\4_000374.png,4,۴,IRANSans_Medium.ttf
4\4_000375.png,4,۴,IRANSans_UltraLight.ttf
4\4_000376.png,4,۴,IRANSansMobile(FaNum).ttf
4\4_000377.png,4,۴,IRANSansMobile(FaNum)_Black.ttf
4\4_000378.png,4,۴,IRANSansMobile(FaNum)_Bold.ttf
4\4_000379.png,4,۴,IRANSansMobile(FaNum)_Light.ttf
4\4_000380.png,4,۴,arial.ttf
4\4_000381.png,4,۴,arialbd.ttf
4\4_000382.png,4,۴,BNazanin.ttf
4\4_000383.png,4,۴,BYekan.ttf
4\4_000384.png,4,۴,IRANSans(FaNum).ttf
4\4_000385.png,4,۴,IRANSans(FaNum)_Black.ttf
4\4_000386.png,4,۴,IRANSans(FaNum)_Bold.ttf
4\4_000387.png,4,۴,IRANSans(FaNum)_Light.ttf
4\4_000388.png,4,۴,IRANSans(FaNum)_Medium.ttf
4\4_000389.png,4,۴,IRANSans(FaNum)_UltraLight.ttf
4\4_000390.png,4,۴,IRANSans.ttf
4\4_000391.png,4,۴,IRANSans_Black.ttf
4\4_000392.png,4,۴,IRANSans_Bold.ttf
4\4_000393.png,4,۴,IRANSans_Light.ttf
4\4_000394.png,4,۴,IRANSans_Medium.ttf
4\4_000395.png,4,۴,IRANSans_UltraLight.ttf
4\4_000396.png,4,۴,IRANSansMobile(FaNum).ttf
4\4_000397.png,4,۴,IRANSansMobile(FaNum)_Black.ttf
4\4_000398.png,4,۴,IRANSansMobile(FaNum)_Bold.ttf
4\4_000399.png,4,۴,IRANSansMobile(FaNum)_Light.ttf
4\4_000400.png,4,۴,arial.ttf
4\4_000401.png,4,۴,arialbd.ttf
4\4_000402.png,4,۴,BNazanin.ttf
4\4_000403.png,4,۴,BYekan.ttf
4\4_000404.png,4,۴,IRANSans(FaNum).ttf
4\4_000405.png,4,۴,IRANSans(FaNum)_Black.ttf
4\4_000406.png,4,۴,IRANSans(FaNum)_Bold.ttf
4\4_000407.png,4,۴,IRANSans(FaNum)_Light.ttf
4\4_000408.png,4,۴,IRANSans(FaNum)_Medium.ttf
4\4_000409.png,4,۴,IRANSans(FaNum)_UltraLight.ttf
4\4_000410.png,4,۴,IRANSans.ttf
4\4_000411.png,4,۴,IRANSans_Black.ttf
4\4_000412.png,4,۴,IRANSans_Bold.ttf
4\4_000413.png,4,۴,IRANSans_Light.ttf
4\4_000414.png,4,۴,IRANSans_Medium.ttf
4\4_000415.png,4,۴,IRANSans_UltraLight.ttf
4\4_000416.png,4,۴,IRANSansMobile(FaNum).ttf
4\4_000417.png,4,۴,IRANSansMobile(FaNum)_Black.ttf
4\4_000418.png,4,۴,IRANSansMobile(FaNum)_Bold.ttf
4\4_000419.png,4,۴,IRANSansMobile(FaNum)_Light.ttf
4\4_000420.png,4,۴,arial.ttf
4\4_000421.png,4,۴,arialbd.ttf
4\4_000422.png,4,۴,BNazanin.ttf
4\4_000423.png,4,۴,BYekan.ttf
4\4_000424.png,4,۴,IRANSans(FaNum).ttf
4\4_000425.png,4,۴,IRANSans(FaNum)_Black.ttf
4\4_000426.png,4,۴,IRANSans(FaNum)_Bold.ttf
4\4_000427.png,4,۴,IRANSans(FaNum)_Light.ttf
4\4_000428.png,4,۴,IRANSans(FaNum)_Medium.ttf
4\4_000429.png,4,۴,IRANSans(FaNum)_UltraLight.ttf
4\4_000430.png,4,۴,IRANSans.ttf
4\4_000431.png,4,۴,IRANSans_Black.ttf
4\4_000432.png,4,۴,IRANSans_Bold.ttf
4\4_000433.png,4,۴,IRANSans_Light.ttf
4\4_000434.png,4,۴,IRANSans_Medium.ttf
4\4_000435.png,4,۴,IRANSans_UltraLight.ttf
4\4_000436.png,4,۴,IRANSansMobile(FaNum).ttf
4\4_000437.png,4,۴,IRANSansMobile(FaNum)_Black.ttf
4\4_000438.png,4,۴,IRANSansMobile(FaNum)_Bold.ttf
4\4_000439.png,4,۴,IRANSansMobile(FaNum)_Light.ttf
4\4_000440.png,4,۴,arial.ttf
4\4_000441.png,4,۴,arialbd.ttf
4\4_000442.png,4,۴,BNazanin.ttf
4\4_000443.png,4,۴,BYekan.ttf
4\4_000444.png,4,۴,IRANSans(FaNum).ttf
4\4_000445.png,4,۴,IRANSans(FaNum)_Black.ttf
4\4_000446.png,4,۴,IRANSans(FaNum)_Bold.ttf
4\4_000447.png,4,۴,IRANSans(FaNum)_Light.ttf
4\4_000448.png,4,۴,IRANSans(FaNum)_Medium.ttf
4\4_000449.png,4,۴,IRANSans(FaNum)_UltraLight.ttf
4\4_000450.png,4,۴,IRANSans.ttf
4\4_000451.png,4,۴,IRANSans_Black.ttf
4\4_000452.png,4,۴,IRANSans_Bold.ttf
4\4_000453.png,4,۴,IRANSans_Light.ttf
4\4_000454.png,4,۴,IRANSans_Medium.ttf
4\4_000455.png,4,۴,IRANSans_UltraLight.ttf
4\4_000456.png,4,۴,IRANSansMobile(FaNum).ttf
4\4_000457.png,4,۴,IRANSansMobile(FaNum)_Black.ttf
4\4_000458.png,4,۴,IRANSansMobile(FaNum)_Bold.ttf
4\4_000459.png,4,۴,IRANSansMobile(FaNum)_Light.ttf
4\4_000460.png,4,۴,arial.ttf
4\4_000461.png,4,۴,arialbd.ttf
4\4_000462.png,4,۴,BNazanin.ttf
4\4_000463.png,4,۴,BYekan.ttf
4\4_000464.png,4,۴,IRANSans(FaNum).ttf
4\4_000465.png,4,۴,IRANSans(FaNum)_Black.ttf
4\4_000466.png,4,۴,IRANSans(FaNum)_Bold.ttf
4\4_000467.png,4,۴,IRANSans(FaNum)_Light.ttf
4\4_000468.png,4,۴,IRANSans(FaNum)_Medium.ttf
4\4_000469.png,4,۴,IRANSans(FaNum)_UltraLight.ttf
4\4_000470.png,4,۴,IRANSans.ttf
4\4_000471.png,4,۴,IRANSans_Black.ttf
4\4_000472.png,4,۴,IRANSans_Bold.ttf
4\4_000473.png,4,۴,IRANSans_Light.ttf
4\4_000474.png,4,۴,IRANSans_Medium.ttf
4\4_000475.png,4,۴,IRANSans_UltraLight.ttf
4\4_000476.png,4,۴,IRANSansMobile(FaNum).ttf
4\4_000477.png,4,۴,IRANSansMobile(FaNum)_Black.ttf
4\4_000478.png,4,۴,IRANSansMobile(FaNum)_Bold.ttf
4\4_000479.png,4,۴,IRANSansMobile(FaNum)_Light.ttf
4\4_000480.png,4,۴,arial.ttf
4\4_000481.png,4,۴,arialbd.ttf
4\4_000482.png,4,۴,BNazanin.ttf
4\4_000483.png,4,۴,BYekan.ttf
4\4_000484.png,4,۴,IRANSans(FaNum).ttf
4\4_000485.png,4,۴,IRANSans(FaNum)_Black.ttf
4\4_000486.png,4,۴,IRANSans(FaNum)_Bold.ttf
4\4_000487.png,4,۴,IRANSans(FaNum)_Light.ttf
4\4_000488.png,4,۴,IRANSans(FaNum)_Medium.ttf
4\4_000489.png,4,۴,IRANSans(FaNum)_UltraLight.ttf
4\4_000490.png,4,۴,IRANSans.ttf
4\4_000491.png,4,۴,IRANSans_Black.ttf
4\4_000492.png,4,۴,IRANSans_Bold.ttf
4\4_000493.png,4,۴,IRANSans_Light.ttf
4\4_000494.png,4,۴,IRANSans_Medium.ttf
4\4_000495.png,4,۴,IRANSans_UltraLight.ttf
4\4_000496.png,4,۴,IRANSansMobile(FaNum).ttf
4\4_000497.png,4,۴,IRANSansMobile(FaNum)_Black.ttf
4\4_000498.png,4,۴,IRANSansMobile(FaNum)_Bold.ttf
4\4_000499.png,4,۴,IRANSansMobile(FaNum)_Light.ttf
4\4_000500.png,4,۴,arial.ttf
4\4_000501.png,4,۴,arialbd.ttf
4\4_000502.png,4,۴,BNazanin.ttf
4\4_000503.png,4,۴,BYekan.ttf
4\4_000504.png,4,۴,IRANSans(FaNum).ttf
4\4_000505.png,4,۴,IRANSans(FaNum)_Black.ttf
4\4_000506.png,4,۴,IRANSans(FaNum)_Bold.ttf
4\4_000507.png,4,۴,IRANSans(FaNum)_Light.ttf
4\4_000508.png,4,۴,IRANSans(FaNum)_Medium.ttf
4\4_000509.png,4,۴,IRANSans(FaNum)_UltraLight.ttf
4\4_000510.png,4,۴,IRANSans.ttf
4\4_000511.png,4,۴,IRANSans_Black.ttf
4\4_000512.png,4,۴,IRANSans_Bold.ttf
4\4_000513.png,4,۴,IRANSans_Light.ttf
4\4_000514.png,4,۴,IRANSans_Medium.ttf
4\4_000515.png,4,۴,IRANSans_UltraLight.ttf
4\4_000516.png,4,۴,IRANSansMobile(FaNum).ttf
4\4_000517.png,4,۴,IRANSansMobile(FaNum)_Black.ttf
4\4_000518.png,4,۴,IRANSansMobile(FaNum)_Bold.ttf
4\4_000519.png,4,۴,IRANSansMobile(FaNum)_Light.ttf
4\4_000520.png,4,۴,arial.ttf
4\4_000521.png,4,۴,arialbd.ttf
4\4_000522.png,4,۴,BNazanin.ttf
4\4_000523.png,4,۴,BYekan.ttf
4\4_000524.png,4,۴,IRANSans(FaNum).ttf
4\4_000525.png,4,۴,IRANSans(FaNum)_Black.ttf
4\4_000526.png,4,۴,IRANSans(FaNum)_Bold.ttf
4\4_000527.png,4,۴,IRANSans(FaNum)_Light.ttf
4\4_000528.png,4,۴,IRANSans(FaNum)_Medium.ttf
4\4_000529.png,4,۴,IRANSans(FaNum)_UltraLight.ttf
4\4_000530.png,4,۴,IRANSans.ttf
4\4_000531.png,4,۴,IRANSans_Black.ttf
4\4_000532.png,4,۴,IRANSans_Bold.ttf
4\4_000533.png,4,۴,IRANSans_Light.ttf
4\4_000534.png,4,۴,IRANSans_Medium.ttf
4\4_000535.png,4,۴,IRANSans_UltraLight.ttf
4\4_000536.png,4,۴,IRANSansMobile(FaNum).ttf
4\4_000537.png,4,۴,IRANSansMobile(FaNum)_Black.ttf
4\4_000538.png,4,۴,IRANSansMobile(FaNum)_Bold.ttf
4\4_000539.png,4,۴,IRANSansMobile(FaNum)_Light.ttf
4\4_000540.png,4,۴,arial.ttf
4\4_000541.png,4,۴,arialbd.ttf
4\4_000542.png,4,۴,BNazanin.ttf
4\4_000543.png,4,۴,BYekan.ttf
4\4_000544.png,4,۴,IRANSans(FaNum).ttf
4\4_000545.png,4,۴,IRANSans(FaNum)_Black.ttf
4\4_000546.png,4,۴,IRANSans(FaNum)_Bold.ttf
4\4_000547.png,4,۴,IRANSans(FaNum)_Light.ttf
4\4_000548.png,4,۴,IRANSans(FaNum)_Medium.ttf
4\4_000549.png,4,۴,IRANSans(FaNum)_UltraLight.ttf
4\4_000550.png,4,۴,IRANSans.ttf
4\4_000551.png,4,۴,IRANSans_Black.ttf
4\4_000552.png,4,۴,IRANSans_Bold.ttf
4\4_000553.png,4,۴,IRANSans_Light.ttf
4\4_000554.png,4,۴,IRANSans_Medium.ttf
4\4_000555.png,4,۴,IRANSans_UltraLight.ttf
4\4_000556.png,4,۴,IRANSansMobile(FaNum).ttf
4\4_000557.png,4,۴,IRANSansMobile(FaNum)_Black.ttf
4\4_000558.png,4,۴,IRANSansMobile(FaNum)_Bold.ttf
4\4_000559.png,4,۴,IRANSansMobile(FaNum)_Light.ttf
4\4_000560.png,4,۴,arial.ttf
4\4_000561.png,4,۴,arialbd.ttf
4\4_000562.png,4,۴,BNazanin.ttf
4\4_000563.png,4,۴,BYekan.ttf
4\4_000564.png,4,۴,IRANSans(FaNum).ttf
4\4_000565.png,4,۴,IRANSans(FaNum)_Black.ttf
4\4_000566.png,4,۴,IRANSans(FaNum)_Bold.ttf
4\4_000567.png,4,۴,IRANSans(FaNum)_Light.ttf
4\4_000568.png,4,۴,IRANSans(FaNum)_Medium.ttf
4\4_000569.png,4,۴,IRANSans(FaNum)_UltraLight.ttf
4\4_000570.png,4,۴,IRANSans.ttf
4\4_000571.png,4,۴,IRANSans_Black.ttf
4\4_000572.png,4,۴,IRANSans_Bold.ttf
4\4_000573.png,4,۴,IRANSans_Light.ttf
4\4_000574.png,4,۴,IRANSans_Medium.ttf
4\4_000575.png,4,۴,IRANSans_UltraLight.ttf
4\4_000576.png,4,۴,IRANSansMobile(FaNum).ttf
4\4_000577.png,4,۴,IRANSansMobile(FaNum)_Black.ttf
4\4_000578.png,4,۴,IRANSansMobile(FaNum)_Bold.ttf
4\4_000579.png,4,۴,IRANSansMobile(FaNum)_Light.ttf
4\4_000580.png,4,۴,arial.ttf
4\4_000581.png,4,۴,arialbd.ttf
4\4_000582.png,4,۴,BNazanin.ttf
4\4_000583.png,4,۴,BYekan.ttf
4\4_000584.png,4,۴,IRANSans(FaNum).ttf
4\4_000585.png,4,۴,IRANSans(FaNum)_Black.ttf
4\4_000586.png,4,۴,IRANSans(FaNum)_Bold.ttf
4\4_000587.png,4,۴,IRANSans(FaNum)_Light.ttf
4\4_000588.png,4,۴,IRANSans(FaNum)_Medium.ttf
4\4_000589.png,4,۴,IRANSans(FaNum)_UltraLight.ttf
4\4_000590.png,4,۴,IRANSans.ttf
4\4_000591.png,4,۴,IRANSans_Black.ttf
4\4_000592.png,4,۴,IRANSans_Bold.ttf
4\4_000593.png,4,۴,IRANSans_Light.ttf
4\4_000594.png,4,۴,IRANSans_Medium.ttf
4\4_000595.png,4,۴,IRANSans_UltraLight.ttf
4\4_000596.png,4,۴,IRANSansMobile(FaNum).ttf
4\4_000597.png,4,۴,IRANSansMobile(FaNum)_Black.ttf
4\4_000598.png,4,۴,IRANSansMobile(FaNum)_Bold.ttf
4\4_000599.png,4,۴,IRANSansMobile(FaNum)_Light.ttf
4\4_000600.png,4,۴,arial.ttf
4\4_000601.png,4,۴,arialbd.ttf
4\4_000602.png,4,۴,BNazanin.ttf
4\4_000603.png,4,۴,BYekan.ttf
4\4_000604.png,4,۴,IRANSans(FaNum).ttf
4\4_000605.png,4,۴,IRANSans(FaNum)_Black.ttf
4\4_000606.png,4,۴,IRANSans(FaNum)_Bold.ttf
4\4_000607.png,4,۴,IRANSans(FaNum)_Light.ttf
4\4_000608.png,4,۴,IRANSans(FaNum)_Medium.ttf
4\4_000609.png,4,۴,IRANSans(FaNum)_UltraLight.ttf
4\4_000610.png,4,۴,IRANSans.ttf
4\4_000611.png,4,۴,IRANSans_Black.ttf
4\4_000612.png,4,۴,IRANSans_Bold.ttf
4\4_000613.png,4,۴,IRANSans_Light.ttf
4\4_000614.png,4,۴,IRANSans_Medium.ttf
4\4_000615.png,4,۴,IRANSans_UltraLight.ttf
4\4_000616.png,4,۴,IRANSansMobile(FaNum).ttf
4\4_000617.png,4,۴,IRANSansMobile(FaNum)_Black.ttf
4\4_000618.png,4,۴,IRANSansMobile(FaNum)_Bold.ttf
4\4_000619.png,4,۴,IRANSansMobile(FaNum)_Light.ttf
4\4_000620.png,4,۴,arial.ttf
4\4_000621.png,4,۴,arialbd.ttf
4\4_000622.png,4,۴,BNazanin.ttf
4\4_000623.png,4,۴,BYekan.ttf
4\4_000624.png,4,۴,IRANSans(FaNum).ttf
4\4_000625.png,4,۴,IRANSans(FaNum)_Black.ttf
4\4_000626.png,4,۴,IRANSans(FaNum)_Bold.ttf
4\4_000627.png,4,۴,IRANSans(FaNum)_Light.ttf
4\4_000628.png,4,۴,IRANSans(FaNum)_Medium.ttf
4\4_000629.png,4,۴,IRANSans(FaNum)_UltraLight.ttf
4\4_000630.png,4,۴,IRANSans.ttf
4\4_000631.png,4,۴,IRANSans_Black.ttf
4\4_000632.png,4,۴,IRANSans_Bold.ttf
4\4_000633.png,4,۴,IRANSans_Light.ttf
4\4_000634.png,4,۴,IRANSans_Medium.ttf
4\4_000635.png,4,۴,IRANSans_UltraLight.ttf
4\4_000636.png,4,۴,IRANSansMobile(FaNum).ttf
4\4_000637.png,4,۴,IRANSansMobile(FaNum)_Black.ttf
4\4_000638.png,4,۴,IRANSansMobile(FaNum)_Bold.ttf
4\4_000639.png,4,۴,IRANSansMobile(FaNum)_Light.ttf
4\4_000640.png,4,۴,arial.ttf
4\4_000641.png,4,۴,arialbd.ttf
4\4_000642.png,4,۴,BNazanin.ttf
4\4_000643.png,4,۴,BYekan.ttf
4\4_000644.png,4,۴,IRANSans(FaNum).ttf
4\4_000645.png,4,۴,IRANSans(FaNum)_Black.ttf
4\4_000646.png,4,۴,IRANSans(FaNum)_Bold.ttf
4\4_000647.png,4,۴,IRANSans(FaNum)_Light.ttf
4\4_000648.png,4,۴,IRANSans(FaNum)_Medium.ttf
4\4_000649.png,4,۴,IRANSans(FaNum)_UltraLight.ttf
4\4_000650.png,4,۴,IRANSans.ttf
4\4_000651.png,4,۴,IRANSans_Black.ttf
4\4_000652.png,4,۴,IRANSans_Bold.ttf
4\4_000653.png,4,۴,IRANSans_Light.ttf
4\4_000654.png,4,۴,IRANSans_Medium.ttf
4\4_000655.png,4,۴,IRANSans_UltraLight.ttf
4\4_000656.png,4,۴,IRANSansMobile(FaNum).ttf
4\4_000657.png,4,۴,IRANSansMobile(FaNum)_Black.ttf
4\4_000658.png,4,۴,IRANSansMobile(FaNum)_Bold.ttf
4\4_000659.png,4,۴,IRANSansMobile(FaNum)_Light.ttf
4\4_000660.png,4,۴,arial.ttf
4\4_000661.png,4,۴,arialbd.ttf
4\4_000662.png,4,۴,BNazanin.ttf
4\4_000663.png,4,۴,BYekan.ttf
4\4_000664.png,4,۴,IRANSans(FaNum).ttf
4\4_000665.png,4,۴,IRANSans(FaNum)_Black.ttf
4\4_000666.png,4,۴,IRANSans(FaNum)_Bold.ttf
4\4_000667.png,4,۴,IRANSans(FaNum)_Light.ttf
4\4_000668.png,4,۴,IRANSans(FaNum)_Medium.ttf
4\4_000669.png,4,۴,IRANSans(FaNum)_UltraLight.ttf
4\4_000670.png,4,۴,IRANSans.ttf
4\4_000671.png,4,۴,IRANSans_Black.ttf
4\4_000672.png,4,۴,IRANSans_Bold.ttf
4\4_000673.png,4,۴,IRANSans_Light.ttf
4\4_000674.png,4,۴,IRANSans_Medium.ttf
4\4_000675.png,4,۴,IRANSans_UltraLight.ttf
4\4_000676.png,4,۴,IRANSansMobile(FaNum).ttf
4\4_000677.png,4,۴,IRANSansMobile(FaNum)_Black.ttf
4\4_000678.png,4,۴,IRANSansMobile(FaNum)_Bold.ttf
4\4_000679.png,4,۴,IRANSansMobile(FaNum)_Light.ttf
4\4_000680.png,4,۴,arial.ttf
4\4_000681.png,4,۴,arialbd.ttf
4\4_000682.png,4,۴,BNazanin.ttf
4\4_000683.png,4,۴,BYekan.ttf
4\4_000684.png,4,۴,IRANSans(FaNum).ttf
4\4_000685.png,4,۴,IRANSans(FaNum)_Black.ttf
4\4_000686.png,4,۴,IRANSans(FaNum)_Bold.ttf
4\4_000687.png,4,۴,IRANSans(FaNum)_Light.ttf
4\4_000688.png,4,۴,IRANSans(FaNum)_Medium.ttf
4\4_000689.png,4,۴,IRANSans(FaNum)_UltraLight.ttf
4\4_000690.png,4,۴,IRANSans.ttf
4\4_000691.png,4,۴,IRANSans_Black.ttf
4\4_000692.png,4,۴,IRANSans_Bold.ttf
4\4_000693.png,4,۴,IRANSans_Light.ttf
4\4_000694.png,4,۴,IRANSans_Medium.ttf
4\4_000695.png,4,۴,IRANSans_UltraLight.ttf
4\4_000696.png,4,۴,IRANSansMobile(FaNum).ttf
4\4_000697.png,4,۴,IRANSansMobile(FaNum)_Black.ttf
4\4_000698.png,4,۴,IRANSansMobile(FaNum)_Bold.ttf
4\4_000699.png,4,۴,IRANSansMobile(FaNum)_Light.ttf
4\4_000700.png,4,۴,arial.ttf
4\4_000701.png,4,۴,arialbd.ttf
4\4_000702.png,4,۴,BNazanin.ttf
4\4_000703.png,4,۴,BYekan.ttf
4\4_000704.png,4,۴,IRANSans(FaNum).ttf
4\4_000705.png,4,۴,IRANSans(FaNum)_Black.ttf
4\4_000706.png,4,۴,IRANSans(FaNum)_Bold.ttf
4\4_000707.png,4,۴,IRANSans(FaNum)_Light.ttf
4\4_000708.png,4,۴,IRANSans(FaNum)_Medium.ttf
4\4_000709.png,4,۴,IRANSans(FaNum)_UltraLight.ttf
4\4_000710.png,4,۴,IRANSans.ttf
4\4_000711.png,4,۴,IRANSans_Black.ttf
4\4_000712.png,4,۴,IRANSans_Bold.ttf
4\4_000713.png,4,۴,IRANSans_Light.ttf
4\4_000714.png,4,۴,IRANSans_Medium.ttf
4\4_000715.png,4,۴,IRANSans_UltraLight.ttf
4\4_000716.png,4,۴,IRANSansMobile(FaNum).ttf
4\4_000717.png,4,۴,IRANSansMobile(FaNum)_Black.ttf
4\4_000718.png,4,۴,IRANSansMobile(FaNum)_Bold.ttf
4\4_000719.png,4,۴,IRANSansMobile(FaNum)_Light.ttf
4\4_000720.png,4,۴,arial.ttf
4\4_000721.png,4,۴,arialbd.ttf
4\4_000722.png,4,۴,BNazanin.ttf
4\4_000723.png,4,۴,BYekan.ttf
4\4_000724.png,4,۴,IRANSans(FaNum).ttf
4\4_000725.png,4,۴,IRANSans(FaNum)_Black.ttf
4\4_000726.png,4,۴,IRANSans(FaNum)_Bold.ttf
4\4_000727.png,4,۴,IRANSans(FaNum)_Light.ttf
4\4_000728.png,4,۴,IRANSans(FaNum)_Medium.ttf
4\4_000729.png,4,۴,IRANSans(FaNum)_UltraLight.ttf
4\4_000730.png,4,۴,IRANSans.ttf
4\4_000731.png,4,۴,IRANSans_Black.ttf
4\4_000732.png,4,۴,IRANSans_Bold.ttf
4\4_000733.png,4,۴,IRANSans_Light.ttf
4\4_000734.png,4,۴,IRANSans_Medium.ttf
4\4_000735.png,4,۴,IRANSans_UltraLight.ttf
4\4_000736.png,4,۴,IRANSansMobile(FaNum).ttf
4\4_000737.png,4,۴,IRANSansMobile(FaNum)_Black.ttf
4\4_000738.png,4,۴,IRANSansMobile(FaNum)_Bold.ttf
4\4_000739.png,4,۴,IRANSansMobile(FaNum)_Light.ttf
4\4_000740.png,4,۴,arial.ttf
4\4_000741.png,4,۴,arialbd.ttf
4\4_000742.png,4,۴,BNazanin.ttf
4\4_000743.png,4,۴,BYekan.ttf
4\4_000744.png,4,۴,IRANSans(FaNum).ttf
4\4_000745.png,4,۴,IRANSans(FaNum)_Black.ttf
4\4_000746.png,4,۴,IRANSans(FaNum)_Bold.ttf
4\4_000747.png,4,۴,IRANSans(FaNum)_Light.ttf
4\4_000748.png,4,۴,IRANSans(FaNum)_Medium.ttf
4\4_000749.png,4,۴,IRANSans(FaNum)_UltraLight.ttf
4\4_000750.png,4,۴,IRANSans.ttf
4\4_000751.png,4,۴,IRANSans_Black.ttf
4\4_000752.png,4,۴,IRANSans_Bold.ttf
4\4_000753.png,4,۴,IRANSans_Light.ttf
4\4_000754.png,4,۴,IRANSans_Medium.ttf
4\4_000755.png,4,۴,IRANSans_UltraLight.ttf
4\4_000756.png,4,۴,IRANSansMobile(FaNum).ttf
4\4_000757.png,4,۴,IRANSansMobile(FaNum)_Black.ttf
4\4_000758.png,4,۴,IRANSansMobile(FaNum)_Bold.ttf
4\4_000759.png,4,۴,IRANSansMobile(FaNum)_Light.ttf
4\4_000760.png,4,۴,arial.ttf
4\4_000761.png,4,۴,arialbd.ttf
4\4_000762.png,4,۴,BNazanin.ttf
4\4_000763.png,4,۴,BYekan.ttf
4\4_000764.png,4,۴,IRANSans(FaNum).ttf
4\4_000765.png,4,۴,IRANSans(FaNum)_Black.ttf
4\4_000766.png,4,۴,IRANSans(FaNum)_Bold.ttf
4\4_000767.png,4,۴,IRANSans(FaNum)_Light.ttf
4\4_000768.png,4,۴,IRANSans(FaNum)_Medium.ttf
4\4_000769.png,4,۴,IRANSans(FaNum)_UltraLight.ttf
4\4_000770.png,4,۴,IRANSans.ttf
4\4_000771.png,4,۴,IRANSans_Black.ttf
4\4_000772.png,4,۴,IRANSans_Bold.ttf
4\4_000773.png,4,۴,IRANSans_Light.ttf
4\4_000774.png,4,۴,IRANSans_Medium.ttf
4\4_000775.png,4,۴,IRANSans_UltraLight.ttf
4\4_000776.png,4,۴,IRANSansMobile(FaNum).ttf
4\4_000777.png,4,۴,IRANSansMobile(FaNum)_Black.ttf
4\4_000778.png,4,۴,IRANSansMobile(FaNum)_Bold.ttf
4\4_000779.png,4,۴,IRANSansMobile(FaNum)_Light.ttf
4\4_000780.png,4,۴,arial.ttf
4\4_000781.png,4,۴,arialbd.ttf
4\4_000782.png,4,۴,BNazanin.ttf
4\4_000783.png,4,۴,BYekan.ttf
4\4_000784.png,4,۴,IRANSans(FaNum).ttf
4\4_000785.png,4,۴,IRANSans(FaNum)_Black.ttf
4\4_000786.png,4,۴,IRANSans(FaNum)_Bold.ttf
4\4_000787.png,4,۴,IRANSans(FaNum)_Light.ttf
4\4_000788.png,4,۴,IRANSans(FaNum)_Medium.ttf
4\4_000789.png,4,۴,IRANSans(FaNum)_UltraLight.ttf
4\4_000790.png,4,۴,IRANSans.ttf
4\4_000791.png,4,۴,IRANSans_Black.ttf
4\4_000792.png,4,۴,IRANSans_Bold.ttf
4\4_000793.png,4,۴,IRANSans_Light.ttf
4\4_000794.png,4,۴,IRANSans_Medium.ttf
4\4_000795.png,4,۴,IRANSans_UltraLight.ttf
4\4_000796.png,4,۴,IRANSansMobile(FaNum).ttf
4\4_000797.png,4,۴,IRANSansMobile(FaNum)_Black.ttf
4\4_000798.png,4,۴,IRANSansMobile(FaNum)_Bold.ttf
4\4_000799.png,4,۴,IRANSansMobile(FaNum)_Light.ttf
4\4_000800.png,4,۴,arial.ttf
4\4_000801.png,4,۴,arialbd.ttf
4\4_000802.png,4,۴,BNazanin.ttf
4\4_000803.png,4,۴,BYekan.ttf
4\4_000804.png,4,۴,IRANSans(FaNum).ttf
4\4_000805.png,4,۴,IRANSans(FaNum)_Black.ttf
4\4_000806.png,4,۴,IRANSans(FaNum)_Bold.ttf
4\4_000807.png,4,۴,IRANSans(FaNum)_Light.ttf
4\4_000808.png,4,۴,IRANSans(FaNum)_Medium.ttf
4\4_000809.png,4,۴,IRANSans(FaNum)_UltraLight.ttf
4\4_000810.png,4,۴,IRANSans.ttf
4\4_000811.png,4,۴,IRANSans_Black.ttf
4\4_000812.png,4,۴,IRANSans_Bold.ttf
4\4_000813.png,4,۴,IRANSans_Light.ttf
4\4_000814.png,4,۴,IRANSans_Medium.ttf
4\4_000815.png,4,۴,IRANSans_UltraLight.ttf
4\4_000816.png,4,۴,IRANSansMobile(FaNum).ttf
4\4_000817.png,4,۴,IRANSansMobile(FaNum)_Black.ttf
4\4_000818.png,4,۴,IRANSansMobile(FaNum)_Bold.ttf
4\4_000819.png,4,۴,IRANSansMobile(FaNum)_Light.ttf
4\4_000820.png,4,۴,arial.ttf
4\4_000821.png,4,۴,arialbd.ttf
4\4_000822.png,4,۴,BNazanin.ttf
4\4_000823.png,4,۴,BYekan.ttf
4\4_000824.png,4,۴,IRANSans(FaNum).ttf
4\4_000825.png,4,۴,IRANSans(FaNum)_Black.ttf
4\4_000826.png,4,۴,IRANSans(FaNum)_Bold.ttf
4\4_000827.png,4,۴,IRANSans(FaNum)_Light.ttf
4\4_000828.png,4,۴,IRANSans(FaNum)_Medium.ttf
4\4_000829.png,4,۴,IRANSans(FaNum)_UltraLight.ttf
4\4_000830.png,4,۴,IRANSans.ttf
4\4_000831.png,4,۴,IRANSans_Black.ttf
4\4_000832.png,4,۴,IRANSans_Bold.ttf
4\4_000833.png,4,۴,IRANSans_Light.ttf
4\4_000834.png,4,۴,IRANSans_Medium.ttf
4\4_000835.png,4,۴,IRANSans_UltraLight.ttf
4\4_000836.png,4,۴,IRANSansMobile(FaNum).ttf
4\4_000837.png,4,۴,IRANSansMobile(FaNum)_Black.ttf
4\4_000838.png,4,۴,IRANSansMobile(FaNum)_Bold.ttf
4\4_000839.png,4,۴,IRANSansMobile(FaNum)_Light.ttf
4\4_000840.png,4,۴,arial.ttf
4\4_000841.png,4,۴,arialbd.ttf
4\4_000842.png,4,۴,BNazanin.ttf
4\4_000843.png,4,۴,BYekan.ttf
4\4_000844.png,4,۴,IRANSans(FaNum).ttf
4\4_000845.png,4,۴,IRANSans(FaNum)_Black.ttf
4\4_000846.png,4,۴,IRANSans(FaNum)_Bold.ttf
4\4_000847.png,4,۴,IRANSans(FaNum)_Light.ttf
4\4_000848.png,4,۴,IRANSans(FaNum)_Medium.ttf
4\4_000849.png,4,۴,IRANSans(FaNum)_UltraLight.ttf
4\4_000850.png,4,۴,IRANSans.ttf
4\4_000851.png,4,۴,IRANSans_Black.ttf
4\4_000852.png,4,۴,IRANSans_Bold.ttf
4\4_000853.png,4,۴,IRANSans_Light.ttf
4\4_000854.png,4,۴,IRANSans_Medium.ttf
4\4_000855.png,4,۴,IRANSans_UltraLight.ttf
4\4_000856.png,4,۴,IRANSansMobile(FaNum).ttf
4\4_000857.png,4,۴,IRANSansMobile(FaNum)_Black.ttf
4\4_000858.png,4,۴,IRANSansMobile(FaNum)_Bold.ttf
4\4_000859.png,4,۴,IRANSansMobile(FaNum)_Light.ttf
4\4_000860.png,4,۴,arial.ttf
4\4_000861.png,4,۴,arialbd.ttf
4\4_000862.png,4,۴,BNazanin.ttf
4\4_000863.png,4,۴,BYekan.ttf
4\4_000864.png,4,۴,IRANSans(FaNum).ttf
4\4_000865.png,4,۴,IRANSans(FaNum)_Black.ttf
4\4_000866.png,4,۴,IRANSans(FaNum)_Bold.ttf
4\4_000867.png,4,۴,IRANSans(FaNum)_Light.ttf
4\4_000868.png,4,۴,IRANSans(FaNum)_Medium.ttf
4\4_000869.png,4,۴,IRANSans(FaNum)_UltraLight.ttf
4\4_000870.png,4,۴,IRANSans.ttf
4\4_000871.png,4,۴,IRANSans_Black.ttf
4\4_000872.png,4,۴,IRANSans_Bold.ttf
4\4_000873.png,4,۴,IRANSans_Light.ttf
4\4_000874.png,4,۴,IRANSans_Medium.ttf
4\4_000875.png,4,۴,IRANSans_UltraLight.ttf
4\4_000876.png,4,۴,IRANSansMobile(FaNum).ttf
4\4_000877.png,4,۴,IRANSansMobile(FaNum)_Black.ttf
4\4_000878.png,4,۴,IRANSansMobile(FaNum)_Bold.ttf
4\4_000879.png,4,۴,IRANSansMobile(FaNum)_Light.ttf
4\4_000880.png,4,۴,arial.ttf
4\4_000881.png,4,۴,arialbd.ttf
4\4_000882.png,4,۴,BNazanin.ttf
4\4_000883.png,4,۴,BYekan.ttf
4\4_000884.png,4,۴,IRANSans(FaNum).ttf
4\4_000885.png,4,۴,IRANSans(FaNum)_Black.ttf
4\4_000886.png,4,۴,IRANSans(FaNum)_Bold.ttf
4\4_000887.png,4,۴,IRANSans(FaNum)_Light.ttf
4\4_000888.png,4,۴,IRANSans(FaNum)_Medium.ttf
4\4_000889.png,4,۴,IRANSans(FaNum)_UltraLight.ttf
4\4_000890.png,4,۴,IRANSans.ttf
4\4_000891.png,4,۴,IRANSans_Black.ttf
4\4_000892.png,4,۴,IRANSans_Bold.ttf
4\4_000893.png,4,۴,IRANSans_Light.ttf
4\4_000894.png,4,۴,IRANSans_Medium.ttf
4\4_000895.png,4,۴,IRANSans_UltraLight.ttf
4\4_000896.png,4,۴,IRANSansMobile(FaNum).ttf
4\4_000897.png,4,۴,IRANSansMobile(FaNum)_Black.ttf
4\4_000898.png,4,۴,IRANSansMobile(FaNum)_Bold.ttf
4\4_000899.png,4,۴,IRANSansMobile(FaNum)_Light.ttf
4\4_000900.png,4,۴,arial.ttf
4\4_000901.png,4,۴,arialbd.ttf
4\4_000902.png,4,۴,BNazanin.ttf
4\4_000903.png,4,۴,BYekan.ttf
4\4_000904.png,4,۴,IRANSans(FaNum).ttf
4\4_000905.png,4,۴,IRANSans(FaNum)_Black.ttf
4\4_000906.png,4,۴,IRANSans(FaNum)_Bold.ttf
4\4_000907.png,4,۴,IRANSans(FaNum)_Light.ttf
4\4_000908.png,4,۴,IRANSans(FaNum)_Medium.ttf
4\4_000909.png,4,۴,IRANSans(FaNum)_UltraLight.ttf
4\4_000910.png,4,۴,IRANSans.ttf
4\4_000911.png,4,۴,IRANSans_Black.ttf
4\4_000912.png,4,۴,IRANSans_Bold.ttf
4\4_000913.png,4,۴,IRANSans_Light.ttf
4\4_000914.png,4,۴,IRANSans_Medium.ttf
4\4_000915.png,4,۴,IRANSans_UltraLight.ttf
4\4_000916.png,4,۴,IRANSansMobile(FaNum).ttf
4\4_000917.png,4,۴,IRANSansMobile(FaNum)_Black.ttf
4\4_000918.png,4,۴,IRANSansMobile(FaNum)_Bold.ttf
4\4_000919.png,4,۴,IRANSansMobile(FaNum)_Light.ttf
4\4_000920.png,4,۴,arial.ttf
4\4_000921.png,4,۴,arialbd.ttf
4\4_000922.png,4,۴,BNazanin.ttf
4\4_000923.png,4,۴,BYekan.ttf
4\4_000924.png,4,۴,IRANSans(FaNum).ttf
4\4_000925.png,4,۴,IRANSans(FaNum)_Black.ttf
4\4_000926.png,4,۴,IRANSans(FaNum)_Bold.ttf
4\4_000927.png,4,۴,IRANSans(FaNum)_Light.ttf
4\4_000928.png,4,۴,IRANSans(FaNum)_Medium.ttf
4\4_000929.png,4,۴,IRANSans(FaNum)_UltraLight.ttf
4\4_000930.png,4,۴,IRANSans.ttf
4\4_000931.png,4,۴,IRANSans_Black.ttf
4\4_000932.png,4,۴,IRANSans_Bold.ttf
4\4_000933.png,4,۴,IRANSans_Light.ttf
4\4_000934.png,4,۴,IRANSans_Medium.ttf
4\4_000935.png,4,۴,IRANSans_UltraLight.ttf
4\4_000936.png,4,۴,IRANSansMobile(FaNum).ttf
4\4_000937.png,4,۴,IRANSansMobile(FaNum)_Black.ttf
4\4_000938.png,4,۴,IRANSansMobile(FaNum)_Bold.ttf
4\4_000939.png,4,۴,IRANSansMobile(FaNum)_Light.ttf
4\4_000940.png,4,۴,arial.ttf
4\4_000941.png,4,۴,arialbd.ttf
4\4_000942.png,4,۴,BNazanin.ttf
4\4_000943.png,4,۴,BYekan.ttf
4\4_000944.png,4,۴,IRANSans(FaNum).ttf
4\4_000945.png,4,۴,IRANSans(FaNum)_Black.ttf
4\4_000946.png,4,۴,IRANSans(FaNum)_Bold.ttf
4\4_000947.png,4,۴,IRANSans(FaNum)_Light.ttf
4\4_000948.png,4,۴,IRANSans(FaNum)_Medium.ttf
4\4_000949.png,4,۴,IRANSans(FaNum)_UltraLight.ttf
4\4_000950.png,4,۴,IRANSans.ttf
4\4_000951.png,4,۴,IRANSans_Black.ttf
4\4_000952.png,4,۴,IRANSans_Bold.ttf
4\4_000953.png,4,۴,IRANSans_Light.ttf
4\4_000954.png,4,۴,IRANSans_Medium.ttf
4\4_000955.png,4,۴,IRANSans_UltraLight.ttf
4\4_000956.png,4,۴,IRANSansMobile(FaNum).ttf
4\4_000957.png,4,۴,IRANSansMobile(FaNum)_Black.ttf
4\4_000958.png,4,۴,IRANSansMobile(FaNum)_Bold.ttf
4\4_000959.png,4,۴,IRANSansMobile(FaNum)_Light.ttf
4\4_000960.png,4,۴,arial.ttf
4\4_000961.png,4,۴,arialbd.ttf
4\4_000962.png,4,۴,BNazanin.ttf
4\4_000963.png,4,۴,BYekan.ttf
4\4_000964.png,4,۴,IRANSans(FaNum).ttf
4\4_000965.png,4,۴,IRANSans(FaNum)_Black.ttf
4\4_000966.png,4,۴,IRANSans(FaNum)_Bold.ttf
4\4_000967.png,4,۴,IRANSans(FaNum)_Light.ttf
4\4_000968.png,4,۴,IRANSans(FaNum)_Medium.ttf
4\4_000969.png,4,۴,IRANSans(FaNum)_UltraLight.ttf
4\4_000970.png,4,۴,IRANSans.ttf
4\4_000971.png,4,۴,IRANSans_Black.ttf
4\4_000972.png,4,۴,IRANSans_Bold.ttf
4\4_000973.png,4,۴,IRANSans_Light.ttf
4\4_000974.png,4,۴,IRANSans_Medium.ttf
4\4_000975.png,4,۴,IRANSans_UltraLight.ttf
4\4_000976.png,4,۴,IRANSansMobile(FaNum).ttf
4\4_000977.png,4,۴,IRANSansMobile(FaNum)_Black.ttf
4\4_000978.png,4,۴,IRANSansMobile(FaNum)_Bold.ttf
4\4_000979.png,4,۴,IRANSansMobile(FaNum)_Light.ttf
4\4_000980.png,4,۴,arial.ttf
4\4_000981.png,4,۴,arialbd.ttf
4\4_000982.png,4,۴,BNazanin.ttf
4\4_000983.png,4,۴,BYekan.ttf
4\4_000984.png,4,۴,IRANSans(FaNum).ttf
4\4_000985.png,4,۴,IRANSans(FaNum)_Black.ttf
4\4_000986.png,4,۴,IRANSans(FaNum)_Bold.ttf
4\4_000987.png,4,۴,IRANSans(FaNum)_Light.ttf
4\4_000988.png,4,۴,IRANSans(FaNum)_Medium.ttf
4\4_000989.png,4,۴,IRANSans(FaNum)_UltraLight.ttf
4\4_000990.png,4,۴,IRANSans.ttf
4\4_000991.png,4,۴,IRANSans_Black.ttf
4\4_000992.png,4,۴,IRANSans_Bold.ttf
4\4_000993.png,4,۴,IRANSans_Light.ttf
4\4_000994.png,4,۴,IRANSans_Medium.ttf
4\4_000995.png,4,۴,IRANSans_UltraLight.ttf
4\4_000996.png,4,۴,IRANSansMobile(FaNum).ttf
4\4_000997.png,4,۴,IRANSansMobile(FaNum)_Black.ttf
4\4_000998.png,4,۴,IRANSansMobile(FaNum)_Bold.ttf
4\4_000999.png,4,۴,IRANSansMobile(FaNum)_Light.ttf
5\5_000000.png,5,۵,arial.ttf
5\5_000001.png,5,۵,arialbd.ttf
5\5_000002.png,5,۵,BNazanin.ttf
5\5_000003.png,5,۵,BYekan.ttf
5\5_000004.png,5,۵,IRANSans(FaNum).ttf
5\5_000005.png,5,۵,IRANSans(FaNum)_Black.ttf
5\5_000006.png,5,۵,IRANSans(FaNum)_Bold.ttf
5\5_000007.png,5,۵,IRANSans(FaNum)_Light.ttf
5\5_000008.png,5,۵,IRANSans(FaNum)_Medium.ttf
5\5_000009.png,5,۵,IRANSans(FaNum)_UltraLight.ttf
5\5_000010.png,5,۵,IRANSans.ttf
5\5_000011.png,5,۵,IRANSans_Black.ttf
5\5_000012.png,5,۵,IRANSans_Bold.ttf
5\5_000013.png,5,۵,IRANSans_Light.ttf
5\5_000014.png,5,۵,IRANSans_Medium.ttf
5\5_000015.png,5,۵,IRANSans_UltraLight.ttf
5\5_000016.png,5,۵,IRANSansMobile(FaNum).ttf
5\5_000017.png,5,۵,IRANSansMobile(FaNum)_Black.ttf
5\5_000018.png,5,۵,IRANSansMobile(FaNum)_Bold.ttf
5\5_000019.png,5,۵,IRANSansMobile(FaNum)_Light.ttf
5\5_000020.png,5,۵,arial.ttf
5\5_000021.png,5,۵,arialbd.ttf
5\5_000022.png,5,۵,BNazanin.ttf
5\5_000023.png,5,۵,BYekan.ttf
5\5_000024.png,5,۵,IRANSans(FaNum).ttf
5\5_000025.png,5,۵,IRANSans(FaNum)_Black.ttf
5\5_000026.png,5,۵,IRANSans(FaNum)_Bold.ttf
5\5_000027.png,5,۵,IRANSans(FaNum)_Light.ttf
5\5_000028.png,5,۵,IRANSans(FaNum)_Medium.ttf
5\5_000029.png,5,۵,IRANSans(FaNum)_UltraLight.ttf
5\5_000030.png,5,۵,IRANSans.ttf
5\5_000031.png,5,۵,IRANSans_Black.ttf
5\5_000032.png,5,۵,IRANSans_Bold.ttf
5\5_000033.png,5,۵,IRANSans_Light.ttf
5\5_000034.png,5,۵,IRANSans_Medium.ttf
5\5_000035.png,5,۵,IRANSans_UltraLight.ttf
5\5_000036.png,5,۵,IRANSansMobile(FaNum).ttf
5\5_000037.png,5,۵,IRANSansMobile(FaNum)_Black.ttf
5\5_000038.png,5,۵,IRANSansMobile(FaNum)_Bold.ttf
5\5_000039.png,5,۵,IRANSansMobile(FaNum)_Light.ttf
5\5_000040.png,5,۵,arial.ttf
5\5_000041.png,5,۵,arialbd.ttf
5\5_000042.png,5,۵,BNazanin.ttf
5\5_000043.png,5,۵,BYekan.ttf
5\5_000044.png,5,۵,IRANSans(FaNum).ttf
5\5_000045.png,5,۵,IRANSans(FaNum)_Black.ttf
5\5_000046.png,5,۵,IRANSans(FaNum)_Bold.ttf
5\5_000047.png,5,۵,IRANSans(FaNum)_Light.ttf
5\5_000048.png,5,۵,IRANSans(FaNum)_Medium.ttf
5\5_000049.png,5,۵,IRANSans(FaNum)_UltraLight.ttf
5\5_000050.png,5,۵,IRANSans.ttf
5\5_000051.png,5,۵,IRANSans_Black.ttf
5\5_000052.png,5,۵,IRANSans_Bold.ttf
5\5_000053.png,5,۵,IRANSans_Light.ttf
5\5_000054.png,5,۵,IRANSans_Medium.ttf
5\5_000055.png,5,۵,IRANSans_UltraLight.ttf
5\5_000056.png,5,۵,IRANSansMobile(FaNum).ttf
5\5_000057.png,5,۵,IRANSansMobile(FaNum)_Black.ttf
5\5_000058.png,5,۵,IRANSansMobile(FaNum)_Bold.ttf
5\5_000059.png,5,۵,IRANSansMobile(FaNum)_Light.ttf
5\5_000060.png,5,۵,arial.ttf
5\5_000061.png,5,۵,arialbd.ttf
5\5_000062.png,5,۵,BNazanin.ttf
5\5_000063.png,5,۵,BYekan.ttf
5\5_000064.png,5,۵,IRANSans(FaNum).ttf
5\5_000065.png,5,۵,IRANSans(FaNum)_Black.ttf
5\5_000066.png,5,۵,IRANSans(FaNum)_Bold.ttf
5\5_000067.png,5,۵,IRANSans(FaNum)_Light.ttf
5\5_000068.png,5,۵,IRANSans(FaNum)_Medium.ttf
5\5_000069.png,5,۵,IRANSans(FaNum)_UltraLight.ttf
5\5_000070.png,5,۵,IRANSans.ttf
5\5_000071.png,5,۵,IRANSans_Black.ttf
5\5_000072.png,5,۵,IRANSans_Bold.ttf
5\5_000073.png,5,۵,IRANSans_Light.ttf
5\5_000074.png,5,۵,IRANSans_Medium.ttf
5\5_000075.png,5,۵,IRANSans_UltraLight.ttf
5\5_000076.png,5,۵,IRANSansMobile(FaNum).ttf
5\5_000077.png,5,۵,IRANSansMobile(FaNum)_Black.ttf
5\5_000078.png,5,۵,IRANSansMobile(FaNum)_Bold.ttf
5\5_000079.png,5,۵,IRANSansMobile(FaNum)_Light.ttf
5\5_000080.png,5,۵,arial.ttf
5\5_000081.png,5,۵,arialbd.ttf
5\5_000082.png,5,۵,BNazanin.ttf
5\5_000083.png,5,۵,BYekan.ttf
5\5_000084.png,5,۵,IRANSans(FaNum).ttf
5\5_000085.png,5,۵,IRANSans(FaNum)_Black.ttf
5\5_000086.png,5,۵,IRANSans(FaNum)_Bold.ttf
5\5_000087.png,5,۵,IRANSans(FaNum)_Light.ttf
5\5_000088.png,5,۵,IRANSans(FaNum)_Medium.ttf
5\5_000089.png,5,۵,IRANSans(FaNum)_UltraLight.ttf
5\5_000090.png,5,۵,IRANSans.ttf
5\5_000091.png,5,۵,IRANSans_Black.ttf
5\5_000092.png,5,۵,IRANSans_Bold.ttf
5\5_000093.png,5,۵,IRANSans_Light.ttf
5\5_000094.png,5,۵,IRANSans_Medium.ttf
5\5_000095.png,5,۵,IRANSans_UltraLight.ttf
5\5_000096.png,5,۵,IRANSansMobile(FaNum).ttf
5\5_000097.png,5,۵,IRANSansMobile(FaNum)_Black.ttf
5\5_000098.png,5,۵,IRANSansMobile(FaNum)_Bold.ttf
5\5_000099.png,5,۵,IRANSansMobile(FaNum)_Light.ttf
5\5_000100.png,5,۵,arial.ttf
5\5_000101.png,5,۵,arialbd.ttf
5\5_000102.png,5,۵,BNazanin.ttf
5\5_000103.png,5,۵,BYekan.ttf
5\5_000104.png,5,۵,IRANSans(FaNum).ttf
5\5_000105.png,5,۵,IRANSans(FaNum)_Black.ttf
5\5_000106.png,5,۵,IRANSans(FaNum)_Bold.ttf
5\5_000107.png,5,۵,IRANSans(FaNum)_Light.ttf
5\5_000108.png,5,۵,IRANSans(FaNum)_Medium.ttf
5\5_000109.png,5,۵,IRANSans(FaNum)_UltraLight.ttf
5\5_000110.png,5,۵,IRANSans.ttf
5\5_000111.png,5,۵,IRANSans_Black.ttf
5\5_000112.png,5,۵,IRANSans_Bold.ttf
5\5_000113.png,5,۵,IRANSans_Light.ttf
5\5_000114.png,5,۵,IRANSans_Medium.ttf
5\5_000115.png,5,۵,IRANSans_UltraLight.ttf
5\5_000116.png,5,۵,IRANSansMobile(FaNum).ttf
5\5_000117.png,5,۵,IRANSansMobile(FaNum)_Black.ttf
5\5_000118.png,5,۵,IRANSansMobile(FaNum)_Bold.ttf
5\5_000119.png,5,۵,IRANSansMobile(FaNum)_Light.ttf
5\5_000120.png,5,۵,arial.ttf
5\5_000121.png,5,۵,arialbd.ttf
5\5_000122.png,5,۵,BNazanin.ttf
5\5_000123.png,5,۵,BYekan.ttf
5\5_000124.png,5,۵,IRANSans(FaNum).ttf
5\5_000125.png,5,۵,IRANSans(FaNum)_Black.ttf
5\5_000126.png,5,۵,IRANSans(FaNum)_Bold.ttf
5\5_000127.png,5,۵,IRANSans(FaNum)_Light.ttf
5\5_000128.png,5,۵,IRANSans(FaNum)_Medium.ttf
5\5_000129.png,5,۵,IRANSans(FaNum)_UltraLight.ttf
5\5_000130.png,5,۵,IRANSans.ttf
5\5_000131.png,5,۵,IRANSans_Black.ttf
5\5_000132.png,5,۵,IRANSans_Bold.ttf
5\5_000133.png,5,۵,IRANSans_Light.ttf
5\5_000134.png,5,۵,IRANSans_Medium.ttf
5\5_000135.png,5,۵,IRANSans_UltraLight.ttf
5\5_000136.png,5,۵,IRANSansMobile(FaNum).ttf
5\5_000137.png,5,۵,IRANSansMobile(FaNum)_Black.ttf
5\5_000138.png,5,۵,IRANSansMobile(FaNum)_Bold.ttf
5\5_000139.png,5,۵,IRANSansMobile(FaNum)_Light.ttf
5\5_000140.png,5,۵,arial.ttf
5\5_000141.png,5,۵,arialbd.ttf
5\5_000142.png,5,۵,BNazanin.ttf
5\5_000143.png,5,۵,BYekan.ttf
5\5_000144.png,5,۵,IRANSans(FaNum).ttf
5\5_000145.png,5,۵,IRANSans(FaNum)_Black.ttf
5\5_000146.png,5,۵,IRANSans(FaNum)_Bold.ttf
5\5_000147.png,5,۵,IRANSans(FaNum)_Light.ttf
5\5_000148.png,5,۵,IRANSans(FaNum)_Medium.ttf
5\5_000149.png,5,۵,IRANSans(FaNum)_UltraLight.ttf
5\5_000150.png,5,۵,IRANSans.ttf
5\5_000151.png,5,۵,IRANSans_Black.ttf
5\5_000152.png,5,۵,IRANSans_Bold.ttf
5\5_000153.png,5,۵,IRANSans_Light.ttf
5\5_000154.png,5,۵,IRANSans_Medium.ttf
5\5_000155.png,5,۵,IRANSans_UltraLight.ttf
5\5_000156.png,5,۵,IRANSansMobile(FaNum).ttf
5\5_000157.png,5,۵,IRANSansMobile(FaNum)_Black.ttf
5\5_000158.png,5,۵,IRANSansMobile(FaNum)_Bold.ttf
5\5_000159.png,5,۵,IRANSansMobile(FaNum)_Light.ttf
5\5_000160.png,5,۵,arial.ttf
5\5_000161.png,5,۵,arialbd.ttf
5\5_000162.png,5,۵,BNazanin.ttf
5\5_000163.png,5,۵,BYekan.ttf
5\5_000164.png,5,۵,IRANSans(FaNum).ttf
5\5_000165.png,5,۵,IRANSans(FaNum)_Black.ttf
5\5_000166.png,5,۵,IRANSans(FaNum)_Bold.ttf
5\5_000167.png,5,۵,IRANSans(FaNum)_Light.ttf
5\5_000168.png,5,۵,IRANSans(FaNum)_Medium.ttf
5\5_000169.png,5,۵,IRANSans(FaNum)_UltraLight.ttf
5\5_000170.png,5,۵,IRANSans.ttf
5\5_000171.png,5,۵,IRANSans_Black.ttf
5\5_000172.png,5,۵,IRANSans_Bold.ttf
5\5_000173.png,5,۵,IRANSans_Light.ttf
5\5_000174.png,5,۵,IRANSans_Medium.ttf
5\5_000175.png,5,۵,IRANSans_UltraLight.ttf
5\5_000176.png,5,۵,IRANSansMobile(FaNum).ttf
5\5_000177.png,5,۵,IRANSansMobile(FaNum)_Black.ttf
5\5_000178.png,5,۵,IRANSansMobile(FaNum)_Bold.ttf
5\5_000179.png,5,۵,IRANSansMobile(FaNum)_Light.ttf
5\5_000180.png,5,۵,arial.ttf
5\5_000181.png,5,۵,arialbd.ttf
5\5_000182.png,5,۵,BNazanin.ttf
5\5_000183.png,5,۵,BYekan.ttf
5\5_000184.png,5,۵,IRANSans(FaNum).ttf
5\5_000185.png,5,۵,IRANSans(FaNum)_Black.ttf
5\5_000186.png,5,۵,IRANSans(FaNum)_Bold.ttf
5\5_000187.png,5,۵,IRANSans(FaNum)_Light.ttf
5\5_000188.png,5,۵,IRANSans(FaNum)_Medium.ttf
5\5_000189.png,5,۵,IRANSans(FaNum)_UltraLight.ttf
5\5_000190.png,5,۵,IRANSans.ttf
5\5_000191.png,5,۵,IRANSans_Black.ttf
5\5_000192.png,5,۵,IRANSans_Bold.ttf
5\5_000193.png,5,۵,IRANSans_Light.ttf
5\5_000194.png,5,۵,IRANSans_Medium.ttf
5\5_000195.png,5,۵,IRANSans_UltraLight.ttf
5\5_000196.png,5,۵,IRANSansMobile(FaNum).ttf
5\5_000197.png,5,۵,IRANSansMobile(FaNum)_Black.ttf
5\5_000198.png,5,۵,IRANSansMobile(FaNum)_Bold.ttf
5\5_000199.png,5,۵,IRANSansMobile(FaNum)_Light.ttf
5\5_000200.png,5,۵,arial.ttf
5\5_000201.png,5,۵,arialbd.ttf
5\5_000202.png,5,۵,BNazanin.ttf
5\5_000203.png,5,۵,BYekan.ttf
5\5_000204.png,5,۵,IRANSans(FaNum).ttf
5\5_000205.png,5,۵,IRANSans(FaNum)_Black.ttf
5\5_000206.png,5,۵,IRANSans(FaNum)_Bold.ttf
5\5_000207.png,5,۵,IRANSans(FaNum)_Light.ttf
5\5_000208.png,5,۵,IRANSans(FaNum)_Medium.ttf
5\5_000209.png,5,۵,IRANSans(FaNum)_UltraLight.ttf
5\5_000210.png,5,۵,IRANSans.ttf
5\5_000211.png,5,۵,IRANSans_Black.ttf
5\5_000212.png,5,۵,IRANSans_Bold.ttf
5\5_000213.png,5,۵,IRANSans_Light.ttf
5\5_000214.png,5,۵,IRANSans_Medium.ttf
5\5_000215.png,5,۵,IRANSans_UltraLight.ttf
5\5_000216.png,5,۵,IRANSansMobile(FaNum).ttf
5\5_000217.png,5,۵,IRANSansMobile(FaNum)_Black.ttf
5\5_000218.png,5,۵,IRANSansMobile(FaNum)_Bold.ttf
5\5_000219.png,5,۵,IRANSansMobile(FaNum)_Light.ttf
5\5_000220.png,5,۵,arial.ttf
5\5_000221.png,5,۵,arialbd.ttf
5\5_000222.png,5,۵,BNazanin.ttf
5\5_000223.png,5,۵,BYekan.ttf
5\5_000224.png,5,۵,IRANSans(FaNum).ttf
5\5_000225.png,5,۵,IRANSans(FaNum)_Black.ttf
5\5_000226.png,5,۵,IRANSans(FaNum)_Bold.ttf
5\5_000227.png,5,۵,IRANSans(FaNum)_Light.ttf
5\5_000228.png,5,۵,IRANSans(FaNum)_Medium.ttf
5\5_000229.png,5,۵,IRANSans(FaNum)_UltraLight.ttf
5\5_000230.png,5,۵,IRANSans.ttf
5\5_000231.png,5,۵,IRANSans_Black.ttf
5\5_000232.png,5,۵,IRANSans_Bold.ttf
5\5_000233.png,5,۵,IRANSans_Light.ttf
5\5_000234.png,5,۵,IRANSans_Medium.ttf
5\5_000235.png,5,۵,IRANSans_UltraLight.ttf
5\5_000236.png,5,۵,IRANSansMobile(FaNum).ttf
5\5_000237.png,5,۵,IRANSansMobile(FaNum)_Black.ttf
5\5_000238.png,5,۵,IRANSansMobile(FaNum)_Bold.ttf
5\5_000239.png,5,۵,IRANSansMobile(FaNum)_Light.ttf
5\5_000240.png,5,۵,arial.ttf
5\5_000241.png,5,۵,arialbd.ttf
5\5_000242.png,5,۵,BNazanin.ttf
5\5_000243.png,5,۵,BYekan.ttf
5\5_000244.png,5,۵,IRANSans(FaNum).ttf
5\5_000245.png,5,۵,IRANSans(FaNum)_Black.ttf
5\5_000246.png,5,۵,IRANSans(FaNum)_Bold.ttf
5\5_000247.png,5,۵,IRANSans(FaNum)_Light.ttf
5\5_000248.png,5,۵,IRANSans(FaNum)_Medium.ttf
5\5_000249.png,5,۵,IRANSans(FaNum)_UltraLight.ttf
5\5_000250.png,5,۵,IRANSans.ttf
5\5_000251.png,5,۵,IRANSans_Black.ttf
5\5_000252.png,5,۵,IRANSans_Bold.ttf
5\5_000253.png,5,۵,IRANSans_Light.ttf
5\5_000254.png,5,۵,IRANSans_Medium.ttf
5\5_000255.png,5,۵,IRANSans_UltraLight.ttf
5\5_000256.png,5,۵,IRANSansMobile(FaNum).ttf
5\5_000257.png,5,۵,IRANSansMobile(FaNum)_Black.ttf
5\5_000258.png,5,۵,IRANSansMobile(FaNum)_Bold.ttf
5\5_000259.png,5,۵,IRANSansMobile(FaNum)_Light.ttf
5\5_000260.png,5,۵,arial.ttf
5\5_000261.png,5,۵,arialbd.ttf
5\5_000262.png,5,۵,BNazanin.ttf
5\5_000263.png,5,۵,BYekan.ttf
5\5_000264.png,5,۵,IRANSans(FaNum).ttf
5\5_000265.png,5,۵,IRANSans(FaNum)_Black.ttf
5\5_000266.png,5,۵,IRANSans(FaNum)_Bold.ttf
5\5_000267.png,5,۵,IRANSans(FaNum)_Light.ttf
5\5_000268.png,5,۵,IRANSans(FaNum)_Medium.ttf
5\5_000269.png,5,۵,IRANSans(FaNum)_UltraLight.ttf
5\5_000270.png,5,۵,IRANSans.ttf
5\5_000271.png,5,۵,IRANSans_Black.ttf
5\5_000272.png,5,۵,IRANSans_Bold.ttf
5\5_000273.png,5,۵,IRANSans_Light.ttf
5\5_000274.png,5,۵,IRANSans_Medium.ttf
5\5_000275.png,5,۵,IRANSans_UltraLight.ttf
5\5_000276.png,5,۵,IRANSansMobile(FaNum).ttf
5\5_000277.png,5,۵,IRANSansMobile(FaNum)_Black.ttf
5\5_000278.png,5,۵,IRANSansMobile(FaNum)_Bold.ttf
5\5_000279.png,5,۵,IRANSansMobile(FaNum)_Light.ttf
5\5_000280.png,5,۵,arial.ttf
5\5_000281.png,5,۵,arialbd.ttf
5\5_000282.png,5,۵,BNazanin.ttf
5\5_000283.png,5,۵,BYekan.ttf
5\5_000284.png,5,۵,IRANSans(FaNum).ttf
5\5_000285.png,5,۵,IRANSans(FaNum)_Black.ttf
5\5_000286.png,5,۵,IRANSans(FaNum)_Bold.ttf
5\5_000287.png,5,۵,IRANSans(FaNum)_Light.ttf
5\5_000288.png,5,۵,IRANSans(FaNum)_Medium.ttf
5\5_000289.png,5,۵,IRANSans(FaNum)_UltraLight.ttf
5\5_000290.png,5,۵,IRANSans.ttf
5\5_000291.png,5,۵,IRANSans_Black.ttf
5\5_000292.png,5,۵,IRANSans_Bold.ttf
5\5_000293.png,5,۵,IRANSans_Light.ttf
5\5_000294.png,5,۵,IRANSans_Medium.ttf
5\5_000295.png,5,۵,IRANSans_UltraLight.ttf
5\5_000296.png,5,۵,IRANSansMobile(FaNum).ttf
5\5_000297.png,5,۵,IRANSansMobile(FaNum)_Black.ttf
5\5_000298.png,5,۵,IRANSansMobile(FaNum)_Bold.ttf
5\5_000299.png,5,۵,IRANSansMobile(FaNum)_Light.ttf
5\5_000300.png,5,۵,arial.ttf
5\5_000301.png,5,۵,arialbd.ttf
5\5_000302.png,5,۵,BNazanin.ttf
5\5_000303.png,5,۵,BYekan.ttf
5\5_000304.png,5,۵,IRANSans(FaNum).ttf
5\5_000305.png,5,۵,IRANSans(FaNum)_Black.ttf
5\5_000306.png,5,۵,IRANSans(FaNum)_Bold.ttf
5\5_000307.png,5,۵,IRANSans(FaNum)_Light.ttf
5\5_000308.png,5,۵,IRANSans(FaNum)_Medium.ttf
5\5_000309.png,5,۵,IRANSans(FaNum)_UltraLight.ttf
5\5_000310.png,5,۵,IRANSans.ttf
5\5_000311.png,5,۵,IRANSans_Black.ttf
5\5_000312.png,5,۵,IRANSans_Bold.ttf
5\5_000313.png,5,۵,IRANSans_Light.ttf
5\5_000314.png,5,۵,IRANSans_Medium.ttf
5\5_000315.png,5,۵,IRANSans_UltraLight.ttf
5\5_000316.png,5,۵,IRANSansMobile(FaNum).ttf
5\5_000317.png,5,۵,IRANSansMobile(FaNum)_Black.ttf
5\5_000318.png,5,۵,IRANSansMobile(FaNum)_Bold.ttf
5\5_000319.png,5,۵,IRANSansMobile(FaNum)_Light.ttf
5\5_000320.png,5,۵,arial.ttf
5\5_000321.png,5,۵,arialbd.ttf
5\5_000322.png,5,۵,BNazanin.ttf
5\5_000323.png,5,۵,BYekan.ttf
5\5_000324.png,5,۵,IRANSans(FaNum).ttf
5\5_000325.png,5,۵,IRANSans(FaNum)_Black.ttf
5\5_000326.png,5,۵,IRANSans(FaNum)_Bold.ttf
5\5_000327.png,5,۵,IRANSans(FaNum)_Light.ttf
5\5_000328.png,5,۵,IRANSans(FaNum)_Medium.ttf
5\5_000329.png,5,۵,IRANSans(FaNum)_UltraLight.ttf
5\5_000330.png,5,۵,IRANSans.ttf
5\5_000331.png,5,۵,IRANSans_Black.ttf
5\5_000332.png,5,۵,IRANSans_Bold.ttf
5\5_000333.png,5,۵,IRANSans_Light.ttf
5\5_000334.png,5,۵,IRANSans_Medium.ttf
5\5_000335.png,5,۵,IRANSans_UltraLight.ttf
5\5_000336.png,5,۵,IRANSansMobile(FaNum).ttf
5\5_000337.png,5,۵,IRANSansMobile(FaNum)_Black.ttf
5\5_000338.png,5,۵,IRANSansMobile(FaNum)_Bold.ttf
5\5_000339.png,5,۵,IRANSansMobile(FaNum)_Light.ttf
5\5_000340.png,5,۵,arial.ttf
5\5_000341.png,5,۵,arialbd.ttf
5\5_000342.png,5,۵,BNazanin.ttf
5\5_000343.png,5,۵,BYekan.ttf
5\5_000344.png,5,۵,IRANSans(FaNum).ttf
5\5_000345.png,5,۵,IRANSans(FaNum)_Black.ttf
5\5_000346.png,5,۵,IRANSans(FaNum)_Bold.ttf
5\5_000347.png,5,۵,IRANSans(FaNum)_Light.ttf
5\5_000348.png,5,۵,IRANSans(FaNum)_Medium.ttf
5\5_000349.png,5,۵,IRANSans(FaNum)_UltraLight.ttf
5\5_000350.png,5,۵,IRANSans.ttf
5\5_000351.png,5,۵,IRANSans_Black.ttf
5\5_000352.png,5,۵,IRANSans_Bold.ttf
5\5_000353.png,5,۵,IRANSans_Light.ttf
5\5_000354.png,5,۵,IRANSans_Medium.ttf
5\5_000355.png,5,۵,IRANSans_UltraLight.ttf
5\5_000356.png,5,۵,IRANSansMobile(FaNum).ttf
5\5_000357.png,5,۵,IRANSansMobile(FaNum)_Black.ttf
5\5_000358.png,5,۵,IRANSansMobile(FaNum)_Bold.ttf
5\5_000359.png,5,۵,IRANSansMobile(FaNum)_Light.ttf
5\5_000360.png,5,۵,arial.ttf
5\5_000361.png,5,۵,arialbd.ttf
5\5_000362.png,5,۵,BNazanin.ttf
5\5_000363.png,5,۵,BYekan.ttf
5\5_000364.png,5,۵,IRANSans(FaNum).ttf
5\5_000365.png,5,۵,IRANSans(FaNum)_Black.ttf
5\5_000366.png,5,۵,IRANSans(FaNum)_Bold.ttf
5\5_000367.png,5,۵,IRANSans(FaNum)_Light.ttf
5\5_000368.png,5,۵,IRANSans(FaNum)_Medium.ttf
5\5_000369.png,5,۵,IRANSans(FaNum)_UltraLight.ttf
5\5_000370.png,5,۵,IRANSans.ttf
5\5_000371.png,5,۵,IRANSans_Black.ttf
5\5_000372.png,5,۵,IRANSans_Bold.ttf
5\5_000373.png,5,۵,IRANSans_Light.ttf
5\5_000374.png,5,۵,IRANSans_Medium.ttf
5\5_000375.png,5,۵,IRANSans_UltraLight.ttf
5\5_000376.png,5,۵,IRANSansMobile(FaNum).ttf
5\5_000377.png,5,۵,IRANSansMobile(FaNum)_Black.ttf
5\5_000378.png,5,۵,IRANSansMobile(FaNum)_Bold.ttf
5\5_000379.png,5,۵,IRANSansMobile(FaNum)_Light.ttf
5\5_000380.png,5,۵,arial.ttf
5\5_000381.png,5,۵,arialbd.ttf
5\5_000382.png,5,۵,BNazanin.ttf
5\5_000383.png,5,۵,BYekan.ttf
5\5_000384.png,5,۵,IRANSans(FaNum).ttf
5\5_000385.png,5,۵,IRANSans(FaNum)_Black.ttf
5\5_000386.png,5,۵,IRANSans(FaNum)_Bold.ttf
5\5_000387.png,5,۵,IRANSans(FaNum)_Light.ttf
5\5_000388.png,5,۵,IRANSans(FaNum)_Medium.ttf
5\5_000389.png,5,۵,IRANSans(FaNum)_UltraLight.ttf
5\5_000390.png,5,۵,IRANSans.ttf
5\5_000391.png,5,۵,IRANSans_Black.ttf
5\5_000392.png,5,۵,IRANSans_Bold.ttf
5\5_000393.png,5,۵,IRANSans_Light.ttf
5\5_000394.png,5,۵,IRANSans_Medium.ttf
5\5_000395.png,5,۵,IRANSans_UltraLight.ttf
5\5_000396.png,5,۵,IRANSansMobile(FaNum).ttf
5\5_000397.png,5,۵,IRANSansMobile(FaNum)_Black.ttf
5\5_000398.png,5,۵,IRANSansMobile(FaNum)_Bold.ttf
5\5_000399.png,5,۵,IRANSansMobile(FaNum)_Light.ttf
5\5_000400.png,5,۵,arial.ttf
5\5_000401.png,5,۵,arialbd.ttf
5\5_000402.png,5,۵,BNazanin.ttf
5\5_000403.png,5,۵,BYekan.ttf
5\5_000404.png,5,۵,IRANSans(FaNum).ttf
5\5_000405.png,5,۵,IRANSans(FaNum)_Black.ttf
5\5_000406.png,5,۵,IRANSans(FaNum)_Bold.ttf
5\5_000407.png,5,۵,IRANSans(FaNum)_Light.ttf
5\5_000408.png,5,۵,IRANSans(FaNum)_Medium.ttf
5\5_000409.png,5,۵,IRANSans(FaNum)_UltraLight.ttf
5\5_000410.png,5,۵,IRANSans.ttf
5\5_000411.png,5,۵,IRANSans_Black.ttf
5\5_000412.png,5,۵,IRANSans_Bold.ttf
5\5_000413.png,5,۵,IRANSans_Light.ttf
5\5_000414.png,5,۵,IRANSans_Medium.ttf
5\5_000415.png,5,۵,IRANSans_UltraLight.ttf
5\5_000416.png,5,۵,IRANSansMobile(FaNum).ttf
5\5_000417.png,5,۵,IRANSansMobile(FaNum)_Black.ttf
5\5_000418.png,5,۵,IRANSansMobile(FaNum)_Bold.ttf
5\5_000419.png,5,۵,IRANSansMobile(FaNum)_Light.ttf
5\5_000420.png,5,۵,arial.ttf
5\5_000421.png,5,۵,arialbd.ttf
5\5_000422.png,5,۵,BNazanin.ttf
5\5_000423.png,5,۵,BYekan.ttf
5\5_000424.png,5,۵,IRANSans(FaNum).ttf
5\5_000425.png,5,۵,IRANSans(FaNum)_Black.ttf
5\5_000426.png,5,۵,IRANSans(FaNum)_Bold.ttf
5\5_000427.png,5,۵,IRANSans(FaNum)_Light.ttf
5\5_000428.png,5,۵,IRANSans(FaNum)_Medium.ttf
5\5_000429.png,5,۵,IRANSans(FaNum)_UltraLight.ttf
5\5_000430.png,5,۵,IRANSans.ttf
5\5_000431.png,5,۵,IRANSans_Black.ttf
5\5_000432.png,5,۵,IRANSans_Bold.ttf
5\5_000433.png,5,۵,IRANSans_Light.ttf
5\5_000434.png,5,۵,IRANSans_Medium.ttf
5\5_000435.png,5,۵,IRANSans_UltraLight.ttf
5\5_000436.png,5,۵,IRANSansMobile(FaNum).ttf
5\5_000437.png,5,۵,IRANSansMobile(FaNum)_Black.ttf
5\5_000438.png,5,۵,IRANSansMobile(FaNum)_Bold.ttf
5\5_000439.png,5,۵,IRANSansMobile(FaNum)_Light.ttf
5\5_000440.png,5,۵,arial.ttf
5\5_000441.png,5,۵,arialbd.ttf
5\5_000442.png,5,۵,BNazanin.ttf
5\5_000443.png,5,۵,BYekan.ttf
5\5_000444.png,5,۵,IRANSans(FaNum).ttf
5\5_000445.png,5,۵,IRANSans(FaNum)_Black.ttf
5\5_000446.png,5,۵,IRANSans(FaNum)_Bold.ttf
5\5_000447.png,5,۵,IRANSans(FaNum)_Light.ttf
5\5_000448.png,5,۵,IRANSans(FaNum)_Medium.ttf
5\5_000449.png,5,۵,IRANSans(FaNum)_UltraLight.ttf
5\5_000450.png,5,۵,IRANSans.ttf
5\5_000451.png,5,۵,IRANSans_Black.ttf
5\5_000452.png,5,۵,IRANSans_Bold.ttf
5\5_000453.png,5,۵,IRANSans_Light.ttf
5\5_000454.png,5,۵,IRANSans_Medium.ttf
5\5_000455.png,5,۵,IRANSans_UltraLight.ttf
5\5_000456.png,5,۵,IRANSansMobile(FaNum).ttf
5\5_000457.png,5,۵,IRANSansMobile(FaNum)_Black.ttf
5\5_000458.png,5,۵,IRANSansMobile(FaNum)_Bold.ttf
5\5_000459.png,5,۵,IRANSansMobile(FaNum)_Light.ttf
5\5_000460.png,5,۵,arial.ttf
5\5_000461.png,5,۵,arialbd.ttf
5\5_000462.png,5,۵,BNazanin.ttf
5\5_000463.png,5,۵,BYekan.ttf
5\5_000464.png,5,۵,IRANSans(FaNum).ttf
5\5_000465.png,5,۵,IRANSans(FaNum)_Black.ttf
5\5_000466.png,5,۵,IRANSans(FaNum)_Bold.ttf
5\5_000467.png,5,۵,IRANSans(FaNum)_Light.ttf
5\5_000468.png,5,۵,IRANSans(FaNum)_Medium.ttf
5\5_000469.png,5,۵,IRANSans(FaNum)_UltraLight.ttf
5\5_000470.png,5,۵,IRANSans.ttf
5\5_000471.png,5,۵,IRANSans_Black.ttf
5\5_000472.png,5,۵,IRANSans_Bold.ttf
5\5_000473.png,5,۵,IRANSans_Light.ttf
5\5_000474.png,5,۵,IRANSans_Medium.ttf
5\5_000475.png,5,۵,IRANSans_UltraLight.ttf
5\5_000476.png,5,۵,IRANSansMobile(FaNum).ttf
5\5_000477.png,5,۵,IRANSansMobile(FaNum)_Black.ttf
5\5_000478.png,5,۵,IRANSansMobile(FaNum)_Bold.ttf
5\5_000479.png,5,۵,IRANSansMobile(FaNum)_Light.ttf
5\5_000480.png,5,۵,arial.ttf
5\5_000481.png,5,۵,arialbd.ttf
5\5_000482.png,5,۵,BNazanin.ttf
5\5_000483.png,5,۵,BYekan.ttf
5\5_000484.png,5,۵,IRANSans(FaNum).ttf
5\5_000485.png,5,۵,IRANSans(FaNum)_Black.ttf
5\5_000486.png,5,۵,IRANSans(FaNum)_Bold.ttf
5\5_000487.png,5,۵,IRANSans(FaNum)_Light.ttf
5\5_000488.png,5,۵,IRANSans(FaNum)_Medium.ttf
5\5_000489.png,5,۵,IRANSans(FaNum)_UltraLight.ttf
5\5_000490.png,5,۵,IRANSans.ttf
5\5_000491.png,5,۵,IRANSans_Black.ttf
5\5_000492.png,5,۵,IRANSans_Bold.ttf
5\5_000493.png,5,۵,IRANSans_Light.ttf
5\5_000494.png,5,۵,IRANSans_Medium.ttf
5\5_000495.png,5,۵,IRANSans_UltraLight.ttf
5\5_000496.png,5,۵,IRANSansMobile(FaNum).ttf
5\5_000497.png,5,۵,IRANSansMobile(FaNum)_Black.ttf
5\5_000498.png,5,۵,IRANSansMobile(FaNum)_Bold.ttf
5\5_000499.png,5,۵,IRANSansMobile(FaNum)_Light.ttf
5\5_000500.png,5,۵,arial.ttf
5\5_000501.png,5,۵,arialbd.ttf
5\5_000502.png,5,۵,BNazanin.ttf
5\5_000503.png,5,۵,BYekan.ttf
5\5_000504.png,5,۵,IRANSans(FaNum).ttf
5\5_000505.png,5,۵,IRANSans(FaNum)_Black.ttf
5\5_000506.png,5,۵,IRANSans(FaNum)_Bold.ttf
5\5_000507.png,5,۵,IRANSans(FaNum)_Light.ttf
5\5_000508.png,5,۵,IRANSans(FaNum)_Medium.ttf
5\5_000509.png,5,۵,IRANSans(FaNum)_UltraLight.ttf
5\5_000510.png,5,۵,IRANSans.ttf
5\5_000511.png,5,۵,IRANSans_Black.ttf
5\5_000512.png,5,۵,IRANSans_Bold.ttf
5\5_000513.png,5,۵,IRANSans_Light.ttf
5\5_000514.png,5,۵,IRANSans_Medium.ttf
5\5_000515.png,5,۵,IRANSans_UltraLight.ttf
5\5_000516.png,5,۵,IRANSansMobile(FaNum).ttf
5\5_000517.png,5,۵,IRANSansMobile(FaNum)_Black.ttf
5\5_000518.png,5,۵,IRANSansMobile(FaNum)_Bold.ttf
5\5_000519.png,5,۵,IRANSansMobile(FaNum)_Light.ttf
5\5_000520.png,5,۵,arial.ttf
5\5_000521.png,5,۵,arialbd.ttf
5\5_000522.png,5,۵,BNazanin.ttf
5\5_000523.png,5,۵,BYekan.ttf
5\5_000524.png,5,۵,IRANSans(FaNum).ttf
5\5_000525.png,5,۵,IRANSans(FaNum)_Black.ttf
5\5_000526.png,5,۵,IRANSans(FaNum)_Bold.ttf
5\5_000527.png,5,۵,IRANSans(FaNum)_Light.ttf
5\5_000528.png,5,۵,IRANSans(FaNum)_Medium.ttf
5\5_000529.png,5,۵,IRANSans(FaNum)_UltraLight.ttf
5\5_000530.png,5,۵,IRANSans.ttf
5\5_000531.png,5,۵,IRANSans_Black.ttf
5\5_000532.png,5,۵,IRANSans_Bold.ttf
5\5_000533.png,5,۵,IRANSans_Light.ttf
5\5_000534.png,5,۵,IRANSans_Medium.ttf
5\5_000535.png,5,۵,IRANSans_UltraLight.ttf
5\5_000536.png,5,۵,IRANSansMobile(FaNum).ttf
5\5_000537.png,5,۵,IRANSansMobile(FaNum)_Black.ttf
5\5_000538.png,5,۵,IRANSansMobile(FaNum)_Bold.ttf
5\5_000539.png,5,۵,IRANSansMobile(FaNum)_Light.ttf
5\5_000540.png,5,۵,arial.ttf
5\5_000541.png,5,۵,arialbd.ttf
5\5_000542.png,5,۵,BNazanin.ttf
5\5_000543.png,5,۵,BYekan.ttf
5\5_000544.png,5,۵,IRANSans(FaNum).ttf
5\5_000545.png,5,۵,IRANSans(FaNum)_Black.ttf
5\5_000546.png,5,۵,IRANSans(FaNum)_Bold.ttf
5\5_000547.png,5,۵,IRANSans(FaNum)_Light.ttf
5\5_000548.png,5,۵,IRANSans(FaNum)_Medium.ttf
5\5_000549.png,5,۵,IRANSans(FaNum)_UltraLight.ttf
5\5_000550.png,5,۵,IRANSans.ttf
5\5_000551.png,5,۵,IRANSans_Black.ttf
5\5_000552.png,5,۵,IRANSans_Bold.ttf
5\5_000553.png,5,۵,IRANSans_Light.ttf
5\5_000554.png,5,۵,IRANSans_Medium.ttf
5\5_000555.png,5,۵,IRANSans_UltraLight.ttf
5\5_000556.png,5,۵,IRANSansMobile(FaNum).ttf
5\5_000557.png,5,۵,IRANSansMobile(FaNum)_Black.ttf
5\5_000558.png,5,۵,IRANSansMobile(FaNum)_Bold.ttf
5\5_000559.png,5,۵,IRANSansMobile(FaNum)_Light.ttf
5\5_000560.png,5,۵,arial.ttf
5\5_000561.png,5,۵,arialbd.ttf
5\5_000562.png,5,۵,BNazanin.ttf
5\5_000563.png,5,۵,BYekan.ttf
5\5_000564.png,5,۵,IRANSans(FaNum).ttf
5\5_000565.png,5,۵,IRANSans(FaNum)_Black.ttf
5\5_000566.png,5,۵,IRANSans(FaNum)_Bold.ttf
5\5_000567.png,5,۵,IRANSans(FaNum)_Light.ttf
5\5_000568.png,5,۵,IRANSans(FaNum)_Medium.ttf
5\5_000569.png,5,۵,IRANSans(FaNum)_UltraLight.ttf
5\5_000570.png,5,۵,IRANSans.ttf
5\5_000571.png,5,۵,IRANSans_Black.ttf
5\5_000572.png,5,۵,IRANSans_Bold.ttf
5\5_000573.png,5,۵,IRANSans_Light.ttf
5\5_000574.png,5,۵,IRANSans_Medium.ttf
5\5_000575.png,5,۵,IRANSans_UltraLight.ttf
5\5_000576.png,5,۵,IRANSansMobile(FaNum).ttf
5\5_000577.png,5,۵,IRANSansMobile(FaNum)_Black.ttf
5\5_000578.png,5,۵,IRANSansMobile(FaNum)_Bold.ttf
5\5_000579.png,5,۵,IRANSansMobile(FaNum)_Light.ttf
5\5_000580.png,5,۵,arial.ttf
5\5_000581.png,5,۵,arialbd.ttf
5\5_000582.png,5,۵,BNazanin.ttf
5\5_000583.png,5,۵,BYekan.ttf
5\5_000584.png,5,۵,IRANSans(FaNum).ttf
5\5_000585.png,5,۵,IRANSans(FaNum)_Black.ttf
5\5_000586.png,5,۵,IRANSans(FaNum)_Bold.ttf
5\5_000587.png,5,۵,IRANSans(FaNum)_Light.ttf
5\5_000588.png,5,۵,IRANSans(FaNum)_Medium.ttf
5\5_000589.png,5,۵,IRANSans(FaNum)_UltraLight.ttf
5\5_000590.png,5,۵,IRANSans.ttf
5\5_000591.png,5,۵,IRANSans_Black.ttf
5\5_000592.png,5,۵,IRANSans_Bold.ttf
5\5_000593.png,5,۵,IRANSans_Light.ttf
5\5_000594.png,5,۵,IRANSans_Medium.ttf
5\5_000595.png,5,۵,IRANSans_UltraLight.ttf
5\5_000596.png,5,۵,IRANSansMobile(FaNum).ttf
5\5_000597.png,5,۵,IRANSansMobile(FaNum)_Black.ttf
5\5_000598.png,5,۵,IRANSansMobile(FaNum)_Bold.ttf
5\5_000599.png,5,۵,IRANSansMobile(FaNum)_Light.ttf
5\5_000600.png,5,۵,arial.ttf
5\5_000601.png,5,۵,arialbd.ttf
5\5_000602.png,5,۵,BNazanin.ttf
5\5_000603.png,5,۵,BYekan.ttf
5\5_000604.png,5,۵,IRANSans(FaNum).ttf
5\5_000605.png,5,۵,IRANSans(FaNum)_Black.ttf
5\5_000606.png,5,۵,IRANSans(FaNum)_Bold.ttf
5\5_000607.png,5,۵,IRANSans(FaNum)_Light.ttf
5\5_000608.png,5,۵,IRANSans(FaNum)_Medium.ttf
5\5_000609.png,5,۵,IRANSans(FaNum)_UltraLight.ttf
5\5_000610.png,5,۵,IRANSans.ttf
5\5_000611.png,5,۵,IRANSans_Black.ttf
5\5_000612.png,5,۵,IRANSans_Bold.ttf
5\5_000613.png,5,۵,IRANSans_Light.ttf
5\5_000614.png,5,۵,IRANSans_Medium.ttf
5\5_000615.png,5,۵,IRANSans_UltraLight.ttf
5\5_000616.png,5,۵,IRANSansMobile(FaNum).ttf
5\5_000617.png,5,۵,IRANSansMobile(FaNum)_Black.ttf
5\5_000618.png,5,۵,IRANSansMobile(FaNum)_Bold.ttf
5\5_000619.png,5,۵,IRANSansMobile(FaNum)_Light.ttf
5\5_000620.png,5,۵,arial.ttf
5\5_000621.png,5,۵,arialbd.ttf
5\5_000622.png,5,۵,BNazanin.ttf
5\5_000623.png,5,۵,BYekan.ttf
5\5_000624.png,5,۵,IRANSans(FaNum).ttf
5\5_000625.png,5,۵,IRANSans(FaNum)_Black.ttf
5\5_000626.png,5,۵,IRANSans(FaNum)_Bold.ttf
5\5_000627.png,5,۵,IRANSans(FaNum)_Light.ttf
5\5_000628.png,5,۵,IRANSans(FaNum)_Medium.ttf
5\5_000629.png,5,۵,IRANSans(FaNum)_UltraLight.ttf
5\5_000630.png,5,۵,IRANSans.ttf
5\5_000631.png,5,۵,IRANSans_Black.ttf
5\5_000632.png,5,۵,IRANSans_Bold.ttf
5\5_000633.png,5,۵,IRANSans_Light.ttf
5\5_000634.png,5,۵,IRANSans_Medium.ttf
5\5_000635.png,5,۵,IRANSans_UltraLight.ttf
5\5_000636.png,5,۵,IRANSansMobile(FaNum).ttf
5\5_000637.png,5,۵,IRANSansMobile(FaNum)_Black.ttf
5\5_000638.png,5,۵,IRANSansMobile(FaNum)_Bold.ttf
5\5_000639.png,5,۵,IRANSansMobile(FaNum)_Light.ttf
5\5_000640.png,5,۵,arial.ttf
5\5_000641.png,5,۵,arialbd.ttf
5\5_000642.png,5,۵,BNazanin.ttf
5\5_000643.png,5,۵,BYekan.ttf
5\5_000644.png,5,۵,IRANSans(FaNum).ttf
5\5_000645.png,5,۵,IRANSans(FaNum)_Black.ttf
5\5_000646.png,5,۵,IRANSans(FaNum)_Bold.ttf
5\5_000647.png,5,۵,IRANSans(FaNum)_Light.ttf
5\5_000648.png,5,۵,IRANSans(FaNum)_Medium.ttf
5\5_000649.png,5,۵,IRANSans(FaNum)_UltraLight.ttf
5\5_000650.png,5,۵,IRANSans.ttf
5\5_000651.png,5,۵,IRANSans_Black.ttf
5\5_000652.png,5,۵,IRANSans_Bold.ttf
5\5_000653.png,5,۵,IRANSans_Light.ttf
5\5_000654.png,5,۵,IRANSans_Medium.ttf
5\5_000655.png,5,۵,IRANSans_UltraLight.ttf
5\5_000656.png,5,۵,IRANSansMobile(FaNum).ttf
5\5_000657.png,5,۵,IRANSansMobile(FaNum)_Black.ttf
5\5_000658.png,5,۵,IRANSansMobile(FaNum)_Bold.ttf
5\5_000659.png,5,۵,IRANSansMobile(FaNum)_Light.ttf
5\5_000660.png,5,۵,arial.ttf
5\5_000661.png,5,۵,arialbd.ttf
5\5_000662.png,5,۵,BNazanin.ttf
5\5_000663.png,5,۵,BYekan.ttf
5\5_000664.png,5,۵,IRANSans(FaNum).ttf
5\5_000665.png,5,۵,IRANSans(FaNum)_Black.ttf
5\5_000666.png,5,۵,IRANSans(FaNum)_Bold.ttf
5\5_000667.png,5,۵,IRANSans(FaNum)_Light.ttf
5\5_000668.png,5,۵,IRANSans(FaNum)_Medium.ttf
5\5_000669.png,5,۵,IRANSans(FaNum)_UltraLight.ttf
5\5_000670.png,5,۵,IRANSans.ttf
5\5_000671.png,5,۵,IRANSans_Black.ttf
5\5_000672.png,5,۵,IRANSans_Bold.ttf
5\5_000673.png,5,۵,IRANSans_Light.ttf
5\5_000674.png,5,۵,IRANSans_Medium.ttf
5\5_000675.png,5,۵,IRANSans_UltraLight.ttf
5\5_000676.png,5,۵,IRANSansMobile(FaNum).ttf
5\5_000677.png,5,۵,IRANSansMobile(FaNum)_Black.ttf
5\5_000678.png,5,۵,IRANSansMobile(FaNum)_Bold.ttf
5\5_000679.png,5,۵,IRANSansMobile(FaNum)_Light.ttf
5\5_000680.png,5,۵,arial.ttf
5\5_000681.png,5,۵,arialbd.ttf
5\5_000682.png,5,۵,BNazanin.ttf
5\5_000683.png,5,۵,BYekan.ttf
5\5_000684.png,5,۵,IRANSans(FaNum).ttf
5\5_000685.png,5,۵,IRANSans(FaNum)_Black.ttf
5\5_000686.png,5,۵,IRANSans(FaNum)_Bold.ttf
5\5_000687.png,5,۵,IRANSans(FaNum)_Light.ttf
5\5_000688.png,5,۵,IRANSans(FaNum)_Medium.ttf
5\5_000689.png,5,۵,IRANSans(FaNum)_UltraLight.ttf
5\5_000690.png,5,۵,IRANSans.ttf
5\5_000691.png,5,۵,IRANSans_Black.ttf
5\5_000692.png,5,۵,IRANSans_Bold.ttf
5\5_000693.png,5,۵,IRANSans_Light.ttf
5\5_000694.png,5,۵,IRANSans_Medium.ttf
5\5_000695.png,5,۵,IRANSans_UltraLight.ttf
5\5_000696.png,5,۵,IRANSansMobile(FaNum).ttf
5\5_000697.png,5,۵,IRANSansMobile(FaNum)_Black.ttf
5\5_000698.png,5,۵,IRANSansMobile(FaNum)_Bold.ttf
5\5_000699.png,5,۵,IRANSansMobile(FaNum)_Light.ttf
5\5_000700.png,5,۵,arial.ttf
5\5_000701.png,5,۵,arialbd.ttf
5\5_000702.png,5,۵,BNazanin.ttf
5\5_000703.png,5,۵,BYekan.ttf
5\5_000704.png,5,۵,IRANSans(FaNum).ttf
5\5_000705.png,5,۵,IRANSans(FaNum)_Black.ttf
5\5_000706.png,5,۵,IRANSans(FaNum)_Bold.ttf
5\5_000707.png,5,۵,IRANSans(FaNum)_Light.ttf
5\5_000708.png,5,۵,IRANSans(FaNum)_Medium.ttf
5\5_000709.png,5,۵,IRANSans(FaNum)_UltraLight.ttf
5\5_000710.png,5,۵,IRANSans.ttf
5\5_000711.png,5,۵,IRANSans_Black.ttf
5\5_000712.png,5,۵,IRANSans_Bold.ttf
5\5_000713.png,5,۵,IRANSans_Light.ttf
5\5_000714.png,5,۵,IRANSans_Medium.ttf
5\5_000715.png,5,۵,IRANSans_UltraLight.ttf
5\5_000716.png,5,۵,IRANSansMobile(FaNum).ttf
5\5_000717.png,5,۵,IRANSansMobile(FaNum)_Black.ttf
5\5_000718.png,5,۵,IRANSansMobile(FaNum)_Bold.ttf
5\5_000719.png,5,۵,IRANSansMobile(FaNum)_Light.ttf
5\5_000720.png,5,۵,arial.ttf
5\5_000721.png,5,۵,arialbd.ttf
5\5_000722.png,5,۵,BNazanin.ttf
5\5_000723.png,5,۵,BYekan.ttf
5\5_000724.png,5,۵,IRANSans(FaNum).ttf
5\5_000725.png,5,۵,IRANSans(FaNum)_Black.ttf
5\5_000726.png,5,۵,IRANSans(FaNum)_Bold.ttf
5\5_000727.png,5,۵,IRANSans(FaNum)_Light.ttf
5\5_000728.png,5,۵,IRANSans(FaNum)_Medium.ttf
5\5_000729.png,5,۵,IRANSans(FaNum)_UltraLight.ttf
5\5_000730.png,5,۵,IRANSans.ttf
5\5_000731.png,5,۵,IRANSans_Black.ttf
5\5_000732.png,5,۵,IRANSans_Bold.ttf
5\5_000733.png,5,۵,IRANSans_Light.ttf
5\5_000734.png,5,۵,IRANSans_Medium.ttf
5\5_000735.png,5,۵,IRANSans_UltraLight.ttf
5\5_000736.png,5,۵,IRANSansMobile(FaNum).ttf
5\5_000737.png,5,۵,IRANSansMobile(FaNum)_Black.ttf
5\5_000738.png,5,۵,IRANSansMobile(FaNum)_Bold.ttf
5\5_000739.png,5,۵,IRANSansMobile(FaNum)_Light.ttf
5\5_000740.png,5,۵,arial.ttf
5\5_000741.png,5,۵,arialbd.ttf
5\5_000742.png,5,۵,BNazanin.ttf
5\5_000743.png,5,۵,BYekan.ttf
5\5_000744.png,5,۵,IRANSans(FaNum).ttf
5\5_000745.png,5,۵,IRANSans(FaNum)_Black.ttf
5\5_000746.png,5,۵,IRANSans(FaNum)_Bold.ttf
5\5_000747.png,5,۵,IRANSans(FaNum)_Light.ttf
5\5_000748.png,5,۵,IRANSans(FaNum)_Medium.ttf
5\5_000749.png,5,۵,IRANSans(FaNum)_UltraLight.ttf
5\5_000750.png,5,۵,IRANSans.ttf
5\5_000751.png,5,۵,IRANSans_Black.ttf
5\5_000752.png,5,۵,IRANSans_Bold.ttf
5\5_000753.png,5,۵,IRANSans_Light.ttf
5\5_000754.png,5,۵,IRANSans_Medium.ttf
5\5_000755.png,5,۵,IRANSans_UltraLight.ttf
5\5_000756.png,5,۵,IRANSansMobile(FaNum).ttf
5\5_000757.png,5,۵,IRANSansMobile(FaNum)_Black.ttf
5\5_000758.png,5,۵,IRANSansMobile(FaNum)_Bold.ttf
5\5_000759.png,5,۵,IRANSansMobile(FaNum)_Light.ttf
5\5_000760.png,5,۵,arial.ttf
5\5_000761.png,5,۵,arialbd.ttf
5\5_000762.png,5,۵,BNazanin.ttf
5\5_000763.png,5,۵,BYekan.ttf
5\5_000764.png,5,۵,IRANSans(FaNum).ttf
5\5_000765.png,5,۵,IRANSans(FaNum)_Black.ttf
5\5_000766.png,5,۵,IRANSans(FaNum)_Bold.ttf
5\5_000767.png,5,۵,IRANSans(FaNum)_Light.ttf
5\5_000768.png,5,۵,IRANSans(FaNum)_Medium.ttf
5\5_000769.png,5,۵,IRANSans(FaNum)_UltraLight.ttf
5\5_000770.png,5,۵,IRANSans.ttf
5\5_000771.png,5,۵,IRANSans_Black.ttf
5\5_000772.png,5,۵,IRANSans_Bold.ttf
5\5_000773.png,5,۵,IRANSans_Light.ttf
5\5_000774.png,5,۵,IRANSans_Medium.ttf
5\5_000775.png,5,۵,IRANSans_UltraLight.ttf
5\5_000776.png,5,۵,IRANSansMobile(FaNum).ttf
5\5_000777.png,5,۵,IRANSansMobile(FaNum)_Black.ttf
5\5_000778.png,5,۵,IRANSansMobile(FaNum)_Bold.ttf
5\5_000779.png,5,۵,IRANSansMobile(FaNum)_Light.ttf
5\5_000780.png,5,۵,arial.ttf
5\5_000781.png,5,۵,arialbd.ttf
5\5_000782.png,5,۵,BNazanin.ttf
5\5_000783.png,5,۵,BYekan.ttf
5\5_000784.png,5,۵,IRANSans(FaNum).ttf
5\5_000785.png,5,۵,IRANSans(FaNum)_Black.ttf
5\5_000786.png,5,۵,IRANSans(FaNum)_Bold.ttf
5\5_000787.png,5,۵,IRANSans(FaNum)_Light.ttf
5\5_000788.png,5,۵,IRANSans(FaNum)_Medium.ttf
5\5_000789.png,5,۵,IRANSans(FaNum)_UltraLight.ttf
5\5_000790.png,5,۵,IRANSans.ttf
5\5_000791.png,5,۵,IRANSans_Black.ttf
5\5_000792.png,5,۵,IRANSans_Bold.ttf
5\5_000793.png,5,۵,IRANSans_Light.ttf
5\5_000794.png,5,۵,IRANSans_Medium.ttf
5\5_000795.png,5,۵,IRANSans_UltraLight.ttf
5\5_000796.png,5,۵,IRANSansMobile(FaNum).ttf
5\5_000797.png,5,۵,IRANSansMobile(FaNum)_Black.ttf
5\5_000798.png,5,۵,IRANSansMobile(FaNum)_Bold.ttf
5\5_000799.png,5,۵,IRANSansMobile(FaNum)_Light.ttf
5\5_000800.png,5,۵,arial.ttf
5\5_000801.png,5,۵,arialbd.ttf
5\5_000802.png,5,۵,BNazanin.ttf
5\5_000803.png,5,۵,BYekan.ttf
5\5_000804.png,5,۵,IRANSans(FaNum).ttf
5\5_000805.png,5,۵,IRANSans(FaNum)_Black.ttf
5\5_000806.png,5,۵,IRANSans(FaNum)_Bold.ttf
5\5_000807.png,5,۵,IRANSans(FaNum)_Light.ttf
5\5_000808.png,5,۵,IRANSans(FaNum)_Medium.ttf
5\5_000809.png,5,۵,IRANSans(FaNum)_UltraLight.ttf
5\5_000810.png,5,۵,IRANSans.ttf
5\5_000811.png,5,۵,IRANSans_Black.ttf
5\5_000812.png,5,۵,IRANSans_Bold.ttf
5\5_000813.png,5,۵,IRANSans_Light.ttf
5\5_000814.png,5,۵,IRANSans_Medium.ttf
5\5_000815.png,5,۵,IRANSans_UltraLight.ttf
5\5_000816.png,5,۵,IRANSansMobile(FaNum).ttf
5\5_000817.png,5,۵,IRANSansMobile(FaNum)_Black.ttf
5\5_000818.png,5,۵,IRANSansMobile(FaNum)_Bold.ttf
5\5_000819.png,5,۵,IRANSansMobile(FaNum)_Light.ttf
5\5_000820.png,5,۵,arial.ttf
5\5_000821.png,5,۵,arialbd.ttf
5\5_000822.png,5,۵,BNazanin.ttf
5\5_000823.png,5,۵,BYekan.ttf
5\5_000824.png,5,۵,IRANSans(FaNum).ttf
5\5_000825.png,5,۵,IRANSans(FaNum)_Black.ttf
5\5_000826.png,5,۵,IRANSans(FaNum)_Bold.ttf
5\5_000827.png,5,۵,IRANSans(FaNum)_Light.ttf
5\5_000828.png,5,۵,IRANSans(FaNum)_Medium.ttf
5\5_000829.png,5,۵,IRANSans(FaNum)_UltraLight.ttf
5\5_000830.png,5,۵,IRANSans.ttf
5\5_000831.png,5,۵,IRANSans_Black.ttf
5\5_000832.png,5,۵,IRANSans_Bold.ttf
5\5_000833.png,5,۵,IRANSans_Light.ttf
5\5_000834.png,5,۵,IRANSans_Medium.ttf
5\5_000835.png,5,۵,IRANSans_UltraLight.ttf
5\5_000836.png,5,۵,IRANSansMobile(FaNum).ttf
5\5_000837.png,5,۵,IRANSansMobile(FaNum)_Black.ttf
5\5_000838.png,5,۵,IRANSansMobile(FaNum)_Bold.ttf
5\5_000839.png,5,۵,IRANSansMobile(FaNum)_Light.ttf
5\5_000840.png,5,۵,arial.ttf
5\5_000841.png,5,۵,arialbd.ttf
5\5_000842.png,5,۵,BNazanin.ttf
5\5_000843.png,5,۵,BYekan.ttf
5\5_000844.png,5,۵,IRANSans(FaNum).ttf
5\5_000845.png,5,۵,IRANSans(FaNum)_Black.ttf
5\5_000846.png,5,۵,IRANSans(FaNum)_Bold.ttf
5\5_000847.png,5,۵,IRANSans(FaNum)_Light.ttf
5\5_000848.png,5,۵,IRANSans(FaNum)_Medium.ttf
5\5_000849.png,5,۵,IRANSans(FaNum)_UltraLight.ttf
5\5_000850.png,5,۵,IRANSans.ttf
5\5_000851.png,5,۵,IRANSans_Black.ttf
5\5_000852.png,5,۵,IRANSans_Bold.ttf
5\5_000853.png,5,۵,IRANSans_Light.ttf
5\5_000854.png,5,۵,IRANSans_Medium.ttf
5\5_000855.png,5,۵,IRANSans_UltraLight.ttf
5\5_000856.png,5,۵,IRANSansMobile(FaNum).ttf
5\5_000857.png,5,۵,IRANSansMobile(FaNum)_Black.ttf
5\5_000858.png,5,۵,IRANSansMobile(FaNum)_Bold.ttf
5\5_000859.png,5,۵,IRANSansMobile(FaNum)_Light.ttf
5\5_000860.png,5,۵,arial.ttf
5\5_000861.png,5,۵,arialbd.ttf
5\5_000862.png,5,۵,BNazanin.ttf
5\5_000863.png,5,۵,BYekan.ttf
5\5_000864.png,5,۵,IRANSans(FaNum).ttf
5\5_000865.png,5,۵,IRANSans(FaNum)_Black.ttf
5\5_000866.png,5,۵,IRANSans(FaNum)_Bold.ttf
5\5_000867.png,5,۵,IRANSans(FaNum)_Light.ttf
5\5_000868.png,5,۵,IRANSans(FaNum)_Medium.ttf
5\5_000869.png,5,۵,IRANSans(FaNum)_UltraLight.ttf
5\5_000870.png,5,۵,IRANSans.ttf
5\5_000871.png,5,۵,IRANSans_Black.ttf
5\5_000872.png,5,۵,IRANSans_Bold.ttf
5\5_000873.png,5,۵,IRANSans_Light.ttf
5\5_000874.png,5,۵,IRANSans_Medium.ttf
5\5_000875.png,5,۵,IRANSans_UltraLight.ttf
5\5_000876.png,5,۵,IRANSansMobile(FaNum).ttf
5\5_000877.png,5,۵,IRANSansMobile(FaNum)_Black.ttf
5\5_000878.png,5,۵,IRANSansMobile(FaNum)_Bold.ttf
5\5_000879.png,5,۵,IRANSansMobile(FaNum)_Light.ttf
5\5_000880.png,5,۵,arial.ttf
5\5_000881.png,5,۵,arialbd.ttf
5\5_000882.png,5,۵,BNazanin.ttf
5\5_000883.png,5,۵,BYekan.ttf
5\5_000884.png,5,۵,IRANSans(FaNum).ttf
5\5_000885.png,5,۵,IRANSans(FaNum)_Black.ttf
5\5_000886.png,5,۵,IRANSans(FaNum)_Bold.ttf
5\5_000887.png,5,۵,IRANSans(FaNum)_Light.ttf
5\5_000888.png,5,۵,IRANSans(FaNum)_Medium.ttf
5\5_000889.png,5,۵,IRANSans(FaNum)_UltraLight.ttf
5\5_000890.png,5,۵,IRANSans.ttf
5\5_000891.png,5,۵,IRANSans_Black.ttf
5\5_000892.png,5,۵,IRANSans_Bold.ttf
5\5_000893.png,5,۵,IRANSans_Light.ttf
5\5_000894.png,5,۵,IRANSans_Medium.ttf
5\5_000895.png,5,۵,IRANSans_UltraLight.ttf
5\5_000896.png,5,۵,IRANSansMobile(FaNum).ttf
5\5_000897.png,5,۵,IRANSansMobile(FaNum)_Black.ttf
5\5_000898.png,5,۵,IRANSansMobile(FaNum)_Bold.ttf
5\5_000899.png,5,۵,IRANSansMobile(FaNum)_Light.ttf
5\5_000900.png,5,۵,arial.ttf
5\5_000901.png,5,۵,arialbd.ttf
5\5_000902.png,5,۵,BNazanin.ttf
5\5_000903.png,5,۵,BYekan.ttf
5\5_000904.png,5,۵,IRANSans(FaNum).ttf
5\5_000905.png,5,۵,IRANSans(FaNum)_Black.ttf
5\5_000906.png,5,۵,IRANSans(FaNum)_Bold.ttf
5\5_000907.png,5,۵,IRANSans(FaNum)_Light.ttf
5\5_000908.png,5,۵,IRANSans(FaNum)_Medium.ttf
5\5_000909.png,5,۵,IRANSans(FaNum)_UltraLight.ttf
5\5_000910.png,5,۵,IRANSans.ttf
5\5_000911.png,5,۵,IRANSans_Black.ttf
5\5_000912.png,5,۵,IRANSans_Bold.ttf
5\5_000913.png,5,۵,IRANSans_Light.ttf
5\5_000914.png,5,۵,IRANSans_Medium.ttf
5\5_000915.png,5,۵,IRANSans_UltraLight.ttf
5\5_000916.png,5,۵,IRANSansMobile(FaNum).ttf
5\5_000917.png,5,۵,IRANSansMobile(FaNum)_Black.ttf
5\5_000918.png,5,۵,IRANSansMobile(FaNum)_Bold.ttf
5\5_000919.png,5,۵,IRANSansMobile(FaNum)_Light.ttf
5\5_000920.png,5,۵,arial.ttf
5\5_000921.png,5,۵,arialbd.ttf
5\5_000922.png,5,۵,BNazanin.ttf
5\5_000923.png,5,۵,BYekan.ttf
5\5_000924.png,5,۵,IRANSans(FaNum).ttf
5\5_000925.png,5,۵,IRANSans(FaNum)_Black.ttf
5\5_000926.png,5,۵,IRANSans(FaNum)_Bold.ttf
5\5_000927.png,5,۵,IRANSans(FaNum)_Light.ttf
5\5_000928.png,5,۵,IRANSans(FaNum)_Medium.ttf
5\5_000929.png,5,۵,IRANSans(FaNum)_UltraLight.ttf
5\5_000930.png,5,۵,IRANSans.ttf
5\5_000931.png,5,۵,IRANSans_Black.ttf
5\5_000932.png,5,۵,IRANSans_Bold.ttf
5\5_000933.png,5,۵,IRANSans_Light.ttf
5\5_000934.png,5,۵,IRANSans_Medium.ttf
5\5_000935.png,5,۵,IRANSans_UltraLight.ttf
5\5_000936.png,5,۵,IRANSansMobile(FaNum).ttf
5\5_000937.png,5,۵,IRANSansMobile(FaNum)_Black.ttf
5\5_000938.png,5,۵,IRANSansMobile(FaNum)_Bold.ttf
5\5_000939.png,5,۵,IRANSansMobile(FaNum)_Light.ttf
5\5_000940.png,5,۵,arial.ttf
5\5_000941.png,5,۵,arialbd.ttf
5\5_000942.png,5,۵,BNazanin.ttf
5\5_000943.png,5,۵,BYekan.ttf
5\5_000944.png,5,۵,IRANSans(FaNum).ttf
5\5_000945.png,5,۵,IRANSans(FaNum)_Black.ttf
5\5_000946.png,5,۵,IRANSans(FaNum)_Bold.ttf
5\5_000947.png,5,۵,IRANSans(FaNum)_Light.ttf
5\5_000948.png,5,۵,IRANSans(FaNum)_Medium.ttf
5\5_000949.png,5,۵,IRANSans(FaNum)_UltraLight.ttf
5\5_000950.png,5,۵,IRANSans.ttf
5\5_000951.png,5,۵,IRANSans_Black.ttf
5\5_000952.png,5,۵,IRANSans_Bold.ttf
5\5_000953.png,5,۵,IRANSans_Light.ttf
5\5_000954.png,5,۵,IRANSans_Medium.ttf
5\5_000955.png,5,۵,IRANSans_UltraLight.ttf
5\5_000956.png,5,۵,IRANSansMobile(FaNum).ttf
5\5_000957.png,5,۵,IRANSansMobile(FaNum)_Black.ttf
5\5_000958.png,5,۵,IRANSansMobile(FaNum)_Bold.ttf
5\5_000959.png,5,۵,IRANSansMobile(FaNum)_Light.ttf
5\5_000960.png,5,۵,arial.ttf
5\5_000961.png,5,۵,arialbd.ttf
5\5_000962.png,5,۵,BNazanin.ttf
5\5_000963.png,5,۵,BYekan.ttf
5\5_000964.png,5,۵,IRANSans(FaNum).ttf
5\5_000965.png,5,۵,IRANSans(FaNum)_Black.ttf
5\5_000966.png,5,۵,IRANSans(FaNum)_Bold.ttf
5\5_000967.png,5,۵,IRANSans(FaNum)_Light.ttf
5\5_000968.png,5,۵,IRANSans(FaNum)_Medium.ttf
5\5_000969.png,5,۵,IRANSans(FaNum)_UltraLight.ttf
5\5_000970.png,5,۵,IRANSans.ttf
5\5_000971.png,5,۵,IRANSans_Black.ttf
5\5_000972.png,5,۵,IRANSans_Bold.ttf
5\5_000973.png,5,۵,IRANSans_Light.ttf
5\5_000974.png,5,۵,IRANSans_Medium.ttf
5\5_000975.png,5,۵,IRANSans_UltraLight.ttf
5\5_000976.png,5,۵,IRANSansMobile(FaNum).ttf
5\5_000977.png,5,۵,IRANSansMobile(FaNum)_Black.ttf
5\5_000978.png,5,۵,IRANSansMobile(FaNum)_Bold.ttf
5\5_000979.png,5,۵,IRANSansMobile(FaNum)_Light.ttf
5\5_000980.png,5,۵,arial.ttf
5\5_000981.png,5,۵,arialbd.ttf
5\5_000982.png,5,۵,BNazanin.ttf
5\5_000983.png,5,۵,BYekan.ttf
5\5_000984.png,5,۵,IRANSans(FaNum).ttf
5\5_000985.png,5,۵,IRANSans(FaNum)_Black.ttf
5\5_000986.png,5,۵,IRANSans(FaNum)_Bold.ttf
5\5_000987.png,5,۵,IRANSans(FaNum)_Light.ttf
5\5_000988.png,5,۵,IRANSans(FaNum)_Medium.ttf
5\5_000989.png,5,۵,IRANSans(FaNum)_UltraLight.ttf
5\5_000990.png,5,۵,IRANSans.ttf
5\5_000991.png,5,۵,IRANSans_Black.ttf
5\5_000992.png,5,۵,IRANSans_Bold.ttf
5\5_000993.png,5,۵,IRANSans_Light.ttf
5\5_000994.png,5,۵,IRANSans_Medium.ttf
5\5_000995.png,5,۵,IRANSans_UltraLight.ttf
5\5_000996.png,5,۵,IRANSansMobile(FaNum).ttf
5\5_000997.png,5,۵,IRANSansMobile(FaNum)_Black.ttf
5\5_000998.png,5,۵,IRANSansMobile(FaNum)_Bold.ttf
5\5_000999.png,5,۵,IRANSansMobile(FaNum)_Light.ttf
6\6_000000.png,6,۶,arial.ttf
6\6_000001.png,6,۶,arialbd.ttf
6\6_000002.png,6,۶,BNazanin.ttf
6\6_000003.png,6,۶,BYekan.ttf
6\6_000004.png,6,۶,IRANSans(FaNum).ttf
6\6_000005.png,6,۶,IRANSans(FaNum)_Black.ttf
6\6_000006.png,6,۶,IRANSans(FaNum)_Bold.ttf
6\6_000007.png,6,۶,IRANSans(FaNum)_Light.ttf
6\6_000008.png,6,۶,IRANSans(FaNum)_Medium.ttf
6\6_000009.png,6,۶,IRANSans(FaNum)_UltraLight.ttf
6\6_000010.png,6,۶,IRANSans.ttf
6\6_000011.png,6,۶,IRANSans_Black.ttf
6\6_000012.png,6,۶,IRANSans_Bold.ttf
6\6_000013.png,6,۶,IRANSans_Light.ttf
6\6_000014.png,6,۶,IRANSans_Medium.ttf
6\6_000015.png,6,۶,IRANSans_UltraLight.ttf
6\6_000016.png,6,۶,IRANSansMobile(FaNum).ttf
6\6_000017.png,6,۶,IRANSansMobile(FaNum)_Black.ttf
6\6_000018.png,6,۶,IRANSansMobile(FaNum)_Bold.ttf
6\6_000019.png,6,۶,IRANSansMobile(FaNum)_Light.ttf
6\6_000020.png,6,۶,arial.ttf
6\6_000021.png,6,۶,arialbd.ttf
6\6_000022.png,6,۶,BNazanin.ttf
6\6_000023.png,6,۶,BYekan.ttf
6\6_000024.png,6,۶,IRANSans(FaNum).ttf
6\6_000025.png,6,۶,IRANSans(FaNum)_Black.ttf
6\6_000026.png,6,۶,IRANSans(FaNum)_Bold.ttf
6\6_000027.png,6,۶,IRANSans(FaNum)_Light.ttf
6\6_000028.png,6,۶,IRANSans(FaNum)_Medium.ttf
6\6_000029.png,6,۶,IRANSans(FaNum)_UltraLight.ttf
6\6_000030.png,6,۶,IRANSans.ttf
6\6_000031.png,6,۶,IRANSans_Black.ttf
6\6_000032.png,6,۶,IRANSans_Bold.ttf
6\6_000033.png,6,۶,IRANSans_Light.ttf
6\6_000034.png,6,۶,IRANSans_Medium.ttf
6\6_000035.png,6,۶,IRANSans_UltraLight.ttf
6\6_000036.png,6,۶,IRANSansMobile(FaNum).ttf
6\6_000037.png,6,۶,IRANSansMobile(FaNum)_Black.ttf
6\6_000038.png,6,۶,IRANSansMobile(FaNum)_Bold.ttf
6\6_000039.png,6,۶,IRANSansMobile(FaNum)_Light.ttf
6\6_000040.png,6,۶,arial.ttf
6\6_000041.png,6,۶,arialbd.ttf
6\6_000042.png,6,۶,BNazanin.ttf
6\6_000043.png,6,۶,BYekan.ttf
6\6_000044.png,6,۶,IRANSans(FaNum).ttf
6\6_000045.png,6,۶,IRANSans(FaNum)_Black.ttf
6\6_000046.png,6,۶,IRANSans(FaNum)_Bold.ttf
6\6_000047.png,6,۶,IRANSans(FaNum)_Light.ttf
6\6_000048.png,6,۶,IRANSans(FaNum)_Medium.ttf
6\6_000049.png,6,۶,IRANSans(FaNum)_UltraLight.ttf
6\6_000050.png,6,۶,IRANSans.ttf
6\6_000051.png,6,۶,IRANSans_Black.ttf
6\6_000052.png,6,۶,IRANSans_Bold.ttf
6\6_000053.png,6,۶,IRANSans_Light.ttf
6\6_000054.png,6,۶,IRANSans_Medium.ttf
6\6_000055.png,6,۶,IRANSans_UltraLight.ttf
6\6_000056.png,6,۶,IRANSansMobile(FaNum).ttf
6\6_000057.png,6,۶,IRANSansMobile(FaNum)_Black.ttf
6\6_000058.png,6,۶,IRANSansMobile(FaNum)_Bold.ttf
6\6_000059.png,6,۶,IRANSansMobile(FaNum)_Light.ttf
6\6_000060.png,6,۶,arial.ttf
6\6_000061.png,6,۶,arialbd.ttf
6\6_000062.png,6,۶,BNazanin.ttf
6\6_000063.png,6,۶,BYekan.ttf
6\6_000064.png,6,۶,IRANSans(FaNum).ttf
6\6_000065.png,6,۶,IRANSans(FaNum)_Black.ttf
6\6_000066.png,6,۶,IRANSans(FaNum)_Bold.ttf
6\6_000067.png,6,۶,IRANSans(FaNum)_Light.ttf
6\6_000068.png,6,۶,IRANSans(FaNum)_Medium.ttf
6\6_000069.png,6,۶,IRANSans(FaNum)_UltraLight.ttf
6\6_000070.png,6,۶,IRANSans.ttf
6\6_000071.png,6,۶,IRANSans_Black.ttf
6\6_000072.png,6,۶,IRANSans_Bold.ttf
6\6_000073.png,6,۶,IRANSans_Light.ttf
6\6_000074.png,6,۶,IRANSans_Medium.ttf
6\6_000075.png,6,۶,IRANSans_UltraLight.ttf
6\6_000076.png,6,۶,IRANSansMobile(FaNum).ttf
6\6_000077.png,6,۶,IRANSansMobile(FaNum)_Black.ttf
6\6_000078.png,6,۶,IRANSansMobile(FaNum)_Bold.ttf
6\6_000079.png,6,۶,IRANSansMobile(FaNum)_Light.ttf
6\6_000080.png,6,۶,arial.ttf
6\6_000081.png,6,۶,arialbd.ttf
6\6_000082.png,6,۶,BNazanin.ttf
6\6_000083.png,6,۶,BYekan.ttf
6\6_000084.png,6,۶,IRANSans(FaNum).ttf
6\6_000085.png,6,۶,IRANSans(FaNum)_Black.ttf
6\6_000086.png,6,۶,IRANSans(FaNum)_Bold.ttf
6\6_000087.png,6,۶,IRANSans(FaNum)_Light.ttf
6\6_000088.png,6,۶,IRANSans(FaNum)_Medium.ttf
6\6_000089.png,6,۶,IRANSans(FaNum)_UltraLight.ttf
6\6_000090.png,6,۶,IRANSans.ttf
6\6_000091.png,6,۶,IRANSans_Black.ttf
6\6_000092.png,6,۶,IRANSans_Bold.ttf
6\6_000093.png,6,۶,IRANSans_Light.ttf
6\6_000094.png,6,۶,IRANSans_Medium.ttf
6\6_000095.png,6,۶,IRANSans_UltraLight.ttf
6\6_000096.png,6,۶,IRANSansMobile(FaNum).ttf
6\6_000097.png,6,۶,IRANSansMobile(FaNum)_Black.ttf
6\6_000098.png,6,۶,IRANSansMobile(FaNum)_Bold.ttf
6\6_000099.png,6,۶,IRANSansMobile(FaNum)_Light.ttf
6\6_000100.png,6,۶,arial.ttf
6\6_000101.png,6,۶,arialbd.ttf
6\6_000102.png,6,۶,BNazanin.ttf
6\6_000103.png,6,۶,BYekan.ttf
6\6_000104.png,6,۶,IRANSans(FaNum).ttf
6\6_000105.png,6,۶,IRANSans(FaNum)_Black.ttf
6\6_000106.png,6,۶,IRANSans(FaNum)_Bold.ttf
6\6_000107.png,6,۶,IRANSans(FaNum)_Light.ttf
6\6_000108.png,6,۶,IRANSans(FaNum)_Medium.ttf
6\6_000109.png,6,۶,IRANSans(FaNum)_UltraLight.ttf
6\6_000110.png,6,۶,IRANSans.ttf
6\6_000111.png,6,۶,IRANSans_Black.ttf
6\6_000112.png,6,۶,IRANSans_Bold.ttf
6\6_000113.png,6,۶,IRANSans_Light.ttf
6\6_000114.png,6,۶,IRANSans_Medium.ttf
6\6_000115.png,6,۶,IRANSans_UltraLight.ttf
6\6_000116.png,6,۶,IRANSansMobile(FaNum).ttf
6\6_000117.png,6,۶,IRANSansMobile(FaNum)_Black.ttf
6\6_000118.png,6,۶,IRANSansMobile(FaNum)_Bold.ttf
6\6_000119.png,6,۶,IRANSansMobile(FaNum)_Light.ttf
6\6_000120.png,6,۶,arial.ttf
6\6_000121.png,6,۶,arialbd.ttf
6\6_000122.png,6,۶,BNazanin.ttf
6\6_000123.png,6,۶,BYekan.ttf
6\6_000124.png,6,۶,IRANSans(FaNum).ttf
6\6_000125.png,6,۶,IRANSans(FaNum)_Black.ttf
6\6_000126.png,6,۶,IRANSans(FaNum)_Bold.ttf
6\6_000127.png,6,۶,IRANSans(FaNum)_Light.ttf
6\6_000128.png,6,۶,IRANSans(FaNum)_Medium.ttf
6\6_000129.png,6,۶,IRANSans(FaNum)_UltraLight.ttf
6\6_000130.png,6,۶,IRANSans.ttf
6\6_000131.png,6,۶,IRANSans_Black.ttf
6\6_000132.png,6,۶,IRANSans_Bold.ttf
6\6_000133.png,6,۶,IRANSans_Light.ttf
6\6_000134.png,6,۶,IRANSans_Medium.ttf
6\6_000135.png,6,۶,IRANSans_UltraLight.ttf
6\6_000136.png,6,۶,IRANSansMobile(FaNum).ttf
6\6_000137.png,6,۶,IRANSansMobile(FaNum)_Black.ttf
6\6_000138.png,6,۶,IRANSansMobile(FaNum)_Bold.ttf
6\6_000139.png,6,۶,IRANSansMobile(FaNum)_Light.ttf
6\6_000140.png,6,۶,arial.ttf
6\6_000141.png,6,۶,arialbd.ttf
6\6_000142.png,6,۶,BNazanin.ttf
6\6_000143.png,6,۶,BYekan.ttf
6\6_000144.png,6,۶,IRANSans(FaNum).ttf
6\6_000145.png,6,۶,IRANSans(FaNum)_Black.ttf
6\6_000146.png,6,۶,IRANSans(FaNum)_Bold.ttf
6\6_000147.png,6,۶,IRANSans(FaNum)_Light.ttf
6\6_000148.png,6,۶,IRANSans(FaNum)_Medium.ttf
6\6_000149.png,6,۶,IRANSans(FaNum)_UltraLight.ttf
6\6_000150.png,6,۶,IRANSans.ttf
6\6_000151.png,6,۶,IRANSans_Black.ttf
6\6_000152.png,6,۶,IRANSans_Bold.ttf
6\6_000153.png,6,۶,IRANSans_Light.ttf
6\6_000154.png,6,۶,IRANSans_Medium.ttf
6\6_000155.png,6,۶,IRANSans_UltraLight.ttf
6\6_000156.png,6,۶,IRANSansMobile(FaNum).ttf
6\6_000157.png,6,۶,IRANSansMobile(FaNum)_Black.ttf
6\6_000158.png,6,۶,IRANSansMobile(FaNum)_Bold.ttf
6\6_000159.png,6,۶,IRANSansMobile(FaNum)_Light.ttf
6\6_000160.png,6,۶,arial.ttf
6\6_000161.png,6,۶,arialbd.ttf
6\6_000162.png,6,۶,BNazanin.ttf
6\6_000163.png,6,۶,BYekan.ttf
6\6_000164.png,6,۶,IRANSans(FaNum).ttf
6\6_000165.png,6,۶,IRANSans(FaNum)_Black.ttf
6\6_000166.png,6,۶,IRANSans(FaNum)_Bold.ttf
6\6_000167.png,6,۶,IRANSans(FaNum)_Light.ttf
6\6_000168.png,6,۶,IRANSans(FaNum)_Medium.ttf
6\6_000169.png,6,۶,IRANSans(FaNum)_UltraLight.ttf
6\6_000170.png,6,۶,IRANSans.ttf
6\6_000171.png,6,۶,IRANSans_Black.ttf
6\6_000172.png,6,۶,IRANSans_Bold.ttf
6\6_000173.png,6,۶,IRANSans_Light.ttf
6\6_000174.png,6,۶,IRANSans_Medium.ttf
6\6_000175.png,6,۶,IRANSans_UltraLight.ttf
6\6_000176.png,6,۶,IRANSansMobile(FaNum).ttf
6\6_000177.png,6,۶,IRANSansMobile(FaNum)_Black.ttf
6\6_000178.png,6,۶,IRANSansMobile(FaNum)_Bold.ttf
6\6_000179.png,6,۶,IRANSansMobile(FaNum)_Light.ttf
6\6_000180.png,6,۶,arial.ttf
6\6_000181.png,6,۶,arialbd.ttf
6\6_000182.png,6,۶,BNazanin.ttf
6\6_000183.png,6,۶,BYekan.ttf
6\6_000184.png,6,۶,IRANSans(FaNum).ttf
6\6_000185.png,6,۶,IRANSans(FaNum)_Black.ttf
6\6_000186.png,6,۶,IRANSans(FaNum)_Bold.ttf
6\6_000187.png,6,۶,IRANSans(FaNum)_Light.ttf
6\6_000188.png,6,۶,IRANSans(FaNum)_Medium.ttf
6\6_000189.png,6,۶,IRANSans(FaNum)_UltraLight.ttf
6\6_000190.png,6,۶,IRANSans.ttf
6\6_000191.png,6,۶,IRANSans_Black.ttf
6\6_000192.png,6,۶,IRANSans_Bold.ttf
6\6_000193.png,6,۶,IRANSans_Light.ttf
6\6_000194.png,6,۶,IRANSans_Medium.ttf
6\6_000195.png,6,۶,IRANSans_UltraLight.ttf
6\6_000196.png,6,۶,IRANSansMobile(FaNum).ttf
6\6_000197.png,6,۶,IRANSansMobile(FaNum)_Black.ttf
6\6_000198.png,6,۶,IRANSansMobile(FaNum)_Bold.ttf
6\6_000199.png,6,۶,IRANSansMobile(FaNum)_Light.ttf
6\6_000200.png,6,۶,arial.ttf
6\6_000201.png,6,۶,arialbd.ttf
6\6_000202.png,6,۶,BNazanin.ttf
6\6_000203.png,6,۶,BYekan.ttf
6\6_000204.png,6,۶,IRANSans(FaNum).ttf
6\6_000205.png,6,۶,IRANSans(FaNum)_Black.ttf
6\6_000206.png,6,۶,IRANSans(FaNum)_Bold.ttf
6\6_000207.png,6,۶,IRANSans(FaNum)_Light.ttf
6\6_000208.png,6,۶,IRANSans(FaNum)_Medium.ttf
6\6_000209.png,6,۶,IRANSans(FaNum)_UltraLight.ttf
6\6_000210.png,6,۶,IRANSans.ttf
6\6_000211.png,6,۶,IRANSans_Black.ttf
6\6_000212.png,6,۶,IRANSans_Bold.ttf
6\6_000213.png,6,۶,IRANSans_Light.ttf
6\6_000214.png,6,۶,IRANSans_Medium.ttf
6\6_000215.png,6,۶,IRANSans_UltraLight.ttf
6\6_000216.png,6,۶,IRANSansMobile(FaNum).ttf
6\6_000217.png,6,۶,IRANSansMobile(FaNum)_Black.ttf
6\6_000218.png,6,۶,IRANSansMobile(FaNum)_Bold.ttf
6\6_000219.png,6,۶,IRANSansMobile(FaNum)_Light.ttf
6\6_000220.png,6,۶,arial.ttf
6\6_000221.png,6,۶,arialbd.ttf
6\6_000222.png,6,۶,BNazanin.ttf
6\6_000223.png,6,۶,BYekan.ttf
6\6_000224.png,6,۶,IRANSans(FaNum).ttf
6\6_000225.png,6,۶,IRANSans(FaNum)_Black.ttf
6\6_000226.png,6,۶,IRANSans(FaNum)_Bold.ttf
6\6_000227.png,6,۶,IRANSans(FaNum)_Light.ttf
6\6_000228.png,6,۶,IRANSans(FaNum)_Medium.ttf
6\6_000229.png,6,۶,IRANSans(FaNum)_UltraLight.ttf
6\6_000230.png,6,۶,IRANSans.ttf
6\6_000231.png,6,۶,IRANSans_Black.ttf
6\6_000232.png,6,۶,IRANSans_Bold.ttf
6\6_000233.png,6,۶,IRANSans_Light.ttf
6\6_000234.png,6,۶,IRANSans_Medium.ttf
6\6_000235.png,6,۶,IRANSans_UltraLight.ttf
6\6_000236.png,6,۶,IRANSansMobile(FaNum).ttf
6\6_000237.png,6,۶,IRANSansMobile(FaNum)_Black.ttf
6\6_000238.png,6,۶,IRANSansMobile(FaNum)_Bold.ttf
6\6_000239.png,6,۶,IRANSansMobile(FaNum)_Light.ttf
6\6_000240.png,6,۶,arial.ttf
6\6_000241.png,6,۶,arialbd.ttf
6\6_000242.png,6,۶,BNazanin.ttf
6\6_000243.png,6,۶,BYekan.ttf
6\6_000244.png,6,۶,IRANSans(FaNum).ttf
6\6_000245.png,6,۶,IRANSans(FaNum)_Black.ttf
6\6_000246.png,6,۶,IRANSans(FaNum)_Bold.ttf
6\6_000247.png,6,۶,IRANSans(FaNum)_Light.ttf
6\6_000248.png,6,۶,IRANSans(FaNum)_Medium.ttf
6\6_000249.png,6,۶,IRANSans(FaNum)_UltraLight.ttf
6\6_000250.png,6,۶,IRANSans.ttf
6\6_000251.png,6,۶,IRANSans_Black.ttf
6\6_000252.png,6,۶,IRANSans_Bold.ttf
6\6_000253.png,6,۶,IRANSans_Light.ttf
6\6_000254.png,6,۶,IRANSans_Medium.ttf
6\6_000255.png,6,۶,IRANSans_UltraLight.ttf
6\6_000256.png,6,۶,IRANSansMobile(FaNum).ttf
6\6_000257.png,6,۶,IRANSansMobile(FaNum)_Black.ttf
6\6_000258.png,6,۶,IRANSansMobile(FaNum)_Bold.ttf
6\6_000259.png,6,۶,IRANSansMobile(FaNum)_Light.ttf
6\6_000260.png,6,۶,arial.ttf
6\6_000261.png,6,۶,arialbd.ttf
6\6_000262.png,6,۶,BNazanin.ttf
6\6_000263.png,6,۶,BYekan.ttf
6\6_000264.png,6,۶,IRANSans(FaNum).ttf
6\6_000265.png,6,۶,IRANSans(FaNum)_Black.ttf
6\6_000266.png,6,۶,IRANSans(FaNum)_Bold.ttf
6\6_000267.png,6,۶,IRANSans(FaNum)_Light.ttf
6\6_000268.png,6,۶,IRANSans(FaNum)_Medium.ttf
6\6_000269.png,6,۶,IRANSans(FaNum)_UltraLight.ttf
6\6_000270.png,6,۶,IRANSans.ttf
6\6_000271.png,6,۶,IRANSans_Black.ttf
6\6_000272.png,6,۶,IRANSans_Bold.ttf
6\6_000273.png,6,۶,IRANSans_Light.ttf
6\6_000274.png,6,۶,IRANSans_Medium.ttf
6\6_000275.png,6,۶,IRANSans_UltraLight.ttf
6\6_000276.png,6,۶,IRANSansMobile(FaNum).ttf
6\6_000277.png,6,۶,IRANSansMobile(FaNum)_Black.ttf
6\6_000278.png,6,۶,IRANSansMobile(FaNum)_Bold.ttf
6\6_000279.png,6,۶,IRANSansMobile(FaNum)_Light.ttf
6\6_000280.png,6,۶,arial.ttf
6\6_000281.png,6,۶,arialbd.ttf
6\6_000282.png,6,۶,BNazanin.ttf
6\6_000283.png,6,۶,BYekan.ttf
6\6_000284.png,6,۶,IRANSans(FaNum).ttf
6\6_000285.png,6,۶,IRANSans(FaNum)_Black.ttf
6\6_000286.png,6,۶,IRANSans(FaNum)_Bold.ttf
6\6_000287.png,6,۶,IRANSans(FaNum)_Light.ttf
6\6_000288.png,6,۶,IRANSans(FaNum)_Medium.ttf
6\6_000289.png,6,۶,IRANSans(FaNum)_UltraLight.ttf
6\6_000290.png,6,۶,IRANSans.ttf
6\6_000291.png,6,۶,IRANSans_Black.ttf
6\6_000292.png,6,۶,IRANSans_Bold.ttf
6\6_000293.png,6,۶,IRANSans_Light.ttf
6\6_000294.png,6,۶,IRANSans_Medium.ttf
6\6_000295.png,6,۶,IRANSans_UltraLight.ttf
6\6_000296.png,6,۶,IRANSansMobile(FaNum).ttf
6\6_000297.png,6,۶,IRANSansMobile(FaNum)_Black.ttf
6\6_000298.png,6,۶,IRANSansMobile(FaNum)_Bold.ttf
6\6_000299.png,6,۶,IRANSansMobile(FaNum)_Light.ttf
6\6_000300.png,6,۶,arial.ttf
6\6_000301.png,6,۶,arialbd.ttf
6\6_000302.png,6,۶,BNazanin.ttf
6\6_000303.png,6,۶,BYekan.ttf
6\6_000304.png,6,۶,IRANSans(FaNum).ttf
6\6_000305.png,6,۶,IRANSans(FaNum)_Black.ttf
6\6_000306.png,6,۶,IRANSans(FaNum)_Bold.ttf
6\6_000307.png,6,۶,IRANSans(FaNum)_Light.ttf
6\6_000308.png,6,۶,IRANSans(FaNum)_Medium.ttf
6\6_000309.png,6,۶,IRANSans(FaNum)_UltraLight.ttf
6\6_000310.png,6,۶,IRANSans.ttf
6\6_000311.png,6,۶,IRANSans_Black.ttf
6\6_000312.png,6,۶,IRANSans_Bold.ttf
6\6_000313.png,6,۶,IRANSans_Light.ttf
6\6_000314.png,6,۶,IRANSans_Medium.ttf
6\6_000315.png,6,۶,IRANSans_UltraLight.ttf
6\6_000316.png,6,۶,IRANSansMobile(FaNum).ttf
6\6_000317.png,6,۶,IRANSansMobile(FaNum)_Black.ttf
6\6_000318.png,6,۶,IRANSansMobile(FaNum)_Bold.ttf
6\6_000319.png,6,۶,IRANSansMobile(FaNum)_Light.ttf
6\6_000320.png,6,۶,arial.ttf
6\6_000321.png,6,۶,arialbd.ttf
6\6_000322.png,6,۶,BNazanin.ttf
6\6_000323.png,6,۶,BYekan.ttf
6\6_000324.png,6,۶,IRANSans(FaNum).ttf
6\6_000325.png,6,۶,IRANSans(FaNum)_Black.ttf
6\6_000326.png,6,۶,IRANSans(FaNum)_Bold.ttf
6\6_000327.png,6,۶,IRANSans(FaNum)_Light.ttf
6\6_000328.png,6,۶,IRANSans(FaNum)_Medium.ttf
6\6_000329.png,6,۶,IRANSans(FaNum)_UltraLight.ttf
6\6_000330.png,6,۶,IRANSans.ttf
6\6_000331.png,6,۶,IRANSans_Black.ttf
6\6_000332.png,6,۶,IRANSans_Bold.ttf
6\6_000333.png,6,۶,IRANSans_Light.ttf
6\6_000334.png,6,۶,IRANSans_Medium.ttf
6\6_000335.png,6,۶,IRANSans_UltraLight.ttf
6\6_000336.png,6,۶,IRANSansMobile(FaNum).ttf
6\6_000337.png,6,۶,IRANSansMobile(FaNum)_Black.ttf
6\6_000338.png,6,۶,IRANSansMobile(FaNum)_Bold.ttf
6\6_000339.png,6,۶,IRANSansMobile(FaNum)_Light.ttf
6\6_000340.png,6,۶,arial.ttf
6\6_000341.png,6,۶,arialbd.ttf
6\6_000342.png,6,۶,BNazanin.ttf
6\6_000343.png,6,۶,BYekan.ttf
6\6_000344.png,6,۶,IRANSans(FaNum).ttf
6\6_000345.png,6,۶,IRANSans(FaNum)_Black.ttf
6\6_000346.png,6,۶,IRANSans(FaNum)_Bold.ttf
6\6_000347.png,6,۶,IRANSans(FaNum)_Light.ttf
6\6_000348.png,6,۶,IRANSans(FaNum)_Medium.ttf
6\6_000349.png,6,۶,IRANSans(FaNum)_UltraLight.ttf
6\6_000350.png,6,۶,IRANSans.ttf
6\6_000351.png,6,۶,IRANSans_Black.ttf
6\6_000352.png,6,۶,IRANSans_Bold.ttf
6\6_000353.png,6,۶,IRANSans_Light.ttf
6\6_000354.png,6,۶,IRANSans_Medium.ttf
6\6_000355.png,6,۶,IRANSans_UltraLight.ttf
6\6_000356.png,6,۶,IRANSansMobile(FaNum).ttf
6\6_000357.png,6,۶,IRANSansMobile(FaNum)_Black.ttf
6\6_000358.png,6,۶,IRANSansMobile(FaNum)_Bold.ttf
6\6_000359.png,6,۶,IRANSansMobile(FaNum)_Light.ttf
6\6_000360.png,6,۶,arial.ttf
6\6_000361.png,6,۶,arialbd.ttf
6\6_000362.png,6,۶,BNazanin.ttf
6\6_000363.png,6,۶,BYekan.ttf
6\6_000364.png,6,۶,IRANSans(FaNum).ttf
6\6_000365.png,6,۶,IRANSans(FaNum)_Black.ttf
6\6_000366.png,6,۶,IRANSans(FaNum)_Bold.ttf
6\6_000367.png,6,۶,IRANSans(FaNum)_Light.ttf
6\6_000368.png,6,۶,IRANSans(FaNum)_Medium.ttf
6\6_000369.png,6,۶,IRANSans(FaNum)_UltraLight.ttf
6\6_000370.png,6,۶,IRANSans.ttf
6\6_000371.png,6,۶,IRANSans_Black.ttf
6\6_000372.png,6,۶,IRANSans_Bold.ttf
6\6_000373.png,6,۶,IRANSans_Light.ttf
6\6_000374.png,6,۶,IRANSans_Medium.ttf
6\6_000375.png,6,۶,IRANSans_UltraLight.ttf
6\6_000376.png,6,۶,IRANSansMobile(FaNum).ttf
6\6_000377.png,6,۶,IRANSansMobile(FaNum)_Black.ttf
6\6_000378.png,6,۶,IRANSansMobile(FaNum)_Bold.ttf
6\6_000379.png,6,۶,IRANSansMobile(FaNum)_Light.ttf
6\6_000380.png,6,۶,arial.ttf
6\6_000381.png,6,۶,arialbd.ttf
6\6_000382.png,6,۶,BNazanin.ttf
6\6_000383.png,6,۶,BYekan.ttf
6\6_000384.png,6,۶,IRANSans(FaNum).ttf
6\6_000385.png,6,۶,IRANSans(FaNum)_Black.ttf
6\6_000386.png,6,۶,IRANSans(FaNum)_Bold.ttf
6\6_000387.png,6,۶,IRANSans(FaNum)_Light.ttf
6\6_000388.png,6,۶,IRANSans(FaNum)_Medium.ttf
6\6_000389.png,6,۶,IRANSans(FaNum)_UltraLight.ttf
6\6_000390.png,6,۶,IRANSans.ttf
6\6_000391.png,6,۶,IRANSans_Black.ttf
6\6_000392.png,6,۶,IRANSans_Bold.ttf
6\6_000393.png,6,۶,IRANSans_Light.ttf
6\6_000394.png,6,۶,IRANSans_Medium.ttf
6\6_000395.png,6,۶,IRANSans_UltraLight.ttf
6\6_000396.png,6,۶,IRANSansMobile(FaNum).ttf
6\6_000397.png,6,۶,IRANSansMobile(FaNum)_Black.ttf
6\6_000398.png,6,۶,IRANSansMobile(FaNum)_Bold.ttf
6\6_000399.png,6,۶,IRANSansMobile(FaNum)_Light.ttf
6\6_000400.png,6,۶,arial.ttf
6\6_000401.png,6,۶,arialbd.ttf
6\6_000402.png,6,۶,BNazanin.ttf
6\6_000403.png,6,۶,BYekan.ttf
6\6_000404.png,6,۶,IRANSans(FaNum).ttf
6\6_000405.png,6,۶,IRANSans(FaNum)_Black.ttf
6\6_000406.png,6,۶,IRANSans(FaNum)_Bold.ttf
6\6_000407.png,6,۶,IRANSans(FaNum)_Light.ttf
6\6_000408.png,6,۶,IRANSans(FaNum)_Medium.ttf
6\6_000409.png,6,۶,IRANSans(FaNum)_UltraLight.ttf
6\6_000410.png,6,۶,IRANSans.ttf
6\6_000411.png,6,۶,IRANSans_Black.ttf
6\6_000412.png,6,۶,IRANSans_Bold.ttf
6\6_000413.png,6,۶,IRANSans_Light.ttf
6\6_000414.png,6,۶,IRANSans_Medium.ttf
6\6_000415.png,6,۶,IRANSans_UltraLight.ttf
6\6_000416.png,6,۶,IRANSansMobile(FaNum).ttf
6\6_000417.png,6,۶,IRANSansMobile(FaNum)_Black.ttf
6\6_000418.png,6,۶,IRANSansMobile(FaNum)_Bold.ttf
6\6_000419.png,6,۶,IRANSansMobile(FaNum)_Light.ttf
6\6_000420.png,6,۶,arial.ttf
6\6_000421.png,6,۶,arialbd.ttf
6\6_000422.png,6,۶,BNazanin.ttf
6\6_000423.png,6,۶,BYekan.ttf
6\6_000424.png,6,۶,IRANSans(FaNum).ttf
6\6_000425.png,6,۶,IRANSans(FaNum)_Black.ttf
6\6_000426.png,6,۶,IRANSans(FaNum)_Bold.ttf
6\6_000427.png,6,۶,IRANSans(FaNum)_Light.ttf
6\6_000428.png,6,۶,IRANSans(FaNum)_Medium.ttf
6\6_000429.png,6,۶,IRANSans(FaNum)_UltraLight.ttf
6\6_000430.png,6,۶,IRANSans.ttf
6\6_000431.png,6,۶,IRANSans_Black.ttf
6\6_000432.png,6,۶,IRANSans_Bold.ttf
6\6_000433.png,6,۶,IRANSans_Light.ttf
6\6_000434.png,6,۶,IRANSans_Medium.ttf
6\6_000435.png,6,۶,IRANSans_UltraLight.ttf
6\6_000436.png,6,۶,IRANSansMobile(FaNum).ttf
6\6_000437.png,6,۶,IRANSansMobile(FaNum)_Black.ttf
6\6_000438.png,6,۶,IRANSansMobile(FaNum)_Bold.ttf
6\6_000439.png,6,۶,IRANSansMobile(FaNum)_Light.ttf
6\6_000440.png,6,۶,arial.ttf
6\6_000441.png,6,۶,arialbd.ttf
6\6_000442.png,6,۶,BNazanin.ttf
6\6_000443.png,6,۶,BYekan.ttf
6\6_000444.png,6,۶,IRANSans(FaNum).ttf
6\6_000445.png,6,۶,IRANSans(FaNum)_Black.ttf
6\6_000446.png,6,۶,IRANSans(FaNum)_Bold.ttf
6\6_000447.png,6,۶,IRANSans(FaNum)_Light.ttf
6\6_000448.png,6,۶,IRANSans(FaNum)_Medium.ttf
6\6_000449.png,6,۶,IRANSans(FaNum)_UltraLight.ttf
6\6_000450.png,6,۶,IRANSans.ttf
6\6_000451.png,6,۶,IRANSans_Black.ttf
6\6_000452.png,6,۶,IRANSans_Bold.ttf
6\6_000453.png,6,۶,IRANSans_Light.ttf
6\6_000454.png,6,۶,IRANSans_Medium.ttf
6\6_000455.png,6,۶,IRANSans_UltraLight.ttf
6\6_000456.png,6,۶,IRANSansMobile(FaNum).ttf
6\6_000457.png,6,۶,IRANSansMobile(FaNum)_Black.ttf
6\6_000458.png,6,۶,IRANSansMobile(FaNum)_Bold.ttf
6\6_000459.png,6,۶,IRANSansMobile(FaNum)_Light.ttf
6\6_000460.png,6,۶,arial.ttf
6\6_000461.png,6,۶,arialbd.ttf
6\6_000462.png,6,۶,BNazanin.ttf
6\6_000463.png,6,۶,BYekan.ttf
6\6_000464.png,6,۶,IRANSans(FaNum).ttf
6\6_000465.png,6,۶,IRANSans(FaNum)_Black.ttf
6\6_000466.png,6,۶,IRANSans(FaNum)_Bold.ttf
6\6_000467.png,6,۶,IRANSans(FaNum)_Light.ttf
6\6_000468.png,6,۶,IRANSans(FaNum)_Medium.ttf
6\6_000469.png,6,۶,IRANSans(FaNum)_UltraLight.ttf
6\6_000470.png,6,۶,IRANSans.ttf
6\6_000471.png,6,۶,IRANSans_Black.ttf
6\6_000472.png,6,۶,IRANSans_Bold.ttf
6\6_000473.png,6,۶,IRANSans_Light.ttf
6\6_000474.png,6,۶,IRANSans_Medium.ttf
6\6_000475.png,6,۶,IRANSans_UltraLight.ttf
6\6_000476.png,6,۶,IRANSansMobile(FaNum).ttf
6\6_000477.png,6,۶,IRANSansMobile(FaNum)_Black.ttf
6\6_000478.png,6,۶,IRANSansMobile(FaNum)_Bold.ttf
6\6_000479.png,6,۶,IRANSansMobile(FaNum)_Light.ttf
6\6_000480.png,6,۶,arial.ttf
6\6_000481.png,6,۶,arialbd.ttf
6\6_000482.png,6,۶,BNazanin.ttf
6\6_000483.png,6,۶,BYekan.ttf
6\6_000484.png,6,۶,IRANSans(FaNum).ttf
6\6_000485.png,6,۶,IRANSans(FaNum)_Black.ttf
6\6_000486.png,6,۶,IRANSans(FaNum)_Bold.ttf
6\6_000487.png,6,۶,IRANSans(FaNum)_Light.ttf
6\6_000488.png,6,۶,IRANSans(FaNum)_Medium.ttf
6\6_000489.png,6,۶,IRANSans(FaNum)_UltraLight.ttf
6\6_000490.png,6,۶,IRANSans.ttf
6\6_000491.png,6,۶,IRANSans_Black.ttf
6\6_000492.png,6,۶,IRANSans_Bold.ttf
6\6_000493.png,6,۶,IRANSans_Light.ttf
6\6_000494.png,6,۶,IRANSans_Medium.ttf
6\6_000495.png,6,۶,IRANSans_UltraLight.ttf
6\6_000496.png,6,۶,IRANSansMobile(FaNum).ttf
6\6_000497.png,6,۶,IRANSansMobile(FaNum)_Black.ttf
6\6_000498.png,6,۶,IRANSansMobile(FaNum)_Bold.ttf
6\6_000499.png,6,۶,IRANSansMobile(FaNum)_Light.ttf
6\6_000500.png,6,۶,arial.ttf
6\6_000501.png,6,۶,arialbd.ttf
6\6_000502.png,6,۶,BNazanin.ttf
6\6_000503.png,6,۶,BYekan.ttf
6\6_000504.png,6,۶,IRANSans(FaNum).ttf
6\6_000505.png,6,۶,IRANSans(FaNum)_Black.ttf
6\6_000506.png,6,۶,IRANSans(FaNum)_Bold.ttf
6\6_000507.png,6,۶,IRANSans(FaNum)_Light.ttf
6\6_000508.png,6,۶,IRANSans(FaNum)_Medium.ttf
6\6_000509.png,6,۶,IRANSans(FaNum)_UltraLight.ttf
6\6_000510.png,6,۶,IRANSans.ttf
6\6_000511.png,6,۶,IRANSans_Black.ttf
6\6_000512.png,6,۶,IRANSans_Bold.ttf
6\6_000513.png,6,۶,IRANSans_Light.ttf
6\6_000514.png,6,۶,IRANSans_Medium.ttf
6\6_000515.png,6,۶,IRANSans_UltraLight.ttf
6\6_000516.png,6,۶,IRANSansMobile(FaNum).ttf
6\6_000517.png,6,۶,IRANSansMobile(FaNum)_Black.ttf
6\6_000518.png,6,۶,IRANSansMobile(FaNum)_Bold.ttf
6\6_000519.png,6,۶,IRANSansMobile(FaNum)_Light.ttf
6\6_000520.png,6,۶,arial.ttf
6\6_000521.png,6,۶,arialbd.ttf
6\6_000522.png,6,۶,BNazanin.ttf
6\6_000523.png,6,۶,BYekan.ttf
6\6_000524.png,6,۶,IRANSans(FaNum).ttf
6\6_000525.png,6,۶,IRANSans(FaNum)_Black.ttf
6\6_000526.png,6,۶,IRANSans(FaNum)_Bold.ttf
6\6_000527.png,6,۶,IRANSans(FaNum)_Light.ttf
6\6_000528.png,6,۶,IRANSans(FaNum)_Medium.ttf
6\6_000529.png,6,۶,IRANSans(FaNum)_UltraLight.ttf
6\6_000530.png,6,۶,IRANSans.ttf
6\6_000531.png,6,۶,IRANSans_Black.ttf
6\6_000532.png,6,۶,IRANSans_Bold.ttf
6\6_000533.png,6,۶,IRANSans_Light.ttf
6\6_000534.png,6,۶,IRANSans_Medium.ttf
6\6_000535.png,6,۶,IRANSans_UltraLight.ttf
6\6_000536.png,6,۶,IRANSansMobile(FaNum).ttf
6\6_000537.png,6,۶,IRANSansMobile(FaNum)_Black.ttf
6\6_000538.png,6,۶,IRANSansMobile(FaNum)_Bold.ttf
6\6_000539.png,6,۶,IRANSansMobile(FaNum)_Light.ttf
6\6_000540.png,6,۶,arial.ttf
6\6_000541.png,6,۶,arialbd.ttf
6\6_000542.png,6,۶,BNazanin.ttf
6\6_000543.png,6,۶,BYekan.ttf
6\6_000544.png,6,۶,IRANSans(FaNum).ttf
6\6_000545.png,6,۶,IRANSans(FaNum)_Black.ttf
6\6_000546.png,6,۶,IRANSans(FaNum)_Bold.ttf
6\6_000547.png,6,۶,IRANSans(FaNum)_Light.ttf
6\6_000548.png,6,۶,IRANSans(FaNum)_Medium.ttf
6\6_000549.png,6,۶,IRANSans(FaNum)_UltraLight.ttf
6\6_000550.png,6,۶,IRANSans.ttf
6\6_000551.png,6,۶,IRANSans_Black.ttf
6\6_000552.png,6,۶,IRANSans_Bold.ttf
6\6_000553.png,6,۶,IRANSans_Light.ttf
6\6_000554.png,6,۶,IRANSans_Medium.ttf
6\6_000555.png,6,۶,IRANSans_UltraLight.ttf
6\6_000556.png,6,۶,IRANSansMobile(FaNum).ttf
6\6_000557.png,6,۶,IRANSansMobile(FaNum)_Black.ttf
6\6_000558.png,6,۶,IRANSansMobile(FaNum)_Bold.ttf
6\6_000559.png,6,۶,IRANSansMobile(FaNum)_Light.ttf
6\6_000560.png,6,۶,arial.ttf
6\6_000561.png,6,۶,arialbd.ttf
6\6_000562.png,6,۶,BNazanin.ttf
6\6_000563.png,6,۶,BYekan.ttf
6\6_000564.png,6,۶,IRANSans(FaNum).ttf
6\6_000565.png,6,۶,IRANSans(FaNum)_Black.ttf
6\6_000566.png,6,۶,IRANSans(FaNum)_Bold.ttf
6\6_000567.png,6,۶,IRANSans(FaNum)_Light.ttf
6\6_000568.png,6,۶,IRANSans(FaNum)_Medium.ttf
6\6_000569.png,6,۶,IRANSans(FaNum)_UltraLight.ttf
6\6_000570.png,6,۶,IRANSans.ttf
6\6_000571.png,6,۶,IRANSans_Black.ttf
6\6_000572.png,6,۶,IRANSans_Bold.ttf
6\6_000573.png,6,۶,IRANSans_Light.ttf
6\6_000574.png,6,۶,IRANSans_Medium.ttf
6\6_000575.png,6,۶,IRANSans_UltraLight.ttf
6\6_000576.png,6,۶,IRANSansMobile(FaNum).ttf
6\6_000577.png,6,۶,IRANSansMobile(FaNum)_Black.ttf
6\6_000578.png,6,۶,IRANSansMobile(FaNum)_Bold.ttf
6\6_000579.png,6,۶,IRANSansMobile(FaNum)_Light.ttf
6\6_000580.png,6,۶,arial.ttf
6\6_000581.png,6,۶,arialbd.ttf
6\6_000582.png,6,۶,BNazanin.ttf
6\6_000583.png,6,۶,BYekan.ttf
6\6_000584.png,6,۶,IRANSans(FaNum).ttf
6\6_000585.png,6,۶,IRANSans(FaNum)_Black.ttf
6\6_000586.png,6,۶,IRANSans(FaNum)_Bold.ttf
6\6_000587.png,6,۶,IRANSans(FaNum)_Light.ttf
6\6_000588.png,6,۶,IRANSans(FaNum)_Medium.ttf
6\6_000589.png,6,۶,IRANSans(FaNum)_UltraLight.ttf
6\6_000590.png,6,۶,IRANSans.ttf
6\6_000591.png,6,۶,IRANSans_Black.ttf
6\6_000592.png,6,۶,IRANSans_Bold.ttf
6\6_000593.png,6,۶,IRANSans_Light.ttf
6\6_000594.png,6,۶,IRANSans_Medium.ttf
6\6_000595.png,6,۶,IRANSans_UltraLight.ttf
6\6_000596.png,6,۶,IRANSansMobile(FaNum).ttf
6\6_000597.png,6,۶,IRANSansMobile(FaNum)_Black.ttf
6\6_000598.png,6,۶,IRANSansMobile(FaNum)_Bold.ttf
6\6_000599.png,6,۶,IRANSansMobile(FaNum)_Light.ttf
6\6_000600.png,6,۶,arial.ttf
6\6_000601.png,6,۶,arialbd.ttf
6\6_000602.png,6,۶,BNazanin.ttf
6\6_000603.png,6,۶,BYekan.ttf
6\6_000604.png,6,۶,IRANSans(FaNum).ttf
6\6_000605.png,6,۶,IRANSans(FaNum)_Black.ttf
6\6_000606.png,6,۶,IRANSans(FaNum)_Bold.ttf
6\6_000607.png,6,۶,IRANSans(FaNum)_Light.ttf
6\6_000608.png,6,۶,IRANSans(FaNum)_Medium.ttf
6\6_000609.png,6,۶,IRANSans(FaNum)_UltraLight.ttf
6\6_000610.png,6,۶,IRANSans.ttf
6\6_000611.png,6,۶,IRANSans_Black.ttf
6\6_000612.png,6,۶,IRANSans_Bold.ttf
6\6_000613.png,6,۶,IRANSans_Light.ttf
6\6_000614.png,6,۶,IRANSans_Medium.ttf
6\6_000615.png,6,۶,IRANSans_UltraLight.ttf
6\6_000616.png,6,۶,IRANSansMobile(FaNum).ttf
6\6_000617.png,6,۶,IRANSansMobile(FaNum)_Black.ttf
6\6_000618.png,6,۶,IRANSansMobile(FaNum)_Bold.ttf
6\6_000619.png,6,۶,IRANSansMobile(FaNum)_Light.ttf
6\6_000620.png,6,۶,arial.ttf
6\6_000621.png,6,۶,arialbd.ttf
6\6_000622.png,6,۶,BNazanin.ttf
6\6_000623.png,6,۶,BYekan.ttf
6\6_000624.png,6,۶,IRANSans(FaNum).ttf
6\6_000625.png,6,۶,IRANSans(FaNum)_Black.ttf
6\6_000626.png,6,۶,IRANSans(FaNum)_Bold.ttf
6\6_000627.png,6,۶,IRANSans(FaNum)_Light.ttf
6\6_000628.png,6,۶,IRANSans(FaNum)_Medium.ttf
6\6_000629.png,6,۶,IRANSans(FaNum)_UltraLight.ttf
6\6_000630.png,6,۶,IRANSans.ttf
6\6_000631.png,6,۶,IRANSans_Black.ttf
6\6_000632.png,6,۶,IRANSans_Bold.ttf
6\6_000633.png,6,۶,IRANSans_Light.ttf
6\6_000634.png,6,۶,IRANSans_Medium.ttf
6\6_000635.png,6,۶,IRANSans_UltraLight.ttf
6\6_000636.png,6,۶,IRANSansMobile(FaNum).ttf
6\6_000637.png,6,۶,IRANSansMobile(FaNum)_Black.ttf
6\6_000638.png,6,۶,IRANSansMobile(FaNum)_Bold.ttf
6\6_000639.png,6,۶,IRANSansMobile(FaNum)_Light.ttf
6\6_000640.png,6,۶,arial.ttf
6\6_000641.png,6,۶,arialbd.ttf
6\6_000642.png,6,۶,BNazanin.ttf
6\6_000643.png,6,۶,BYekan.ttf
6\6_000644.png,6,۶,IRANSans(FaNum).ttf
6\6_000645.png,6,۶,IRANSans(FaNum)_Black.ttf
6\6_000646.png,6,۶,IRANSans(FaNum)_Bold.ttf
6\6_000647.png,6,۶,IRANSans(FaNum)_Light.ttf
6\6_000648.png,6,۶,IRANSans(FaNum)_Medium.ttf
6\6_000649.png,6,۶,IRANSans(FaNum)_UltraLight.ttf
6\6_000650.png,6,۶,IRANSans.ttf
6\6_000651.png,6,۶,IRANSans_Black.ttf
6\6_000652.png,6,۶,IRANSans_Bold.ttf
6\6_000653.png,6,۶,IRANSans_Light.ttf
6\6_000654.png,6,۶,IRANSans_Medium.ttf
6\6_000655.png,6,۶,IRANSans_UltraLight.ttf
6\6_000656.png,6,۶,IRANSansMobile(FaNum).ttf
6\6_000657.png,6,۶,IRANSansMobile(FaNum)_Black.ttf
6\6_000658.png,6,۶,IRANSansMobile(FaNum)_Bold.ttf
6\6_000659.png,6,۶,IRANSansMobile(FaNum)_Light.ttf
6\6_000660.png,6,۶,arial.ttf
6\6_000661.png,6,۶,arialbd.ttf
6\6_000662.png,6,۶,BNazanin.ttf
6\6_000663.png,6,۶,BYekan.ttf
6\6_000664.png,6,۶,IRANSans(FaNum).ttf
6\6_000665.png,6,۶,IRANSans(FaNum)_Black.ttf
6\6_000666.png,6,۶,IRANSans(FaNum)_Bold.ttf
6\6_000667.png,6,۶,IRANSans(FaNum)_Light.ttf
6\6_000668.png,6,۶,IRANSans(FaNum)_Medium.ttf
6\6_000669.png,6,۶,IRANSans(FaNum)_UltraLight.ttf
6\6_000670.png,6,۶,IRANSans.ttf
6\6_000671.png,6,۶,IRANSans_Black.ttf
6\6_000672.png,6,۶,IRANSans_Bold.ttf
6\6_000673.png,6,۶,IRANSans_Light.ttf
6\6_000674.png,6,۶,IRANSans_Medium.ttf
6\6_000675.png,6,۶,IRANSans_UltraLight.ttf
6\6_000676.png,6,۶,IRANSansMobile(FaNum).ttf
6\6_000677.png,6,۶,IRANSansMobile(FaNum)_Black.ttf
6\6_000678.png,6,۶,IRANSansMobile(FaNum)_Bold.ttf
6\6_000679.png,6,۶,IRANSansMobile(FaNum)_Light.ttf
6\6_000680.png,6,۶,arial.ttf
6\6_000681.png,6,۶,arialbd.ttf
6\6_000682.png,6,۶,BNazanin.ttf
6\6_000683.png,6,۶,BYekan.ttf
6\6_000684.png,6,۶,IRANSans(FaNum).ttf
6\6_000685.png,6,۶,IRANSans(FaNum)_Black.ttf
6\6_000686.png,6,۶,IRANSans(FaNum)_Bold.ttf
6\6_000687.png,6,۶,IRANSans(FaNum)_Light.ttf
6\6_000688.png,6,۶,IRANSans(FaNum)_Medium.ttf
6\6_000689.png,6,۶,IRANSans(FaNum)_UltraLight.ttf
6\6_000690.png,6,۶,IRANSans.ttf
6\6_000691.png,6,۶,IRANSans_Black.ttf
6\6_000692.png,6,۶,IRANSans_Bold.ttf
6\6_000693.png,6,۶,IRANSans_Light.ttf
6\6_000694.png,6,۶,IRANSans_Medium.ttf
6\6_000695.png,6,۶,IRANSans_UltraLight.ttf
6\6_000696.png,6,۶,IRANSansMobile(FaNum).ttf
6\6_000697.png,6,۶,IRANSansMobile(FaNum)_Black.ttf
6\6_000698.png,6,۶,IRANSansMobile(FaNum)_Bold.ttf
6\6_000699.png,6,۶,IRANSansMobile(FaNum)_Light.ttf
6\6_000700.png,6,۶,arial.ttf
6\6_000701.png,6,۶,arialbd.ttf
6\6_000702.png,6,۶,BNazanin.ttf
6\6_000703.png,6,۶,BYekan.ttf
6\6_000704.png,6,۶,IRANSans(FaNum).ttf
6\6_000705.png,6,۶,IRANSans(FaNum)_Black.ttf
6\6_000706.png,6,۶,IRANSans(FaNum)_Bold.ttf
6\6_000707.png,6,۶,IRANSans(FaNum)_Light.ttf
6\6_000708.png,6,۶,IRANSans(FaNum)_Medium.ttf
6\6_000709.png,6,۶,IRANSans(FaNum)_UltraLight.ttf
6\6_000710.png,6,۶,IRANSans.ttf
6\6_000711.png,6,۶,IRANSans_Black.ttf
6\6_000712.png,6,۶,IRANSans_Bold.ttf
6\6_000713.png,6,۶,IRANSans_Light.ttf
6\6_000714.png,6,۶,IRANSans_Medium.ttf
6\6_000715.png,6,۶,IRANSans_UltraLight.ttf
6\6_000716.png,6,۶,IRANSansMobile(FaNum).ttf
6\6_000717.png,6,۶,IRANSansMobile(FaNum)_Black.ttf
6\6_000718.png,6,۶,IRANSansMobile(FaNum)_Bold.ttf
6\6_000719.png,6,۶,IRANSansMobile(FaNum)_Light.ttf
6\6_000720.png,6,۶,arial.ttf
6\6_000721.png,6,۶,arialbd.ttf
6\6_000722.png,6,۶,BNazanin.ttf
6\6_000723.png,6,۶,BYekan.ttf
6\6_000724.png,6,۶,IRANSans(FaNum).ttf
6\6_000725.png,6,۶,IRANSans(FaNum)_Black.ttf
6\6_000726.png,6,۶,IRANSans(FaNum)_Bold.ttf
6\6_000727.png,6,۶,IRANSans(FaNum)_Light.ttf
6\6_000728.png,6,۶,IRANSans(FaNum)_Medium.ttf
6\6_000729.png,6,۶,IRANSans(FaNum)_UltraLight.ttf
6\6_000730.png,6,۶,IRANSans.ttf
6\6_000731.png,6,۶,IRANSans_Black.ttf
6\6_000732.png,6,۶,IRANSans_Bold.ttf
6\6_000733.png,6,۶,IRANSans_Light.ttf
6\6_000734.png,6,۶,IRANSans_Medium.ttf
6\6_000735.png,6,۶,IRANSans_UltraLight.ttf
6\6_000736.png,6,۶,IRANSansMobile(FaNum).ttf
6\6_000737.png,6,۶,IRANSansMobile(FaNum)_Black.ttf
6\6_000738.png,6,۶,IRANSansMobile(FaNum)_Bold.ttf
6\6_000739.png,6,۶,IRANSansMobile(FaNum)_Light.ttf
6\6_000740.png,6,۶,arial.ttf
6\6_000741.png,6,۶,arialbd.ttf
6\6_000742.png,6,۶,BNazanin.ttf
6\6_000743.png,6,۶,BYekan.ttf
6\6_000744.png,6,۶,IRANSans(FaNum).ttf
6\6_000745.png,6,۶,IRANSans(FaNum)_Black.ttf
6\6_000746.png,6,۶,IRANSans(FaNum)_Bold.ttf
6\6_000747.png,6,۶,IRANSans(FaNum)_Light.ttf
6\6_000748.png,6,۶,IRANSans(FaNum)_Medium.ttf
6\6_000749.png,6,۶,IRANSans(FaNum)_UltraLight.ttf
6\6_000750.png,6,۶,IRANSans.ttf
6\6_000751.png,6,۶,IRANSans_Black.ttf
6\6_000752.png,6,۶,IRANSans_Bold.ttf
6\6_000753.png,6,۶,IRANSans_Light.ttf
6\6_000754.png,6,۶,IRANSans_Medium.ttf
6\6_000755.png,6,۶,IRANSans_UltraLight.ttf
6\6_000756.png,6,۶,IRANSansMobile(FaNum).ttf
6\6_000757.png,6,۶,IRANSansMobile(FaNum)_Black.ttf
6\6_000758.png,6,۶,IRANSansMobile(FaNum)_Bold.ttf
6\6_000759.png,6,۶,IRANSansMobile(FaNum)_Light.ttf
6\6_000760.png,6,۶,arial.ttf
6\6_000761.png,6,۶,arialbd.ttf
6\6_000762.png,6,۶,BNazanin.ttf
6\6_000763.png,6,۶,BYekan.ttf
6\6_000764.png,6,۶,IRANSans(FaNum).ttf
6\6_000765.png,6,۶,IRANSans(FaNum)_Black.ttf
6\6_000766.png,6,۶,IRANSans(FaNum)_Bold.ttf
6\6_000767.png,6,۶,IRANSans(FaNum)_Light.ttf
6\6_000768.png,6,۶,IRANSans(FaNum)_Medium.ttf
6\6_000769.png,6,۶,IRANSans(FaNum)_UltraLight.ttf
6\6_000770.png,6,۶,IRANSans.ttf
6\6_000771.png,6,۶,IRANSans_Black.ttf
6\6_000772.png,6,۶,IRANSans_Bold.ttf
6\6_000773.png,6,۶,IRANSans_Light.ttf
6\6_000774.png,6,۶,IRANSans_Medium.ttf
6\6_000775.png,6,۶,IRANSans_UltraLight.ttf
6\6_000776.png,6,۶,IRANSansMobile(FaNum).ttf
6\6_000777.png,6,۶,IRANSansMobile(FaNum)_Black.ttf
6\6_000778.png,6,۶,IRANSansMobile(FaNum)_Bold.ttf
6\6_000779.png,6,۶,IRANSansMobile(FaNum)_Light.ttf
6\6_000780.png,6,۶,arial.ttf
6\6_000781.png,6,۶,arialbd.ttf
6\6_000782.png,6,۶,BNazanin.ttf
6\6_000783.png,6,۶,BYekan.ttf
6\6_000784.png,6,۶,IRANSans(FaNum).ttf
6\6_000785.png,6,۶,IRANSans(FaNum)_Black.ttf
6\6_000786.png,6,۶,IRANSans(FaNum)_Bold.ttf
6\6_000787.png,6,۶,IRANSans(FaNum)_Light.ttf
6\6_000788.png,6,۶,IRANSans(FaNum)_Medium.ttf
6\6_000789.png,6,۶,IRANSans(FaNum)_UltraLight.ttf
6\6_000790.png,6,۶,IRANSans.ttf
6\6_000791.png,6,۶,IRANSans_Black.ttf
6\6_000792.png,6,۶,IRANSans_Bold.ttf
6\6_000793.png,6,۶,IRANSans_Light.ttf
6\6_000794.png,6,۶,IRANSans_Medium.ttf
6\6_000795.png,6,۶,IRANSans_UltraLight.ttf
6\6_000796.png,6,۶,IRANSansMobile(FaNum).ttf
6\6_000797.png,6,۶,IRANSansMobile(FaNum)_Black.ttf
6\6_000798.png,6,۶,IRANSansMobile(FaNum)_Bold.ttf
6\6_000799.png,6,۶,IRANSansMobile(FaNum)_Light.ttf
6\6_000800.png,6,۶,arial.ttf
6\6_000801.png,6,۶,arialbd.ttf
6\6_000802.png,6,۶,BNazanin.ttf
6\6_000803.png,6,۶,BYekan.ttf
6\6_000804.png,6,۶,IRANSans(FaNum).ttf
6\6_000805.png,6,۶,IRANSans(FaNum)_Black.ttf
6\6_000806.png,6,۶,IRANSans(FaNum)_Bold.ttf
6\6_000807.png,6,۶,IRANSans(FaNum)_Light.ttf
6\6_000808.png,6,۶,IRANSans(FaNum)_Medium.ttf
6\6_000809.png,6,۶,IRANSans(FaNum)_UltraLight.ttf
6\6_000810.png,6,۶,IRANSans.ttf
6\6_000811.png,6,۶,IRANSans_Black.ttf
6\6_000812.png,6,۶,IRANSans_Bold.ttf
6\6_000813.png,6,۶,IRANSans_Light.ttf
6\6_000814.png,6,۶,IRANSans_Medium.ttf
6\6_000815.png,6,۶,IRANSans_UltraLight.ttf
6\6_000816.png,6,۶,IRANSansMobile(FaNum).ttf
6\6_000817.png,6,۶,IRANSansMobile(FaNum)_Black.ttf
6\6_000818.png,6,۶,IRANSansMobile(FaNum)_Bold.ttf
6\6_000819.png,6,۶,IRANSansMobile(FaNum)_Light.ttf
6\6_000820.png,6,۶,arial.ttf
6\6_000821.png,6,۶,arialbd.ttf
6\6_000822.png,6,۶,BNazanin.ttf
6\6_000823.png,6,۶,BYekan.ttf
6\6_000824.png,6,۶,IRANSans(FaNum).ttf
6\6_000825.png,6,۶,IRANSans(FaNum)_Black.ttf
6\6_000826.png,6,۶,IRANSans(FaNum)_Bold.ttf
6\6_000827.png,6,۶,IRANSans(FaNum)_Light.ttf
6\6_000828.png,6,۶,IRANSans(FaNum)_Medium.ttf
6\6_000829.png,6,۶,IRANSans(FaNum)_UltraLight.ttf
6\6_000830.png,6,۶,IRANSans.ttf
6\6_000831.png,6,۶,IRANSans_Black.ttf
6\6_000832.png,6,۶,IRANSans_Bold.ttf
6\6_000833.png,6,۶,IRANSans_Light.ttf
6\6_000834.png,6,۶,IRANSans_Medium.ttf
6\6_000835.png,6,۶,IRANSans_UltraLight.ttf
6\6_000836.png,6,۶,IRANSansMobile(FaNum).ttf
6\6_000837.png,6,۶,IRANSansMobile(FaNum)_Black.ttf
6\6_000838.png,6,۶,IRANSansMobile(FaNum)_Bold.ttf
6\6_000839.png,6,۶,IRANSansMobile(FaNum)_Light.ttf
6\6_000840.png,6,۶,arial.ttf
6\6_000841.png,6,۶,arialbd.ttf
6\6_000842.png,6,۶,BNazanin.ttf
6\6_000843.png,6,۶,BYekan.ttf
6\6_000844.png,6,۶,IRANSans(FaNum).ttf
6\6_000845.png,6,۶,IRANSans(FaNum)_Black.ttf
6\6_000846.png,6,۶,IRANSans(FaNum)_Bold.ttf
6\6_000847.png,6,۶,IRANSans(FaNum)_Light.ttf
6\6_000848.png,6,۶,IRANSans(FaNum)_Medium.ttf
6\6_000849.png,6,۶,IRANSans(FaNum)_UltraLight.ttf
6\6_000850.png,6,۶,IRANSans.ttf
6\6_000851.png,6,۶,IRANSans_Black.ttf
6\6_000852.png,6,۶,IRANSans_Bold.ttf
6\6_000853.png,6,۶,IRANSans_Light.ttf
6\6_000854.png,6,۶,IRANSans_Medium.ttf
6\6_000855.png,6,۶,IRANSans_UltraLight.ttf
6\6_000856.png,6,۶,IRANSansMobile(FaNum).ttf
6\6_000857.png,6,۶,IRANSansMobile(FaNum)_Black.ttf
6\6_000858.png,6,۶,IRANSansMobile(FaNum)_Bold.ttf
6\6_000859.png,6,۶,IRANSansMobile(FaNum)_Light.ttf
6\6_000860.png,6,۶,arial.ttf
6\6_000861.png,6,۶,arialbd.ttf
6\6_000862.png,6,۶,BNazanin.ttf
6\6_000863.png,6,۶,BYekan.ttf
6\6_000864.png,6,۶,IRANSans(FaNum).ttf
6\6_000865.png,6,۶,IRANSans(FaNum)_Black.ttf
6\6_000866.png,6,۶,IRANSans(FaNum)_Bold.ttf
6\6_000867.png,6,۶,IRANSans(FaNum)_Light.ttf
6\6_000868.png,6,۶,IRANSans(FaNum)_Medium.ttf
6\6_000869.png,6,۶,IRANSans(FaNum)_UltraLight.ttf
6\6_000870.png,6,۶,IRANSans.ttf
6\6_000871.png,6,۶,IRANSans_Black.ttf
6\6_000872.png,6,۶,IRANSans_Bold.ttf
6\6_000873.png,6,۶,IRANSans_Light.ttf
6\6_000874.png,6,۶,IRANSans_Medium.ttf
6\6_000875.png,6,۶,IRANSans_UltraLight.ttf
6\6_000876.png,6,۶,IRANSansMobile(FaNum).ttf
6\6_000877.png,6,۶,IRANSansMobile(FaNum)_Black.ttf
6\6_000878.png,6,۶,IRANSansMobile(FaNum)_Bold.ttf
6\6_000879.png,6,۶,IRANSansMobile(FaNum)_Light.ttf
6\6_000880.png,6,۶,arial.ttf
6\6_000881.png,6,۶,arialbd.ttf
6\6_000882.png,6,۶,BNazanin.ttf
6\6_000883.png,6,۶,BYekan.ttf
6\6_000884.png,6,۶,IRANSans(FaNum).ttf
6\6_000885.png,6,۶,IRANSans(FaNum)_Black.ttf
6\6_000886.png,6,۶,IRANSans(FaNum)_Bold.ttf
6\6_000887.png,6,۶,IRANSans(FaNum)_Light.ttf
6\6_000888.png,6,۶,IRANSans(FaNum)_Medium.ttf
6\6_000889.png,6,۶,IRANSans(FaNum)_UltraLight.ttf
6\6_000890.png,6,۶,IRANSans.ttf
6\6_000891.png,6,۶,IRANSans_Black.ttf
6\6_000892.png,6,۶,IRANSans_Bold.ttf
6\6_000893.png,6,۶,IRANSans_Light.ttf
6\6_000894.png,6,۶,IRANSans_Medium.ttf
6\6_000895.png,6,۶,IRANSans_UltraLight.ttf
6\6_000896.png,6,۶,IRANSansMobile(FaNum).ttf
6\6_000897.png,6,۶,IRANSansMobile(FaNum)_Black.ttf
6\6_000898.png,6,۶,IRANSansMobile(FaNum)_Bold.ttf
6\6_000899.png,6,۶,IRANSansMobile(FaNum)_Light.ttf
6\6_000900.png,6,۶,arial.ttf
6\6_000901.png,6,۶,arialbd.ttf
6\6_000902.png,6,۶,BNazanin.ttf
6\6_000903.png,6,۶,BYekan.ttf
6\6_000904.png,6,۶,IRANSans(FaNum).ttf
6\6_000905.png,6,۶,IRANSans(FaNum)_Black.ttf
6\6_000906.png,6,۶,IRANSans(FaNum)_Bold.ttf
6\6_000907.png,6,۶,IRANSans(FaNum)_Light.ttf
6\6_000908.png,6,۶,IRANSans(FaNum)_Medium.ttf
6\6_000909.png,6,۶,IRANSans(FaNum)_UltraLight.ttf
6\6_000910.png,6,۶,IRANSans.ttf
6\6_000911.png,6,۶,IRANSans_Black.ttf
6\6_000912.png,6,۶,IRANSans_Bold.ttf
6\6_000913.png,6,۶,IRANSans_Light.ttf
6\6_000914.png,6,۶,IRANSans_Medium.ttf
6\6_000915.png,6,۶,IRANSans_UltraLight.ttf
6\6_000916.png,6,۶,IRANSansMobile(FaNum).ttf
6\6_000917.png,6,۶,IRANSansMobile(FaNum)_Black.ttf
6\6_000918.png,6,۶,IRANSansMobile(FaNum)_Bold.ttf
6\6_000919.png,6,۶,IRANSansMobile(FaNum)_Light.ttf
6\6_000920.png,6,۶,arial.ttf
6\6_000921.png,6,۶,arialbd.ttf
6\6_000922.png,6,۶,BNazanin.ttf
6\6_000923.png,6,۶,BYekan.ttf
6\6_000924.png,6,۶,IRANSans(FaNum).ttf
6\6_000925.png,6,۶,IRANSans(FaNum)_Black.ttf
6\6_000926.png,6,۶,IRANSans(FaNum)_Bold.ttf
6\6_000927.png,6,۶,IRANSans(FaNum)_Light.ttf
6\6_000928.png,6,۶,IRANSans(FaNum)_Medium.ttf
6\6_000929.png,6,۶,IRANSans(FaNum)_UltraLight.ttf
6\6_000930.png,6,۶,IRANSans.ttf
6\6_000931.png,6,۶,IRANSans_Black.ttf
6\6_000932.png,6,۶,IRANSans_Bold.ttf
6\6_000933.png,6,۶,IRANSans_Light.ttf
6\6_000934.png,6,۶,IRANSans_Medium.ttf
6\6_000935.png,6,۶,IRANSans_UltraLight.ttf
6\6_000936.png,6,۶,IRANSansMobile(FaNum).ttf
6\6_000937.png,6,۶,IRANSansMobile(FaNum)_Black.ttf
6\6_000938.png,6,۶,IRANSansMobile(FaNum)_Bold.ttf
6\6_000939.png,6,۶,IRANSansMobile(FaNum)_Light.ttf
6\6_000940.png,6,۶,arial.ttf
6\6_000941.png,6,۶,arialbd.ttf
6\6_000942.png,6,۶,BNazanin.ttf
6\6_000943.png,6,۶,BYekan.ttf
6\6_000944.png,6,۶,IRANSans(FaNum).ttf
6\6_000945.png,6,۶,IRANSans(FaNum)_Black.ttf
6\6_000946.png,6,۶,IRANSans(FaNum)_Bold.ttf
6\6_000947.png,6,۶,IRANSans(FaNum)_Light.ttf
6\6_000948.png,6,۶,IRANSans(FaNum)_Medium.ttf
6\6_000949.png,6,۶,IRANSans(FaNum)_UltraLight.ttf
6\6_000950.png,6,۶,IRANSans.ttf
6\6_000951.png,6,۶,IRANSans_Black.ttf
6\6_000952.png,6,۶,IRANSans_Bold.ttf
6\6_000953.png,6,۶,IRANSans_Light.ttf
6\6_000954.png,6,۶,IRANSans_Medium.ttf
6\6_000955.png,6,۶,IRANSans_UltraLight.ttf
6\6_000956.png,6,۶,IRANSansMobile(FaNum).ttf
6\6_000957.png,6,۶,IRANSansMobile(FaNum)_Black.ttf
6\6_000958.png,6,۶,IRANSansMobile(FaNum)_Bold.ttf
6\6_000959.png,6,۶,IRANSansMobile(FaNum)_Light.ttf
6\6_000960.png,6,۶,arial.ttf
6\6_000961.png,6,۶,arialbd.ttf
6\6_000962.png,6,۶,BNazanin.ttf
6\6_000963.png,6,۶,BYekan.ttf
6\6_000964.png,6,۶,IRANSans(FaNum).ttf
6\6_000965.png,6,۶,IRANSans(FaNum)_Black.ttf
6\6_000966.png,6,۶,IRANSans(FaNum)_Bold.ttf
6\6_000967.png,6,۶,IRANSans(FaNum)_Light.ttf
6\6_000968.png,6,۶,IRANSans(FaNum)_Medium.ttf
6\6_000969.png,6,۶,IRANSans(FaNum)_UltraLight.ttf
6\6_000970.png,6,۶,IRANSans.ttf
6\6_000971.png,6,۶,IRANSans_Black.ttf
6\6_000972.png,6,۶,IRANSans_Bold.ttf
6\6_000973.png,6,۶,IRANSans_Light.ttf
6\6_000974.png,6,۶,IRANSans_Medium.ttf
6\6_000975.png,6,۶,IRANSans_UltraLight.ttf
6\6_000976.png,6,۶,IRANSansMobile(FaNum).ttf
6\6_000977.png,6,۶,IRANSansMobile(FaNum)_Black.ttf
6\6_000978.png,6,۶,IRANSansMobile(FaNum)_Bold.ttf
6\6_000979.png,6,۶,IRANSansMobile(FaNum)_Light.ttf
6\6_000980.png,6,۶,arial.ttf
6\6_000981.png,6,۶,arialbd.ttf
6\6_000982.png,6,۶,BNazanin.ttf
6\6_000983.png,6,۶,BYekan.ttf
6\6_000984.png,6,۶,IRANSans(FaNum).ttf
6\6_000985.png,6,۶,IRANSans(FaNum)_Black.ttf
6\6_000986.png,6,۶,IRANSans(FaNum)_Bold.ttf
6\6_000987.png,6,۶,IRANSans(FaNum)_Light.ttf
6\6_000988.png,6,۶,IRANSans(FaNum)_Medium.ttf
6\6_000989.png,6,۶,IRANSans(FaNum)_UltraLight.ttf
6\6_000990.png,6,۶,IRANSans.ttf
6\6_000991.png,6,۶,IRANSans_Black.ttf
6\6_000992.png,6,۶,IRANSans_Bold.ttf
6\6_000993.png,6,۶,IRANSans_Light.ttf
6\6_000994.png,6,۶,IRANSans_Medium.ttf
6\6_000995.png,6,۶,IRANSans_UltraLight.ttf
6\6_000996.png,6,۶,IRANSansMobile(FaNum).ttf
6\6_000997.png,6,۶,IRANSansMobile(FaNum)_Black.ttf
6\6_000998.png,6,۶,IRANSansMobile(FaNum)_Bold.ttf
6\6_000999.png,6,۶,IRANSansMobile(FaNum)_Light.ttf
7\7_000000.png,7,۷,arial.ttf
7\7_000001.png,7,۷,arialbd.ttf
7\7_000002.png,7,۷,BNazanin.ttf
7\7_000003.png,7,۷,BYekan.ttf
7\7_000004.png,7,۷,IRANSans(FaNum).ttf
7\7_000005.png,7,۷,IRANSans(FaNum)_Black.ttf
7\7_000006.png,7,۷,IRANSans(FaNum)_Bold.ttf
7\7_000007.png,7,۷,IRANSans(FaNum)_Light.ttf
7\7_000008.png,7,۷,IRANSans(FaNum)_Medium.ttf
7\7_000009.png,7,۷,IRANSans(FaNum)_UltraLight.ttf
7\7_000010.png,7,۷,IRANSans.ttf
7\7_000011.png,7,۷,IRANSans_Black.ttf
7\7_000012.png,7,۷,IRANSans_Bold.ttf
7\7_000013.png,7,۷,IRANSans_Light.ttf
7\7_000014.png,7,۷,IRANSans_Medium.ttf
7\7_000015.png,7,۷,IRANSans_UltraLight.ttf
7\7_000016.png,7,۷,IRANSansMobile(FaNum).ttf
7\7_000017.png,7,۷,IRANSansMobile(FaNum)_Black.ttf
7\7_000018.png,7,۷,IRANSansMobile(FaNum)_Bold.ttf
7\7_000019.png,7,۷,IRANSansMobile(FaNum)_Light.ttf
7\7_000020.png,7,۷,arial.ttf
7\7_000021.png,7,۷,arialbd.ttf
7\7_000022.png,7,۷,BNazanin.ttf
7\7_000023.png,7,۷,BYekan.ttf
7\7_000024.png,7,۷,IRANSans(FaNum).ttf
7\7_000025.png,7,۷,IRANSans(FaNum)_Black.ttf
7\7_000026.png,7,۷,IRANSans(FaNum)_Bold.ttf
7\7_000027.png,7,۷,IRANSans(FaNum)_Light.ttf
7\7_000028.png,7,۷,IRANSans(FaNum)_Medium.ttf
7\7_000029.png,7,۷,IRANSans(FaNum)_UltraLight.ttf
7\7_000030.png,7,۷,IRANSans.ttf
7\7_000031.png,7,۷,IRANSans_Black.ttf
7\7_000032.png,7,۷,IRANSans_Bold.ttf
7\7_000033.png,7,۷,IRANSans_Light.ttf
7\7_000034.png,7,۷,IRANSans_Medium.ttf
7\7_000035.png,7,۷,IRANSans_UltraLight.ttf
7\7_000036.png,7,۷,IRANSansMobile(FaNum).ttf
7\7_000037.png,7,۷,IRANSansMobile(FaNum)_Black.ttf
7\7_000038.png,7,۷,IRANSansMobile(FaNum)_Bold.ttf
7\7_000039.png,7,۷,IRANSansMobile(FaNum)_Light.ttf
7\7_000040.png,7,۷,arial.ttf
7\7_000041.png,7,۷,arialbd.ttf
7\7_000042.png,7,۷,BNazanin.ttf
7\7_000043.png,7,۷,BYekan.ttf
7\7_000044.png,7,۷,IRANSans(FaNum).ttf
7\7_000045.png,7,۷,IRANSans(FaNum)_Black.ttf
7\7_000046.png,7,۷,IRANSans(FaNum)_Bold.ttf
7\7_000047.png,7,۷,IRANSans(FaNum)_Light.ttf
7\7_000048.png,7,۷,IRANSans(FaNum)_Medium.ttf
7\7_000049.png,7,۷,IRANSans(FaNum)_UltraLight.ttf
7\7_000050.png,7,۷,IRANSans.ttf
7\7_000051.png,7,۷,IRANSans_Black.ttf
7\7_000052.png,7,۷,IRANSans_Bold.ttf
7\7_000053.png,7,۷,IRANSans_Light.ttf
7\7_000054.png,7,۷,IRANSans_Medium.ttf
7\7_000055.png,7,۷,IRANSans_UltraLight.ttf
7\7_000056.png,7,۷,IRANSansMobile(FaNum).ttf
7\7_000057.png,7,۷,IRANSansMobile(FaNum)_Black.ttf
7\7_000058.png,7,۷,IRANSansMobile(FaNum)_Bold.ttf
7\7_000059.png,7,۷,IRANSansMobile(FaNum)_Light.ttf
7\7_000060.png,7,۷,arial.ttf
7\7_000061.png,7,۷,arialbd.ttf
7\7_000062.png,7,۷,BNazanin.ttf
7\7_000063.png,7,۷,BYekan.ttf
7\7_000064.png,7,۷,IRANSans(FaNum).ttf
7\7_000065.png,7,۷,IRANSans(FaNum)_Black.ttf
7\7_000066.png,7,۷,IRANSans(FaNum)_Bold.ttf
7\7_000067.png,7,۷,IRANSans(FaNum)_Light.ttf
7\7_000068.png,7,۷,IRANSans(FaNum)_Medium.ttf
7\7_000069.png,7,۷,IRANSans(FaNum)_UltraLight.ttf
7\7_000070.png,7,۷,IRANSans.ttf
7\7_000071.png,7,۷,IRANSans_Black.ttf
7\7_000072.png,7,۷,IRANSans_Bold.ttf
7\7_000073.png,7,۷,IRANSans_Light.ttf
7\7_000074.png,7,۷,IRANSans_Medium.ttf
7\7_000075.png,7,۷,IRANSans_UltraLight.ttf
7\7_000076.png,7,۷,IRANSansMobile(FaNum).ttf
7\7_000077.png,7,۷,IRANSansMobile(FaNum)_Black.ttf
7\7_000078.png,7,۷,IRANSansMobile(FaNum)_Bold.ttf
7\7_000079.png,7,۷,IRANSansMobile(FaNum)_Light.ttf
7\7_000080.png,7,۷,arial.ttf
7\7_000081.png,7,۷,arialbd.ttf
7\7_000082.png,7,۷,BNazanin.ttf
7\7_000083.png,7,۷,BYekan.ttf
7\7_000084.png,7,۷,IRANSans(FaNum).ttf
7\7_000085.png,7,۷,IRANSans(FaNum)_Black.ttf
7\7_000086.png,7,۷,IRANSans(FaNum)_Bold.ttf
7\7_000087.png,7,۷,IRANSans(FaNum)_Light.ttf
7\7_000088.png,7,۷,IRANSans(FaNum)_Medium.ttf
7\7_000089.png,7,۷,IRANSans(FaNum)_UltraLight.ttf
7\7_000090.png,7,۷,IRANSans.ttf
7\7_000091.png,7,۷,IRANSans_Black.ttf
7\7_000092.png,7,۷,IRANSans_Bold.ttf
7\7_000093.png,7,۷,IRANSans_Light.ttf
7\7_000094.png,7,۷,IRANSans_Medium.ttf
7\7_000095.png,7,۷,IRANSans_UltraLight.ttf
7\7_000096.png,7,۷,IRANSansMobile(FaNum).ttf
7\7_000097.png,7,۷,IRANSansMobile(FaNum)_Black.ttf
7\7_000098.png,7,۷,IRANSansMobile(FaNum)_Bold.ttf
7\7_000099.png,7,۷,IRANSansMobile(FaNum)_Light.ttf
7\7_000100.png,7,۷,arial.ttf
7\7_000101.png,7,۷,arialbd.ttf
7\7_000102.png,7,۷,BNazanin.ttf
7\7_000103.png,7,۷,BYekan.ttf
7\7_000104.png,7,۷,IRANSans(FaNum).ttf
7\7_000105.png,7,۷,IRANSans(FaNum)_Black.ttf
7\7_000106.png,7,۷,IRANSans(FaNum)_Bold.ttf
7\7_000107.png,7,۷,IRANSans(FaNum)_Light.ttf
7\7_000108.png,7,۷,IRANSans(FaNum)_Medium.ttf
7\7_000109.png,7,۷,IRANSans(FaNum)_UltraLight.ttf
7\7_000110.png,7,۷,IRANSans.ttf
7\7_000111.png,7,۷,IRANSans_Black.ttf
7\7_000112.png,7,۷,IRANSans_Bold.ttf
7\7_000113.png,7,۷,IRANSans_Light.ttf
7\7_000114.png,7,۷,IRANSans_Medium.ttf
7\7_000115.png,7,۷,IRANSans_UltraLight.ttf
7\7_000116.png,7,۷,IRANSansMobile(FaNum).ttf
7\7_000117.png,7,۷,IRANSansMobile(FaNum)_Black.ttf
7\7_000118.png,7,۷,IRANSansMobile(FaNum)_Bold.ttf
7\7_000119.png,7,۷,IRANSansMobile(FaNum)_Light.ttf
7\7_000120.png,7,۷,arial.ttf
7\7_000121.png,7,۷,arialbd.ttf
7\7_000122.png,7,۷,BNazanin.ttf
7\7_000123.png,7,۷,BYekan.ttf
7\7_000124.png,7,۷,IRANSans(FaNum).ttf
7\7_000125.png,7,۷,IRANSans(FaNum)_Black.ttf
7\7_000126.png,7,۷,IRANSans(FaNum)_Bold.ttf
7\7_000127.png,7,۷,IRANSans(FaNum)_Light.ttf
7\7_000128.png,7,۷,IRANSans(FaNum)_Medium.ttf
7\7_000129.png,7,۷,IRANSans(FaNum)_UltraLight.ttf
7\7_000130.png,7,۷,IRANSans.ttf
7\7_000131.png,7,۷,IRANSans_Black.ttf
7\7_000132.png,7,۷,IRANSans_Bold.ttf
7\7_000133.png,7,۷,IRANSans_Light.ttf
7\7_000134.png,7,۷,IRANSans_Medium.ttf
7\7_000135.png,7,۷,IRANSans_UltraLight.ttf
7\7_000136.png,7,۷,IRANSansMobile(FaNum).ttf
7\7_000137.png,7,۷,IRANSansMobile(FaNum)_Black.ttf
7\7_000138.png,7,۷,IRANSansMobile(FaNum)_Bold.ttf
7\7_000139.png,7,۷,IRANSansMobile(FaNum)_Light.ttf
7\7_000140.png,7,۷,arial.ttf
7\7_000141.png,7,۷,arialbd.ttf
7\7_000142.png,7,۷,BNazanin.ttf
7\7_000143.png,7,۷,BYekan.ttf
7\7_000144.png,7,۷,IRANSans(FaNum).ttf
7\7_000145.png,7,۷,IRANSans(FaNum)_Black.ttf
7\7_000146.png,7,۷,IRANSans(FaNum)_Bold.ttf
7\7_000147.png,7,۷,IRANSans(FaNum)_Light.ttf
7\7_000148.png,7,۷,IRANSans(FaNum)_Medium.ttf
7\7_000149.png,7,۷,IRANSans(FaNum)_UltraLight.ttf
7\7_000150.png,7,۷,IRANSans.ttf
7\7_000151.png,7,۷,IRANSans_Black.ttf
7\7_000152.png,7,۷,IRANSans_Bold.ttf
7\7_000153.png,7,۷,IRANSans_Light.ttf
7\7_000154.png,7,۷,IRANSans_Medium.ttf
7\7_000155.png,7,۷,IRANSans_UltraLight.ttf
7\7_000156.png,7,۷,IRANSansMobile(FaNum).ttf
7\7_000157.png,7,۷,IRANSansMobile(FaNum)_Black.ttf
7\7_000158.png,7,۷,IRANSansMobile(FaNum)_Bold.ttf
7\7_000159.png,7,۷,IRANSansMobile(FaNum)_Light.ttf
7\7_000160.png,7,۷,arial.ttf
7\7_000161.png,7,۷,arialbd.ttf
7\7_000162.png,7,۷,BNazanin.ttf
7\7_000163.png,7,۷,BYekan.ttf
7\7_000164.png,7,۷,IRANSans(FaNum).ttf
7\7_000165.png,7,۷,IRANSans(FaNum)_Black.ttf
7\7_000166.png,7,۷,IRANSans(FaNum)_Bold.ttf
7\7_000167.png,7,۷,IRANSans(FaNum)_Light.ttf
7\7_000168.png,7,۷,IRANSans(FaNum)_Medium.ttf
7\7_000169.png,7,۷,IRANSans(FaNum)_UltraLight.ttf
7\7_000170.png,7,۷,IRANSans.ttf
7\7_000171.png,7,۷,IRANSans_Black.ttf
7\7_000172.png,7,۷,IRANSans_Bold.ttf
7\7_000173.png,7,۷,IRANSans_Light.ttf
7\7_000174.png,7,۷,IRANSans_Medium.ttf
7\7_000175.png,7,۷,IRANSans_UltraLight.ttf
7\7_000176.png,7,۷,IRANSansMobile(FaNum).ttf
7\7_000177.png,7,۷,IRANSansMobile(FaNum)_Black.ttf
7\7_000178.png,7,۷,IRANSansMobile(FaNum)_Bold.ttf
7\7_000179.png,7,۷,IRANSansMobile(FaNum)_Light.ttf
7\7_000180.png,7,۷,arial.ttf
7\7_000181.png,7,۷,arialbd.ttf
7\7_000182.png,7,۷,BNazanin.ttf
7\7_000183.png,7,۷,BYekan.ttf
7\7_000184.png,7,۷,IRANSans(FaNum).ttf
7\7_000185.png,7,۷,IRANSans(FaNum)_Black.ttf
7\7_000186.png,7,۷,IRANSans(FaNum)_Bold.ttf
7\7_000187.png,7,۷,IRANSans(FaNum)_Light.ttf
7\7_000188.png,7,۷,IRANSans(FaNum)_Medium.ttf
7\7_000189.png,7,۷,IRANSans(FaNum)_UltraLight.ttf
7\7_000190.png,7,۷,IRANSans.ttf
7\7_000191.png,7,۷,IRANSans_Black.ttf
7\7_000192.png,7,۷,IRANSans_Bold.ttf
7\7_000193.png,7,۷,IRANSans_Light.ttf
7\7_000194.png,7,۷,IRANSans_Medium.ttf
7\7_000195.png,7,۷,IRANSans_UltraLight.ttf
7\7_000196.png,7,۷,IRANSansMobile(FaNum).ttf
7\7_000197.png,7,۷,IRANSansMobile(FaNum)_Black.ttf
7\7_000198.png,7,۷,IRANSansMobile(FaNum)_Bold.ttf
7\7_000199.png,7,۷,IRANSansMobile(FaNum)_Light.ttf
7\7_000200.png,7,۷,arial.ttf
7\7_000201.png,7,۷,arialbd.ttf
7\7_000202.png,7,۷,BNazanin.ttf
7\7_000203.png,7,۷,BYekan.ttf
7\7_000204.png,7,۷,IRANSans(FaNum).ttf
7\7_000205.png,7,۷,IRANSans(FaNum)_Black.ttf
7\7_000206.png,7,۷,IRANSans(FaNum)_Bold.ttf
7\7_000207.png,7,۷,IRANSans(FaNum)_Light.ttf
7\7_000208.png,7,۷,IRANSans(FaNum)_Medium.ttf
7\7_000209.png,7,۷,IRANSans(FaNum)_UltraLight.ttf
7\7_000210.png,7,۷,IRANSans.ttf
7\7_000211.png,7,۷,IRANSans_Black.ttf
7\7_000212.png,7,۷,IRANSans_Bold.ttf
7\7_000213.png,7,۷,IRANSans_Light.ttf
7\7_000214.png,7,۷,IRANSans_Medium.ttf
7\7_000215.png,7,۷,IRANSans_UltraLight.ttf
7\7_000216.png,7,۷,IRANSansMobile(FaNum).ttf
7\7_000217.png,7,۷,IRANSansMobile(FaNum)_Black.ttf
7\7_000218.png,7,۷,IRANSansMobile(FaNum)_Bold.ttf
7\7_000219.png,7,۷,IRANSansMobile(FaNum)_Light.ttf
7\7_000220.png,7,۷,arial.ttf
7\7_000221.png,7,۷,arialbd.ttf
7\7_000222.png,7,۷,BNazanin.ttf
7\7_000223.png,7,۷,BYekan.ttf
7\7_000224.png,7,۷,IRANSans(FaNum).ttf
7\7_000225.png,7,۷,IRANSans(FaNum)_Black.ttf
7\7_000226.png,7,۷,IRANSans(FaNum)_Bold.ttf
7\7_000227.png,7,۷,IRANSans(FaNum)_Light.ttf
7\7_000228.png,7,۷,IRANSans(FaNum)_Medium.ttf
7\7_000229.png,7,۷,IRANSans(FaNum)_UltraLight.ttf
7\7_000230.png,7,۷,IRANSans.ttf
7\7_000231.png,7,۷,IRANSans_Black.ttf
7\7_000232.png,7,۷,IRANSans_Bold.ttf
7\7_000233.png,7,۷,IRANSans_Light.ttf
7\7_000234.png,7,۷,IRANSans_Medium.ttf
7\7_000235.png,7,۷,IRANSans_UltraLight.ttf
7\7_000236.png,7,۷,IRANSansMobile(FaNum).ttf
7\7_000237.png,7,۷,IRANSansMobile(FaNum)_Black.ttf
7\7_000238.png,7,۷,IRANSansMobile(FaNum)_Bold.ttf
7\7_000239.png,7,۷,IRANSansMobile(FaNum)_Light.ttf
7\7_000240.png,7,۷,arial.ttf
7\7_000241.png,7,۷,arialbd.ttf
7\7_000242.png,7,۷,BNazanin.ttf
7\7_000243.png,7,۷,BYekan.ttf
7\7_000244.png,7,۷,IRANSans(FaNum).ttf
7\7_000245.png,7,۷,IRANSans(FaNum)_Black.ttf
7\7_000246.png,7,۷,IRANSans(FaNum)_Bold.ttf
7\7_000247.png,7,۷,IRANSans(FaNum)_Light.ttf
7\7_000248.png,7,۷,IRANSans(FaNum)_Medium.ttf
7\7_000249.png,7,۷,IRANSans(FaNum)_UltraLight.ttf
7\7_000250.png,7,۷,IRANSans.ttf
7\7_000251.png,7,۷,IRANSans_Black.ttf
7\7_000252.png,7,۷,IRANSans_Bold.ttf
7\7_000253.png,7,۷,IRANSans_Light.ttf
7\7_000254.png,7,۷,IRANSans_Medium.ttf
7\7_000255.png,7,۷,IRANSans_UltraLight.ttf
7\7_000256.png,7,۷,IRANSansMobile(FaNum).ttf
7\7_000257.png,7,۷,IRANSansMobile(FaNum)_Black.ttf
7\7_000258.png,7,۷,IRANSansMobile(FaNum)_Bold.ttf
7\7_000259.png,7,۷,IRANSansMobile(FaNum)_Light.ttf
7\7_000260.png,7,۷,arial.ttf
7\7_000261.png,7,۷,arialbd.ttf
7\7_000262.png,7,۷,BNazanin.ttf
7\7_000263.png,7,۷,BYekan.ttf
7\7_000264.png,7,۷,IRANSans(FaNum).ttf
7\7_000265.png,7,۷,IRANSans(FaNum)_Black.ttf
7\7_000266.png,7,۷,IRANSans(FaNum)_Bold.ttf
7\7_000267.png,7,۷,IRANSans(FaNum)_Light.ttf
7\7_000268.png,7,۷,IRANSans(FaNum)_Medium.ttf
7\7_000269.png,7,۷,IRANSans(FaNum)_UltraLight.ttf
7\7_000270.png,7,۷,IRANSans.ttf
7\7_000271.png,7,۷,IRANSans_Black.ttf
7\7_000272.png,7,۷,IRANSans_Bold.ttf
7\7_000273.png,7,۷,IRANSans_Light.ttf
7\7_000274.png,7,۷,IRANSans_Medium.ttf
7\7_000275.png,7,۷,IRANSans_UltraLight.ttf
7\7_000276.png,7,۷,IRANSansMobile(FaNum).ttf
7\7_000277.png,7,۷,IRANSansMobile(FaNum)_Black.ttf
7\7_000278.png,7,۷,IRANSansMobile(FaNum)_Bold.ttf
7\7_000279.png,7,۷,IRANSansMobile(FaNum)_Light.ttf
7\7_000280.png,7,۷,arial.ttf
7\7_000281.png,7,۷,arialbd.ttf
7\7_000282.png,7,۷,BNazanin.ttf
7\7_000283.png,7,۷,BYekan.ttf
7\7_000284.png,7,۷,IRANSans(FaNum).ttf
7\7_000285.png,7,۷,IRANSans(FaNum)_Black.ttf
7\7_000286.png,7,۷,IRANSans(FaNum)_Bold.ttf
7\7_000287.png,7,۷,IRANSans(FaNum)_Light.ttf
7\7_000288.png,7,۷,IRANSans(FaNum)_Medium.ttf
7\7_000289.png,7,۷,IRANSans(FaNum)_UltraLight.ttf
7\7_000290.png,7,۷,IRANSans.ttf
7\7_000291.png,7,۷,IRANSans_Black.ttf
7\7_000292.png,7,۷,IRANSans_Bold.ttf
7\7_000293.png,7,۷,IRANSans_Light.ttf
7\7_000294.png,7,۷,IRANSans_Medium.ttf
7\7_000295.png,7,۷,IRANSans_UltraLight.ttf
7\7_000296.png,7,۷,IRANSansMobile(FaNum).ttf
7\7_000297.png,7,۷,IRANSansMobile(FaNum)_Black.ttf
7\7_000298.png,7,۷,IRANSansMobile(FaNum)_Bold.ttf
7\7_000299.png,7,۷,IRANSansMobile(FaNum)_Light.ttf
7\7_000300.png,7,۷,arial.ttf
7\7_000301.png,7,۷,arialbd.ttf
7\7_000302.png,7,۷,BNazanin.ttf
7\7_000303.png,7,۷,BYekan.ttf
7\7_000304.png,7,۷,IRANSans(FaNum).ttf
7\7_000305.png,7,۷,IRANSans(FaNum)_Black.ttf
7\7_000306.png,7,۷,IRANSans(FaNum)_Bold.ttf
7\7_000307.png,7,۷,IRANSans(FaNum)_Light.ttf
7\7_000308.png,7,۷,IRANSans(FaNum)_Medium.ttf
7\7_000309.png,7,۷,IRANSans(FaNum)_UltraLight.ttf
7\7_000310.png,7,۷,IRANSans.ttf
7\7_000311.png,7,۷,IRANSans_Black.ttf
7\7_000312.png,7,۷,IRANSans_Bold.ttf
7\7_000313.png,7,۷,IRANSans_Light.ttf
7\7_000314.png,7,۷,IRANSans_Medium.ttf
7\7_000315.png,7,۷,IRANSans_UltraLight.ttf
7\7_000316.png,7,۷,IRANSansMobile(FaNum).ttf
7\7_000317.png,7,۷,IRANSansMobile(FaNum)_Black.ttf
7\7_000318.png,7,۷,IRANSansMobile(FaNum)_Bold.ttf
7\7_000319.png,7,۷,IRANSansMobile(FaNum)_Light.ttf
7\7_000320.png,7,۷,arial.ttf
7\7_000321.png,7,۷,arialbd.ttf
7\7_000322.png,7,۷,BNazanin.ttf
7\7_000323.png,7,۷,BYekan.ttf
7\7_000324.png,7,۷,IRANSans(FaNum).ttf
7\7_000325.png,7,۷,IRANSans(FaNum)_Black.ttf
7\7_000326.png,7,۷,IRANSans(FaNum)_Bold.ttf
7\7_000327.png,7,۷,IRANSans(FaNum)_Light.ttf
7\7_000328.png,7,۷,IRANSans(FaNum)_Medium.ttf
7\7_000329.png,7,۷,IRANSans(FaNum)_UltraLight.ttf
7\7_000330.png,7,۷,IRANSans.ttf
7\7_000331.png,7,۷,IRANSans_Black.ttf
7\7_000332.png,7,۷,IRANSans_Bold.ttf
7\7_000333.png,7,۷,IRANSans_Light.ttf
7\7_000334.png,7,۷,IRANSans_Medium.ttf
7\7_000335.png,7,۷,IRANSans_UltraLight.ttf
7\7_000336.png,7,۷,IRANSansMobile(FaNum).ttf
7\7_000337.png,7,۷,IRANSansMobile(FaNum)_Black.ttf
7\7_000338.png,7,۷,IRANSansMobile(FaNum)_Bold.ttf
7\7_000339.png,7,۷,IRANSansMobile(FaNum)_Light.ttf
7\7_000340.png,7,۷,arial.ttf
7\7_000341.png,7,۷,arialbd.ttf
7\7_000342.png,7,۷,BNazanin.ttf
7\7_000343.png,7,۷,BYekan.ttf
7\7_000344.png,7,۷,IRANSans(FaNum).ttf
7\7_000345.png,7,۷,IRANSans(FaNum)_Black.ttf
7\7_000346.png,7,۷,IRANSans(FaNum)_Bold.ttf
7\7_000347.png,7,۷,IRANSans(FaNum)_Light.ttf
7\7_000348.png,7,۷,IRANSans(FaNum)_Medium.ttf
7\7_000349.png,7,۷,IRANSans(FaNum)_UltraLight.ttf
7\7_000350.png,7,۷,IRANSans.ttf
7\7_000351.png,7,۷,IRANSans_Black.ttf
7\7_000352.png,7,۷,IRANSans_Bold.ttf
7\7_000353.png,7,۷,IRANSans_Light.ttf
7\7_000354.png,7,۷,IRANSans_Medium.ttf
7\7_000355.png,7,۷,IRANSans_UltraLight.ttf
7\7_000356.png,7,۷,IRANSansMobile(FaNum).ttf
7\7_000357.png,7,۷,IRANSansMobile(FaNum)_Black.ttf
7\7_000358.png,7,۷,IRANSansMobile(FaNum)_Bold.ttf
7\7_000359.png,7,۷,IRANSansMobile(FaNum)_Light.ttf
7\7_000360.png,7,۷,arial.ttf
7\7_000361.png,7,۷,arialbd.ttf
7\7_000362.png,7,۷,BNazanin.ttf
7\7_000363.png,7,۷,BYekan.ttf
7\7_000364.png,7,۷,IRANSans(FaNum).ttf
7\7_000365.png,7,۷,IRANSans(FaNum)_Black.ttf
7\7_000366.png,7,۷,IRANSans(FaNum)_Bold.ttf
7\7_000367.png,7,۷,IRANSans(FaNum)_Light.ttf
7\7_000368.png,7,۷,IRANSans(FaNum)_Medium.ttf
7\7_000369.png,7,۷,IRANSans(FaNum)_UltraLight.ttf
7\7_000370.png,7,۷,IRANSans.ttf
7\7_000371.png,7,۷,IRANSans_Black.ttf
7\7_000372.png,7,۷,IRANSans_Bold.ttf
7\7_000373.png,7,۷,IRANSans_Light.ttf
7\7_000374.png,7,۷,IRANSans_Medium.ttf
7\7_000375.png,7,۷,IRANSans_UltraLight.ttf
7\7_000376.png,7,۷,IRANSansMobile(FaNum).ttf
7\7_000377.png,7,۷,IRANSansMobile(FaNum)_Black.ttf
7\7_000378.png,7,۷,IRANSansMobile(FaNum)_Bold.ttf
7\7_000379.png,7,۷,IRANSansMobile(FaNum)_Light.ttf
7\7_000380.png,7,۷,arial.ttf
7\7_000381.png,7,۷,arialbd.ttf
7\7_000382.png,7,۷,BNazanin.ttf
7\7_000383.png,7,۷,BYekan.ttf
7\7_000384.png,7,۷,IRANSans(FaNum).ttf
7\7_000385.png,7,۷,IRANSans(FaNum)_Black.ttf
7\7_000386.png,7,۷,IRANSans(FaNum)_Bold.ttf
7\7_000387.png,7,۷,IRANSans(FaNum)_Light.ttf
7\7_000388.png,7,۷,IRANSans(FaNum)_Medium.ttf
7\7_000389.png,7,۷,IRANSans(FaNum)_UltraLight.ttf
7\7_000390.png,7,۷,IRANSans.ttf
7\7_000391.png,7,۷,IRANSans_Black.ttf
7\7_000392.png,7,۷,IRANSans_Bold.ttf
7\7_000393.png,7,۷,IRANSans_Light.ttf
7\7_000394.png,7,۷,IRANSans_Medium.ttf
7\7_000395.png,7,۷,IRANSans_UltraLight.ttf
7\7_000396.png,7,۷,IRANSansMobile(FaNum).ttf
7\7_000397.png,7,۷,IRANSansMobile(FaNum)_Black.ttf
7\7_000398.png,7,۷,IRANSansMobile(FaNum)_Bold.ttf
7\7_000399.png,7,۷,IRANSansMobile(FaNum)_Light.ttf
7\7_000400.png,7,۷,arial.ttf
7\7_000401.png,7,۷,arialbd.ttf
7\7_000402.png,7,۷,BNazanin.ttf
7\7_000403.png,7,۷,BYekan.ttf
7\7_000404.png,7,۷,IRANSans(FaNum).ttf
7\7_000405.png,7,۷,IRANSans(FaNum)_Black.ttf
7\7_000406.png,7,۷,IRANSans(FaNum)_Bold.ttf
7\7_000407.png,7,۷,IRANSans(FaNum)_Light.ttf
7\7_000408.png,7,۷,IRANSans(FaNum)_Medium.ttf
7\7_000409.png,7,۷,IRANSans(FaNum)_UltraLight.ttf
7\7_000410.png,7,۷,IRANSans.ttf
7\7_000411.png,7,۷,IRANSans_Black.ttf
7\7_000412.png,7,۷,IRANSans_Bold.ttf
7\7_000413.png,7,۷,IRANSans_Light.ttf
7\7_000414.png,7,۷,IRANSans_Medium.ttf
7\7_000415.png,7,۷,IRANSans_UltraLight.ttf
7\7_000416.png,7,۷,IRANSansMobile(FaNum).ttf
7\7_000417.png,7,۷,IRANSansMobile(FaNum)_Black.ttf
7\7_000418.png,7,۷,IRANSansMobile(FaNum)_Bold.ttf
7\7_000419.png,7,۷,IRANSansMobile(FaNum)_Light.ttf
7\7_000420.png,7,۷,arial.ttf
7\7_000421.png,7,۷,arialbd.ttf
7\7_000422.png,7,۷,BNazanin.ttf
7\7_000423.png,7,۷,BYekan.ttf
7\7_000424.png,7,۷,IRANSans(FaNum).ttf
7\7_000425.png,7,۷,IRANSans(FaNum)_Black.ttf
7\7_000426.png,7,۷,IRANSans(FaNum)_Bold.ttf
7\7_000427.png,7,۷,IRANSans(FaNum)_Light.ttf
7\7_000428.png,7,۷,IRANSans(FaNum)_Medium.ttf
7\7_000429.png,7,۷,IRANSans(FaNum)_UltraLight.ttf
7\7_000430.png,7,۷,IRANSans.ttf
7\7_000431.png,7,۷,IRANSans_Black.ttf
7\7_000432.png,7,۷,IRANSans_Bold.ttf
7\7_000433.png,7,۷,IRANSans_Light.ttf
7\7_000434.png,7,۷,IRANSans_Medium.ttf
7\7_000435.png,7,۷,IRANSans_UltraLight.ttf
7\7_000436.png,7,۷,IRANSansMobile(FaNum).ttf
7\7_000437.png,7,۷,IRANSansMobile(FaNum)_Black.ttf
7\7_000438.png,7,۷,IRANSansMobile(FaNum)_Bold.ttf
7\7_000439.png,7,۷,IRANSansMobile(FaNum)_Light.ttf
7\7_000440.png,7,۷,arial.ttf
7\7_000441.png,7,۷,arialbd.ttf
7\7_000442.png,7,۷,BNazanin.ttf
7\7_000443.png,7,۷,BYekan.ttf
7\7_000444.png,7,۷,IRANSans(FaNum).ttf
7\7_000445.png,7,۷,IRANSans(FaNum)_Black.ttf
7\7_000446.png,7,۷,IRANSans(FaNum)_Bold.ttf
7\7_000447.png,7,۷,IRANSans(FaNum)_Light.ttf
7\7_000448.png,7,۷,IRANSans(FaNum)_Medium.ttf
7\7_000449.png,7,۷,IRANSans(FaNum)_UltraLight.ttf
7\7_000450.png,7,۷,IRANSans.ttf
7\7_000451.png,7,۷,IRANSans_Black.ttf
7\7_000452.png,7,۷,IRANSans_Bold.ttf
7\7_000453.png,7,۷,IRANSans_Light.ttf
7\7_000454.png,7,۷,IRANSans_Medium.ttf
7\7_000455.png,7,۷,IRANSans_UltraLight.ttf
7\7_000456.png,7,۷,IRANSansMobile(FaNum).ttf
7\7_000457.png,7,۷,IRANSansMobile(FaNum)_Black.ttf
7\7_000458.png,7,۷,IRANSansMobile(FaNum)_Bold.ttf
7\7_000459.png,7,۷,IRANSansMobile(FaNum)_Light.ttf
7\7_000460.png,7,۷,arial.ttf
7\7_000461.png,7,۷,arialbd.ttf
7\7_000462.png,7,۷,BNazanin.ttf
7\7_000463.png,7,۷,BYekan.ttf
7\7_000464.png,7,۷,IRANSans(FaNum).ttf
7\7_000465.png,7,۷,IRANSans(FaNum)_Black.ttf
7\7_000466.png,7,۷,IRANSans(FaNum)_Bold.ttf
7\7_000467.png,7,۷,IRANSans(FaNum)_Light.ttf
7\7_000468.png,7,۷,IRANSans(FaNum)_Medium.ttf
7\7_000469.png,7,۷,IRANSans(FaNum)_UltraLight.ttf
7\7_000470.png,7,۷,IRANSans.ttf
7\7_000471.png,7,۷,IRANSans_Black.ttf
7\7_000472.png,7,۷,IRANSans_Bold.ttf
7\7_000473.png,7,۷,IRANSans_Light.ttf
7\7_000474.png,7,۷,IRANSans_Medium.ttf
7\7_000475.png,7,۷,IRANSans_UltraLight.ttf
7\7_000476.png,7,۷,IRANSansMobile(FaNum).ttf
7\7_000477.png,7,۷,IRANSansMobile(FaNum)_Black.ttf
7\7_000478.png,7,۷,IRANSansMobile(FaNum)_Bold.ttf
7\7_000479.png,7,۷,IRANSansMobile(FaNum)_Light.ttf
7\7_000480.png,7,۷,arial.ttf
7\7_000481.png,7,۷,arialbd.ttf
7\7_000482.png,7,۷,BNazanin.ttf
7\7_000483.png,7,۷,BYekan.ttf
7\7_000484.png,7,۷,IRANSans(FaNum).ttf
7\7_000485.png,7,۷,IRANSans(FaNum)_Black.ttf
7\7_000486.png,7,۷,IRANSans(FaNum)_Bold.ttf
7\7_000487.png,7,۷,IRANSans(FaNum)_Light.ttf
7\7_000488.png,7,۷,IRANSans(FaNum)_Medium.ttf
7\7_000489.png,7,۷,IRANSans(FaNum)_UltraLight.ttf
7\7_000490.png,7,۷,IRANSans.ttf
7\7_000491.png,7,۷,IRANSans_Black.ttf
7\7_000492.png,7,۷,IRANSans_Bold.ttf
7\7_000493.png,7,۷,IRANSans_Light.ttf
7\7_000494.png,7,۷,IRANSans_Medium.ttf
7\7_000495.png,7,۷,IRANSans_UltraLight.ttf
7\7_000496.png,7,۷,IRANSansMobile(FaNum).ttf
7\7_000497.png,7,۷,IRANSansMobile(FaNum)_Black.ttf
7\7_000498.png,7,۷,IRANSansMobile(FaNum)_Bold.ttf
7\7_000499.png,7,۷,IRANSansMobile(FaNum)_Light.ttf
7\7_000500.png,7,۷,arial.ttf
7\7_000501.png,7,۷,arialbd.ttf
7\7_000502.png,7,۷,BNazanin.ttf
7\7_000503.png,7,۷,BYekan.ttf
7\7_000504.png,7,۷,IRANSans(FaNum).ttf
7\7_000505.png,7,۷,IRANSans(FaNum)_Black.ttf
7\7_000506.png,7,۷,IRANSans(FaNum)_Bold.ttf
7\7_000507.png,7,۷,IRANSans(FaNum)_Light.ttf
7\7_000508.png,7,۷,IRANSans(FaNum)_Medium.ttf
7\7_000509.png,7,۷,IRANSans(FaNum)_UltraLight.ttf
7\7_000510.png,7,۷,IRANSans.ttf
7\7_000511.png,7,۷,IRANSans_Black.ttf
7\7_000512.png,7,۷,IRANSans_Bold.ttf
7\7_000513.png,7,۷,IRANSans_Light.ttf
7\7_000514.png,7,۷,IRANSans_Medium.ttf
7\7_000515.png,7,۷,IRANSans_UltraLight.ttf
7\7_000516.png,7,۷,IRANSansMobile(FaNum).ttf
7\7_000517.png,7,۷,IRANSansMobile(FaNum)_Black.ttf
7\7_000518.png,7,۷,IRANSansMobile(FaNum)_Bold.ttf
7\7_000519.png,7,۷,IRANSansMobile(FaNum)_Light.ttf
7\7_000520.png,7,۷,arial.ttf
7\7_000521.png,7,۷,arialbd.ttf
7\7_000522.png,7,۷,BNazanin.ttf
7\7_000523.png,7,۷,BYekan.ttf
7\7_000524.png,7,۷,IRANSans(FaNum).ttf
7\7_000525.png,7,۷,IRANSans(FaNum)_Black.ttf
7\7_000526.png,7,۷,IRANSans(FaNum)_Bold.ttf
7\7_000527.png,7,۷,IRANSans(FaNum)_Light.ttf
7\7_000528.png,7,۷,IRANSans(FaNum)_Medium.ttf
7\7_000529.png,7,۷,IRANSans(FaNum)_UltraLight.ttf
7\7_000530.png,7,۷,IRANSans.ttf
7\7_000531.png,7,۷,IRANSans_Black.ttf
7\7_000532.png,7,۷,IRANSans_Bold.ttf
7\7_000533.png,7,۷,IRANSans_Light.ttf
7\7_000534.png,7,۷,IRANSans_Medium.ttf
7\7_000535.png,7,۷,IRANSans_UltraLight.ttf
7\7_000536.png,7,۷,IRANSansMobile(FaNum).ttf
7\7_000537.png,7,۷,IRANSansMobile(FaNum)_Black.ttf
7\7_000538.png,7,۷,IRANSansMobile(FaNum)_Bold.ttf
7\7_000539.png,7,۷,IRANSansMobile(FaNum)_Light.ttf
7\7_000540.png,7,۷,arial.ttf
7\7_000541.png,7,۷,arialbd.ttf
7\7_000542.png,7,۷,BNazanin.ttf
7\7_000543.png,7,۷,BYekan.ttf
7\7_000544.png,7,۷,IRANSans(FaNum).ttf
7\7_000545.png,7,۷,IRANSans(FaNum)_Black.ttf
7\7_000546.png,7,۷,IRANSans(FaNum)_Bold.ttf
7\7_000547.png,7,۷,IRANSans(FaNum)_Light.ttf
7\7_000548.png,7,۷,IRANSans(FaNum)_Medium.ttf
7\7_000549.png,7,۷,IRANSans(FaNum)_UltraLight.ttf
7\7_000550.png,7,۷,IRANSans.ttf
7\7_000551.png,7,۷,IRANSans_Black.ttf
7\7_000552.png,7,۷,IRANSans_Bold.ttf
7\7_000553.png,7,۷,IRANSans_Light.ttf
7\7_000554.png,7,۷,IRANSans_Medium.ttf
7\7_000555.png,7,۷,IRANSans_UltraLight.ttf
7\7_000556.png,7,۷,IRANSansMobile(FaNum).ttf
7\7_000557.png,7,۷,IRANSansMobile(FaNum)_Black.ttf
7\7_000558.png,7,۷,IRANSansMobile(FaNum)_Bold.ttf
7\7_000559.png,7,۷,IRANSansMobile(FaNum)_Light.ttf
7\7_000560.png,7,۷,arial.ttf
7\7_000561.png,7,۷,arialbd.ttf
7\7_000562.png,7,۷,BNazanin.ttf
7\7_000563.png,7,۷,BYekan.ttf
7\7_000564.png,7,۷,IRANSans(FaNum).ttf
7\7_000565.png,7,۷,IRANSans(FaNum)_Black.ttf
7\7_000566.png,7,۷,IRANSans(FaNum)_Bold.ttf
7\7_000567.png,7,۷,IRANSans(FaNum)_Light.ttf
7\7_000568.png,7,۷,IRANSans(FaNum)_Medium.ttf
7\7_000569.png,7,۷,IRANSans(FaNum)_UltraLight.ttf
7\7_000570.png,7,۷,IRANSans.ttf
7\7_000571.png,7,۷,IRANSans_Black.ttf
7\7_000572.png,7,۷,IRANSans_Bold.ttf
7\7_000573.png,7,۷,IRANSans_Light.ttf
7\7_000574.png,7,۷,IRANSans_Medium.ttf
7\7_000575.png,7,۷,IRANSans_UltraLight.ttf
7\7_000576.png,7,۷,IRANSansMobile(FaNum).ttf
7\7_000577.png,7,۷,IRANSansMobile(FaNum)_Black.ttf
7\7_000578.png,7,۷,IRANSansMobile(FaNum)_Bold.ttf
7\7_000579.png,7,۷,IRANSansMobile(FaNum)_Light.ttf
7\7_000580.png,7,۷,arial.ttf
7\7_000581.png,7,۷,arialbd.ttf
7\7_000582.png,7,۷,BNazanin.ttf
7\7_000583.png,7,۷,BYekan.ttf
7\7_000584.png,7,۷,IRANSans(FaNum).ttf
7\7_000585.png,7,۷,IRANSans(FaNum)_Black.ttf
7\7_000586.png,7,۷,IRANSans(FaNum)_Bold.ttf
7\7_000587.png,7,۷,IRANSans(FaNum)_Light.ttf
7\7_000588.png,7,۷,IRANSans(FaNum)_Medium.ttf
7\7_000589.png,7,۷,IRANSans(FaNum)_UltraLight.ttf
7\7_000590.png,7,۷,IRANSans.ttf
7\7_000591.png,7,۷,IRANSans_Black.ttf
7\7_000592.png,7,۷,IRANSans_Bold.ttf
7\7_000593.png,7,۷,IRANSans_Light.ttf
7\7_000594.png,7,۷,IRANSans_Medium.ttf
7\7_000595.png,7,۷,IRANSans_UltraLight.ttf
7\7_000596.png,7,۷,IRANSansMobile(FaNum).ttf
7\7_000597.png,7,۷,IRANSansMobile(FaNum)_Black.ttf
7\7_000598.png,7,۷,IRANSansMobile(FaNum)_Bold.ttf
7\7_000599.png,7,۷,IRANSansMobile(FaNum)_Light.ttf
7\7_000600.png,7,۷,arial.ttf
7\7_000601.png,7,۷,arialbd.ttf
7\7_000602.png,7,۷,BNazanin.ttf
7\7_000603.png,7,۷,BYekan.ttf
7\7_000604.png,7,۷,IRANSans(FaNum).ttf
7\7_000605.png,7,۷,IRANSans(FaNum)_Black.ttf
7\7_000606.png,7,۷,IRANSans(FaNum)_Bold.ttf
7\7_000607.png,7,۷,IRANSans(FaNum)_Light.ttf
7\7_000608.png,7,۷,IRANSans(FaNum)_Medium.ttf
7\7_000609.png,7,۷,IRANSans(FaNum)_UltraLight.ttf
7\7_000610.png,7,۷,IRANSans.ttf
7\7_000611.png,7,۷,IRANSans_Black.ttf
7\7_000612.png,7,۷,IRANSans_Bold.ttf
7\7_000613.png,7,۷,IRANSans_Light.ttf
7\7_000614.png,7,۷,IRANSans_Medium.ttf
7\7_000615.png,7,۷,IRANSans_UltraLight.ttf
7\7_000616.png,7,۷,IRANSansMobile(FaNum).ttf
7\7_000617.png,7,۷,IRANSansMobile(FaNum)_Black.ttf
7\7_000618.png,7,۷,IRANSansMobile(FaNum)_Bold.ttf
7\7_000619.png,7,۷,IRANSansMobile(FaNum)_Light.ttf
7\7_000620.png,7,۷,arial.ttf
7\7_000621.png,7,۷,arialbd.ttf
7\7_000622.png,7,۷,BNazanin.ttf
7\7_000623.png,7,۷,BYekan.ttf
7\7_000624.png,7,۷,IRANSans(FaNum).ttf
7\7_000625.png,7,۷,IRANSans(FaNum)_Black.ttf
7\7_000626.png,7,۷,IRANSans(FaNum)_Bold.ttf
7\7_000627.png,7,۷,IRANSans(FaNum)_Light.ttf
7\7_000628.png,7,۷,IRANSans(FaNum)_Medium.ttf
7\7_000629.png,7,۷,IRANSans(FaNum)_UltraLight.ttf
7\7_000630.png,7,۷,IRANSans.ttf
7\7_000631.png,7,۷,IRANSans_Black.ttf
7\7_000632.png,7,۷,IRANSans_Bold.ttf
7\7_000633.png,7,۷,IRANSans_Light.ttf
7\7_000634.png,7,۷,IRANSans_Medium.ttf
7\7_000635.png,7,۷,IRANSans_UltraLight.ttf
7\7_000636.png,7,۷,IRANSansMobile(FaNum).ttf
7\7_000637.png,7,۷,IRANSansMobile(FaNum)_Black.ttf
7\7_000638.png,7,۷,IRANSansMobile(FaNum)_Bold.ttf
7\7_000639.png,7,۷,IRANSansMobile(FaNum)_Light.ttf
7\7_000640.png,7,۷,arial.ttf
7\7_000641.png,7,۷,arialbd.ttf
7\7_000642.png,7,۷,BNazanin.ttf
7\7_000643.png,7,۷,BYekan.ttf
7\7_000644.png,7,۷,IRANSans(FaNum).ttf
7\7_000645.png,7,۷,IRANSans(FaNum)_Black.ttf
7\7_000646.png,7,۷,IRANSans(FaNum)_Bold.ttf
7\7_000647.png,7,۷,IRANSans(FaNum)_Light.ttf
7\7_000648.png,7,۷,IRANSans(FaNum)_Medium.ttf
7\7_000649.png,7,۷,IRANSans(FaNum)_UltraLight.ttf
7\7_000650.png,7,۷,IRANSans.ttf
7\7_000651.png,7,۷,IRANSans_Black.ttf
7\7_000652.png,7,۷,IRANSans_Bold.ttf
7\7_000653.png,7,۷,IRANSans_Light.ttf
7\7_000654.png,7,۷,IRANSans_Medium.ttf
7\7_000655.png,7,۷,IRANSans_UltraLight.ttf
7\7_000656.png,7,۷,IRANSansMobile(FaNum).ttf
7\7_000657.png,7,۷,IRANSansMobile(FaNum)_Black.ttf
7\7_000658.png,7,۷,IRANSansMobile(FaNum)_Bold.ttf
7\7_000659.png,7,۷,IRANSansMobile(FaNum)_Light.ttf
7\7_000660.png,7,۷,arial.ttf
7\7_000661.png,7,۷,arialbd.ttf
7\7_000662.png,7,۷,BNazanin.ttf
7\7_000663.png,7,۷,BYekan.ttf
7\7_000664.png,7,۷,IRANSans(FaNum).ttf
7\7_000665.png,7,۷,IRANSans(FaNum)_Black.ttf
7\7_000666.png,7,۷,IRANSans(FaNum)_Bold.ttf
7\7_000667.png,7,۷,IRANSans(FaNum)_Light.ttf
7\7_000668.png,7,۷,IRANSans(FaNum)_Medium.ttf
7\7_000669.png,7,۷,IRANSans(FaNum)_UltraLight.ttf
7\7_000670.png,7,۷,IRANSans.ttf
7\7_000671.png,7,۷,IRANSans_Black.ttf
7\7_000672.png,7,۷,IRANSans_Bold.ttf
7\7_000673.png,7,۷,IRANSans_Light.ttf
7\7_000674.png,7,۷,IRANSans_Medium.ttf
7\7_000675.png,7,۷,IRANSans_UltraLight.ttf
7\7_000676.png,7,۷,IRANSansMobile(FaNum).ttf
7\7_000677.png,7,۷,IRANSansMobile(FaNum)_Black.ttf
7\7_000678.png,7,۷,IRANSansMobile(FaNum)_Bold.ttf
7\7_000679.png,7,۷,IRANSansMobile(FaNum)_Light.ttf
7\7_000680.png,7,۷,arial.ttf
7\7_000681.png,7,۷,arialbd.ttf
7\7_000682.png,7,۷,BNazanin.ttf
7\7_000683.png,7,۷,BYekan.ttf
7\7_000684.png,7,۷,IRANSans(FaNum).ttf
7\7_000685.png,7,۷,IRANSans(FaNum)_Black.ttf
7\7_000686.png,7,۷,IRANSans(FaNum)_Bold.ttf
7\7_000687.png,7,۷,IRANSans(FaNum)_Light.ttf
7\7_000688.png,7,۷,IRANSans(FaNum)_Medium.ttf
7\7_000689.png,7,۷,IRANSans(FaNum)_UltraLight.ttf
7\7_000690.png,7,۷,IRANSans.ttf
7\7_000691.png,7,۷,IRANSans_Black.ttf
7\7_000692.png,7,۷,IRANSans_Bold.ttf
7\7_000693.png,7,۷,IRANSans_Light.ttf
7\7_000694.png,7,۷,IRANSans_Medium.ttf
7\7_000695.png,7,۷,IRANSans_UltraLight.ttf
7\7_000696.png,7,۷,IRANSansMobile(FaNum).ttf
7\7_000697.png,7,۷,IRANSansMobile(FaNum)_Black.ttf
7\7_000698.png,7,۷,IRANSansMobile(FaNum)_Bold.ttf
7\7_000699.png,7,۷,IRANSansMobile(FaNum)_Light.ttf
7\7_000700.png,7,۷,arial.ttf
7\7_000701.png,7,۷,arialbd.ttf
7\7_000702.png,7,۷,BNazanin.ttf
7\7_000703.png,7,۷,BYekan.ttf
7\7_000704.png,7,۷,IRANSans(FaNum).ttf
7\7_000705.png,7,۷,IRANSans(FaNum)_Black.ttf
7\7_000706.png,7,۷,IRANSans(FaNum)_Bold.ttf
7\7_000707.png,7,۷,IRANSans(FaNum)_Light.ttf
7\7_000708.png,7,۷,IRANSans(FaNum)_Medium.ttf
7\7_000709.png,7,۷,IRANSans(FaNum)_UltraLight.ttf
7\7_000710.png,7,۷,IRANSans.ttf
7\7_000711.png,7,۷,IRANSans_Black.ttf
7\7_000712.png,7,۷,IRANSans_Bold.ttf
7\7_000713.png,7,۷,IRANSans_Light.ttf
7\7_000714.png,7,۷,IRANSans_Medium.ttf
7\7_000715.png,7,۷,IRANSans_UltraLight.ttf
7\7_000716.png,7,۷,IRANSansMobile(FaNum).ttf
7\7_000717.png,7,۷,IRANSansMobile(FaNum)_Black.ttf
7\7_000718.png,7,۷,IRANSansMobile(FaNum)_Bold.ttf
7\7_000719.png,7,۷,IRANSansMobile(FaNum)_Light.ttf
7\7_000720.png,7,۷,arial.ttf
7\7_000721.png,7,۷,arialbd.ttf
7\7_000722.png,7,۷,BNazanin.ttf
7\7_000723.png,7,۷,BYekan.ttf
7\7_000724.png,7,۷,IRANSans(FaNum).ttf
7\7_000725.png,7,۷,IRANSans(FaNum)_Black.ttf
7\7_000726.png,7,۷,IRANSans(FaNum)_Bold.ttf
7\7_000727.png,7,۷,IRANSans(FaNum)_Light.ttf
7\7_000728.png,7,۷,IRANSans(FaNum)_Medium.ttf
7\7_000729.png,7,۷,IRANSans(FaNum)_UltraLight.ttf
7\7_000730.png,7,۷,IRANSans.ttf
7\7_000731.png,7,۷,IRANSans_Black.ttf
7\7_000732.png,7,۷,IRANSans_Bold.ttf
7\7_000733.png,7,۷,IRANSans_Light.ttf
7\7_000734.png,7,۷,IRANSans_Medium.ttf
7\7_000735.png,7,۷,IRANSans_UltraLight.ttf
7\7_000736.png,7,۷,IRANSansMobile(FaNum).ttf
7\7_000737.png,7,۷,IRANSansMobile(FaNum)_Black.ttf
7\7_000738.png,7,۷,IRANSansMobile(FaNum)_Bold.ttf
7\7_000739.png,7,۷,IRANSansMobile(FaNum)_Light.ttf
7\7_000740.png,7,۷,arial.ttf
7\7_000741.png,7,۷,arialbd.ttf
7\7_000742.png,7,۷,BNazanin.ttf
7\7_000743.png,7,۷,BYekan.ttf
7\7_000744.png,7,۷,IRANSans(FaNum).ttf
7\7_000745.png,7,۷,IRANSans(FaNum)_Black.ttf
7\7_000746.png,7,۷,IRANSans(FaNum)_Bold.ttf
7\7_000747.png,7,۷,IRANSans(FaNum)_Light.ttf
7\7_000748.png,7,۷,IRANSans(FaNum)_Medium.ttf
7\7_000749.png,7,۷,IRANSans(FaNum)_UltraLight.ttf
7\7_000750.png,7,۷,IRANSans.ttf
7\7_000751.png,7,۷,IRANSans_Black.ttf
7\7_000752.png,7,۷,IRANSans_Bold.ttf
7\7_000753.png,7,۷,IRANSans_Light.ttf
7\7_000754.png,7,۷,IRANSans_Medium.ttf
7\7_000755.png,7,۷,IRANSans_UltraLight.ttf
7\7_000756.png,7,۷,IRANSansMobile(FaNum).ttf
7\7_000757.png,7,۷,IRANSansMobile(FaNum)_Black.ttf
7\7_000758.png,7,۷,IRANSansMobile(FaNum)_Bold.ttf
7\7_000759.png,7,۷,IRANSansMobile(FaNum)_Light.ttf
7\7_000760.png,7,۷,arial.ttf
7\7_000761.png,7,۷,arialbd.ttf
7\7_000762.png,7,۷,BNazanin.ttf
7\7_000763.png,7,۷,BYekan.ttf
7\7_000764.png,7,۷,IRANSans(FaNum).ttf
7\7_000765.png,7,۷,IRANSans(FaNum)_Black.ttf
7\7_000766.png,7,۷,IRANSans(FaNum)_Bold.ttf
7\7_000767.png,7,۷,IRANSans(FaNum)_Light.ttf
7\7_000768.png,7,۷,IRANSans(FaNum)_Medium.ttf
7\7_000769.png,7,۷,IRANSans(FaNum)_UltraLight.ttf
7\7_000770.png,7,۷,IRANSans.ttf
7\7_000771.png,7,۷,IRANSans_Black.ttf
7\7_000772.png,7,۷,IRANSans_Bold.ttf
7\7_000773.png,7,۷,IRANSans_Light.ttf
7\7_000774.png,7,۷,IRANSans_Medium.ttf
7\7_000775.png,7,۷,IRANSans_UltraLight.ttf
7\7_000776.png,7,۷,IRANSansMobile(FaNum).ttf
7\7_000777.png,7,۷,IRANSansMobile(FaNum)_Black.ttf
7\7_000778.png,7,۷,IRANSansMobile(FaNum)_Bold.ttf
7\7_000779.png,7,۷,IRANSansMobile(FaNum)_Light.ttf
7\7_000780.png,7,۷,arial.ttf
7\7_000781.png,7,۷,arialbd.ttf
7\7_000782.png,7,۷,BNazanin.ttf
7\7_000783.png,7,۷,BYekan.ttf
7\7_000784.png,7,۷,IRANSans(FaNum).ttf
7\7_000785.png,7,۷,IRANSans(FaNum)_Black.ttf
7\7_000786.png,7,۷,IRANSans(FaNum)_Bold.ttf
7\7_000787.png,7,۷,IRANSans(FaNum)_Light.ttf
7\7_000788.png,7,۷,IRANSans(FaNum)_Medium.ttf
7\7_000789.png,7,۷,IRANSans(FaNum)_UltraLight.ttf
7\7_000790.png,7,۷,IRANSans.ttf
7\7_000791.png,7,۷,IRANSans_Black.ttf
7\7_000792.png,7,۷,IRANSans_Bold.ttf
7\7_000793.png,7,۷,IRANSans_Light.ttf
7\7_000794.png,7,۷,IRANSans_Medium.ttf
7\7_000795.png,7,۷,IRANSans_UltraLight.ttf
7\7_000796.png,7,۷,IRANSansMobile(FaNum).ttf
7\7_000797.png,7,۷,IRANSansMobile(FaNum)_Black.ttf
7\7_000798.png,7,۷,IRANSansMobile(FaNum)_Bold.ttf
7\7_000799.png,7,۷,IRANSansMobile(FaNum)_Light.ttf
7\7_000800.png,7,۷,arial.ttf
7\7_000801.png,7,۷,arialbd.ttf
7\7_000802.png,7,۷,BNazanin.ttf
7\7_000803.png,7,۷,BYekan.ttf
7\7_000804.png,7,۷,IRANSans(FaNum).ttf
7\7_000805.png,7,۷,IRANSans(FaNum)_Black.ttf
7\7_000806.png,7,۷,IRANSans(FaNum)_Bold.ttf
7\7_000807.png,7,۷,IRANSans(FaNum)_Light.ttf
7\7_000808.png,7,۷,IRANSans(FaNum)_Medium.ttf
7\7_000809.png,7,۷,IRANSans(FaNum)_UltraLight.ttf
7\7_000810.png,7,۷,IRANSans.ttf
7\7_000811.png,7,۷,IRANSans_Black.ttf
7\7_000812.png,7,۷,IRANSans_Bold.ttf
7\7_000813.png,7,۷,IRANSans_Light.ttf
7\7_000814.png,7,۷,IRANSans_Medium.ttf
7\7_000815.png,7,۷,IRANSans_UltraLight.ttf
7\7_000816.png,7,۷,IRANSansMobile(FaNum).ttf
7\7_000817.png,7,۷,IRANSansMobile(FaNum)_Black.ttf
7\7_000818.png,7,۷,IRANSansMobile(FaNum)_Bold.ttf
7\7_000819.png,7,۷,IRANSansMobile(FaNum)_Light.ttf
7\7_000820.png,7,۷,arial.ttf
7\7_000821.png,7,۷,arialbd.ttf
7\7_000822.png,7,۷,BNazanin.ttf
7\7_000823.png,7,۷,BYekan.ttf
7\7_000824.png,7,۷,IRANSans(FaNum).ttf
7\7_000825.png,7,۷,IRANSans(FaNum)_Black.ttf
7\7_000826.png,7,۷,IRANSans(FaNum)_Bold.ttf
7\7_000827.png,7,۷,IRANSans(FaNum)_Light.ttf
7\7_000828.png,7,۷,IRANSans(FaNum)_Medium.ttf
7\7_000829.png,7,۷,IRANSans(FaNum)_UltraLight.ttf
7\7_000830.png,7,۷,IRANSans.ttf
7\7_000831.png,7,۷,IRANSans_Black.ttf
7\7_000832.png,7,۷,IRANSans_Bold.ttf
7\7_000833.png,7,۷,IRANSans_Light.ttf
7\7_000834.png,7,۷,IRANSans_Medium.ttf
7\7_000835.png,7,۷,IRANSans_UltraLight.ttf
7\7_000836.png,7,۷,IRANSansMobile(FaNum).ttf
7\7_000837.png,7,۷,IRANSansMobile(FaNum)_Black.ttf
7\7_000838.png,7,۷,IRANSansMobile(FaNum)_Bold.ttf
7\7_000839.png,7,۷,IRANSansMobile(FaNum)_Light.ttf
7\7_000840.png,7,۷,arial.ttf
7\7_000841.png,7,۷,arialbd.ttf
7\7_000842.png,7,۷,BNazanin.ttf
7\7_000843.png,7,۷,BYekan.ttf
7\7_000844.png,7,۷,IRANSans(FaNum).ttf
7\7_000845.png,7,۷,IRANSans(FaNum)_Black.ttf
7\7_000846.png,7,۷,IRANSans(FaNum)_Bold.ttf
7\7_000847.png,7,۷,IRANSans(FaNum)_Light.ttf
7\7_000848.png,7,۷,IRANSans(FaNum)_Medium.ttf
7\7_000849.png,7,۷,IRANSans(FaNum)_UltraLight.ttf
7\7_000850.png,7,۷,IRANSans.ttf
7\7_000851.png,7,۷,IRANSans_Black.ttf
7\7_000852.png,7,۷,IRANSans_Bold.ttf
7\7_000853.png,7,۷,IRANSans_Light.ttf
7\7_000854.png,7,۷,IRANSans_Medium.ttf
7\7_000855.png,7,۷,IRANSans_UltraLight.ttf
7\7_000856.png,7,۷,IRANSansMobile(FaNum).ttf
7\7_000857.png,7,۷,IRANSansMobile(FaNum)_Black.ttf
7\7_000858.png,7,۷,IRANSansMobile(FaNum)_Bold.ttf
7\7_000859.png,7,۷,IRANSansMobile(FaNum)_Light.ttf
7\7_000860.png,7,۷,arial.ttf
7\7_000861.png,7,۷,arialbd.ttf
7\7_000862.png,7,۷,BNazanin.ttf
7\7_000863.png,7,۷,BYekan.ttf
7\7_000864.png,7,۷,IRANSans(FaNum).ttf
7\7_000865.png,7,۷,IRANSans(FaNum)_Black.ttf
7\7_000866.png,7,۷,IRANSans(FaNum)_Bold.ttf
7\7_000867.png,7,۷,IRANSans(FaNum)_Light.ttf
7\7_000868.png,7,۷,IRANSans(FaNum)_Medium.ttf
7\7_000869.png,7,۷,IRANSans(FaNum)_UltraLight.ttf
7\7_000870.png,7,۷,IRANSans.ttf
7\7_000871.png,7,۷,IRANSans_Black.ttf
7\7_000872.png,7,۷,IRANSans_Bold.ttf
7\7_000873.png,7,۷,IRANSans_Light.ttf
7\7_000874.png,7,۷,IRANSans_Medium.ttf
7\7_000875.png,7,۷,IRANSans_UltraLight.ttf
7\7_000876.png,7,۷,IRANSansMobile(FaNum).ttf
7\7_000877.png,7,۷,IRANSansMobile(FaNum)_Black.ttf
7\7_000878.png,7,۷,IRANSansMobile(FaNum)_Bold.ttf
7\7_000879.png,7,۷,IRANSansMobile(FaNum)_Light.ttf
7\7_000880.png,7,۷,arial.ttf
7\7_000881.png,7,۷,arialbd.ttf
7\7_000882.png,7,۷,BNazanin.ttf
7\7_000883.png,7,۷,BYekan.ttf
7\7_000884.png,7,۷,IRANSans(FaNum).ttf
7\7_000885.png,7,۷,IRANSans(FaNum)_Black.ttf
7\7_000886.png,7,۷,IRANSans(FaNum)_Bold.ttf
7\7_000887.png,7,۷,IRANSans(FaNum)_Light.ttf
7\7_000888.png,7,۷,IRANSans(FaNum)_Medium.ttf
7\7_000889.png,7,۷,IRANSans(FaNum)_UltraLight.ttf
7\7_000890.png,7,۷,IRANSans.ttf
7\7_000891.png,7,۷,IRANSans_Black.ttf
7\7_000892.png,7,۷,IRANSans_Bold.ttf
7\7_000893.png,7,۷,IRANSans_Light.ttf
7\7_000894.png,7,۷,IRANSans_Medium.ttf
7\7_000895.png,7,۷,IRANSans_UltraLight.ttf
7\7_000896.png,7,۷,IRANSansMobile(FaNum).ttf
7\7_000897.png,7,۷,IRANSansMobile(FaNum)_Black.ttf
7\7_000898.png,7,۷,IRANSansMobile(FaNum)_Bold.ttf
7\7_000899.png,7,۷,IRANSansMobile(FaNum)_Light.ttf
7\7_000900.png,7,۷,arial.ttf
7\7_000901.png,7,۷,arialbd.ttf
7\7_000902.png,7,۷,BNazanin.ttf
7\7_000903.png,7,۷,BYekan.ttf
7\7_000904.png,7,۷,IRANSans(FaNum).ttf
7\7_000905.png,7,۷,IRANSans(FaNum)_Black.ttf
7\7_000906.png,7,۷,IRANSans(FaNum)_Bold.ttf
7\7_000907.png,7,۷,IRANSans(FaNum)_Light.ttf
7\7_000908.png,7,۷,IRANSans(FaNum)_Medium.ttf
7\7_000909.png,7,۷,IRANSans(FaNum)_UltraLight.ttf
7\7_000910.png,7,۷,IRANSans.ttf
7\7_000911.png,7,۷,IRANSans_Black.ttf
7\7_000912.png,7,۷,IRANSans_Bold.ttf
7\7_000913.png,7,۷,IRANSans_Light.ttf
7\7_000914.png,7,۷,IRANSans_Medium.ttf
7\7_000915.png,7,۷,IRANSans_UltraLight.ttf
7\7_000916.png,7,۷,IRANSansMobile(FaNum).ttf
7\7_000917.png,7,۷,IRANSansMobile(FaNum)_Black.ttf
7\7_000918.png,7,۷,IRANSansMobile(FaNum)_Bold.ttf
7\7_000919.png,7,۷,IRANSansMobile(FaNum)_Light.ttf
7\7_000920.png,7,۷,arial.ttf
7\7_000921.png,7,۷,arialbd.ttf
7\7_000922.png,7,۷,BNazanin.ttf
7\7_000923.png,7,۷,BYekan.ttf
7\7_000924.png,7,۷,IRANSans(FaNum).ttf
7\7_000925.png,7,۷,IRANSans(FaNum)_Black.ttf
7\7_000926.png,7,۷,IRANSans(FaNum)_Bold.ttf
7\7_000927.png,7,۷,IRANSans(FaNum)_Light.ttf
7\7_000928.png,7,۷,IRANSans(FaNum)_Medium.ttf
7\7_000929.png,7,۷,IRANSans(FaNum)_UltraLight.ttf
7\7_000930.png,7,۷,IRANSans.ttf
7\7_000931.png,7,۷,IRANSans_Black.ttf
7\7_000932.png,7,۷,IRANSans_Bold.ttf
7\7_000933.png,7,۷,IRANSans_Light.ttf
7\7_000934.png,7,۷,IRANSans_Medium.ttf
7\7_000935.png,7,۷,IRANSans_UltraLight.ttf
7\7_000936.png,7,۷,IRANSansMobile(FaNum).ttf
7\7_000937.png,7,۷,IRANSansMobile(FaNum)_Black.ttf
7\7_000938.png,7,۷,IRANSansMobile(FaNum)_Bold.ttf
7\7_000939.png,7,۷,IRANSansMobile(FaNum)_Light.ttf
7\7_000940.png,7,۷,arial.ttf
7\7_000941.png,7,۷,arialbd.ttf
7\7_000942.png,7,۷,BNazanin.ttf
7\7_000943.png,7,۷,BYekan.ttf
7\7_000944.png,7,۷,IRANSans(FaNum).ttf
7\7_000945.png,7,۷,IRANSans(FaNum)_Black.ttf
7\7_000946.png,7,۷,IRANSans(FaNum)_Bold.ttf
7\7_000947.png,7,۷,IRANSans(FaNum)_Light.ttf
7\7_000948.png,7,۷,IRANSans(FaNum)_Medium.ttf
7\7_000949.png,7,۷,IRANSans(FaNum)_UltraLight.ttf
7\7_000950.png,7,۷,IRANSans.ttf
7\7_000951.png,7,۷,IRANSans_Black.ttf
7\7_000952.png,7,۷,IRANSans_Bold.ttf
7\7_000953.png,7,۷,IRANSans_Light.ttf
7\7_000954.png,7,۷,IRANSans_Medium.ttf
7\7_000955.png,7,۷,IRANSans_UltraLight.ttf
7\7_000956.png,7,۷,IRANSansMobile(FaNum).ttf
7\7_000957.png,7,۷,IRANSansMobile(FaNum)_Black.ttf
7\7_000958.png,7,۷,IRANSansMobile(FaNum)_Bold.ttf
7\7_000959.png,7,۷,IRANSansMobile(FaNum)_Light.ttf
7\7_000960.png,7,۷,arial.ttf
7\7_000961.png,7,۷,arialbd.ttf
7\7_000962.png,7,۷,BNazanin.ttf
7\7_000963.png,7,۷,BYekan.ttf
7\7_000964.png,7,۷,IRANSans(FaNum).ttf
7\7_000965.png,7,۷,IRANSans(FaNum)_Black.ttf
7\7_000966.png,7,۷,IRANSans(FaNum)_Bold.ttf
7\7_000967.png,7,۷,IRANSans(FaNum)_Light.ttf
7\7_000968.png,7,۷,IRANSans(FaNum)_Medium.ttf
7\7_000969.png,7,۷,IRANSans(FaNum)_UltraLight.ttf
7\7_000970.png,7,۷,IRANSans.ttf
7\7_000971.png,7,۷,IRANSans_Black.ttf
7\7_000972.png,7,۷,IRANSans_Bold.ttf
7\7_000973.png,7,۷,IRANSans_Light.ttf
7\7_000974.png,7,۷,IRANSans_Medium.ttf
7\7_000975.png,7,۷,IRANSans_UltraLight.ttf
7\7_000976.png,7,۷,IRANSansMobile(FaNum).ttf
7\7_000977.png,7,۷,IRANSansMobile(FaNum)_Black.ttf
7\7_000978.png,7,۷,IRANSansMobile(FaNum)_Bold.ttf
7\7_000979.png,7,۷,IRANSansMobile(FaNum)_Light.ttf
7\7_000980.png,7,۷,arial.ttf
7\7_000981.png,7,۷,arialbd.ttf
7\7_000982.png,7,۷,BNazanin.ttf
7\7_000983.png,7,۷,BYekan.ttf
7\7_000984.png,7,۷,IRANSans(FaNum).ttf
7\7_000985.png,7,۷,IRANSans(FaNum)_Black.ttf
7\7_000986.png,7,۷,IRANSans(FaNum)_Bold.ttf
7\7_000987.png,7,۷,IRANSans(FaNum)_Light.ttf
7\7_000988.png,7,۷,IRANSans(FaNum)_Medium.ttf
7\7_000989.png,7,۷,IRANSans(FaNum)_UltraLight.ttf
7\7_000990.png,7,۷,IRANSans.ttf
7\7_000991.png,7,۷,IRANSans_Black.ttf
7\7_000992.png,7,۷,IRANSans_Bold.ttf
7\7_000993.png,7,۷,IRANSans_Light.ttf
7\7_000994.png,7,۷,IRANSans_Medium.ttf
7\7_000995.png,7,۷,IRANSans_UltraLight.ttf
7\7_000996.png,7,۷,IRANSansMobile(FaNum).ttf
7\7_000997.png,7,۷,IRANSansMobile(FaNum)_Black.ttf
7\7_000998.png,7,۷,IRANSansMobile(FaNum)_Bold.ttf
7\7_000999.png,7,۷,IRANSansMobile(FaNum)_Light.ttf
8\8_000000.png,8,۸,arial.ttf
8\8_000001.png,8,۸,arialbd.ttf
8\8_000002.png,8,۸,BNazanin.ttf
8\8_000003.png,8,۸,BYekan.ttf
8\8_000004.png,8,۸,IRANSans(FaNum).ttf
8\8_000005.png,8,۸,IRANSans(FaNum)_Black.ttf
8\8_000006.png,8,۸,IRANSans(FaNum)_Bold.ttf
8\8_000007.png,8,۸,IRANSans(FaNum)_Light.ttf
8\8_000008.png,8,۸,IRANSans(FaNum)_Medium.ttf
8\8_000009.png,8,۸,IRANSans(FaNum)_UltraLight.ttf
8\8_000010.png,8,۸,IRANSans.ttf
8\8_000011.png,8,۸,IRANSans_Black.ttf
8\8_000012.png,8,۸,IRANSans_Bold.ttf
8\8_000013.png,8,۸,IRANSans_Light.ttf
8\8_000014.png,8,۸,IRANSans_Medium.ttf
8\8_000015.png,8,۸,IRANSans_UltraLight.ttf
8\8_000016.png,8,۸,IRANSansMobile(FaNum).ttf
8\8_000017.png,8,۸,IRANSansMobile(FaNum)_Black.ttf
8\8_000018.png,8,۸,IRANSansMobile(FaNum)_Bold.ttf
8\8_000019.png,8,۸,IRANSansMobile(FaNum)_Light.ttf
8\8_000020.png,8,۸,arial.ttf
8\8_000021.png,8,۸,arialbd.ttf
8\8_000022.png,8,۸,BNazanin.ttf
8\8_000023.png,8,۸,BYekan.ttf
8\8_000024.png,8,۸,IRANSans(FaNum).ttf
8\8_000025.png,8,۸,IRANSans(FaNum)_Black.ttf
8\8_000026.png,8,۸,IRANSans(FaNum)_Bold.ttf
8\8_000027.png,8,۸,IRANSans(FaNum)_Light.ttf
8\8_000028.png,8,۸,IRANSans(FaNum)_Medium.ttf
8\8_000029.png,8,۸,IRANSans(FaNum)_UltraLight.ttf
8\8_000030.png,8,۸,IRANSans.ttf
8\8_000031.png,8,۸,IRANSans_Black.ttf
8\8_000032.png,8,۸,IRANSans_Bold.ttf
8\8_000033.png,8,۸,IRANSans_Light.ttf
8\8_000034.png,8,۸,IRANSans_Medium.ttf
8\8_000035.png,8,۸,IRANSans_UltraLight.ttf
8\8_000036.png,8,۸,IRANSansMobile(FaNum).ttf
8\8_000037.png,8,۸,IRANSansMobile(FaNum)_Black.ttf
8\8_000038.png,8,۸,IRANSansMobile(FaNum)_Bold.ttf
8\8_000039.png,8,۸,IRANSansMobile(FaNum)_Light.ttf
8\8_000040.png,8,۸,arial.ttf
8\8_000041.png,8,۸,arialbd.ttf
8\8_000042.png,8,۸,BNazanin.ttf
8\8_000043.png,8,۸,BYekan.ttf
8\8_000044.png,8,۸,IRANSans(FaNum).ttf
8\8_000045.png,8,۸,IRANSans(FaNum)_Black.ttf
8\8_000046.png,8,۸,IRANSans(FaNum)_Bold.ttf
8\8_000047.png,8,۸,IRANSans(FaNum)_Light.ttf
8\8_000048.png,8,۸,IRANSans(FaNum)_Medium.ttf
8\8_000049.png,8,۸,IRANSans(FaNum)_UltraLight.ttf
8\8_000050.png,8,۸,IRANSans.ttf
8\8_000051.png,8,۸,IRANSans_Black.ttf
8\8_000052.png,8,۸,IRANSans_Bold.ttf
8\8_000053.png,8,۸,IRANSans_Light.ttf
8\8_000054.png,8,۸,IRANSans_Medium.ttf
8\8_000055.png,8,۸,IRANSans_UltraLight.ttf
8\8_000056.png,8,۸,IRANSansMobile(FaNum).ttf
8\8_000057.png,8,۸,IRANSansMobile(FaNum)_Black.ttf
8\8_000058.png,8,۸,IRANSansMobile(FaNum)_Bold.ttf
8\8_000059.png,8,۸,IRANSansMobile(FaNum)_Light.ttf
8\8_000060.png,8,۸,arial.ttf
8\8_000061.png,8,۸,arialbd.ttf
8\8_000062.png,8,۸,BNazanin.ttf
8\8_000063.png,8,۸,BYekan.ttf
8\8_000064.png,8,۸,IRANSans(FaNum).ttf
8\8_000065.png,8,۸,IRANSans(FaNum)_Black.ttf
8\8_000066.png,8,۸,IRANSans(FaNum)_Bold.ttf
8\8_000067.png,8,۸,IRANSans(FaNum)_Light.ttf
8\8_000068.png,8,۸,IRANSans(FaNum)_Medium.ttf
8\8_000069.png,8,۸,IRANSans(FaNum)_UltraLight.ttf
8\8_000070.png,8,۸,IRANSans.ttf
8\8_000071.png,8,۸,IRANSans_Black.ttf
8\8_000072.png,8,۸,IRANSans_Bold.ttf
8\8_000073.png,8,۸,IRANSans_Light.ttf
8\8_000074.png,8,۸,IRANSans_Medium.ttf
8\8_000075.png,8,۸,IRANSans_UltraLight.ttf
8\8_000076.png,8,۸,IRANSansMobile(FaNum).ttf
8\8_000077.png,8,۸,IRANSansMobile(FaNum)_Black.ttf
8\8_000078.png,8,۸,IRANSansMobile(FaNum)_Bold.ttf
8\8_000079.png,8,۸,IRANSansMobile(FaNum)_Light.ttf
8\8_000080.png,8,۸,arial.ttf
8\8_000081.png,8,۸,arialbd.ttf
8\8_000082.png,8,۸,BNazanin.ttf
8\8_000083.png,8,۸,BYekan.ttf
8\8_000084.png,8,۸,IRANSans(FaNum).ttf
8\8_000085.png,8,۸,IRANSans(FaNum)_Black.ttf
8\8_000086.png,8,۸,IRANSans(FaNum)_Bold.ttf
8\8_000087.png,8,۸,IRANSans(FaNum)_Light.ttf
8\8_000088.png,8,۸,IRANSans(FaNum)_Medium.ttf
8\8_000089.png,8,۸,IRANSans(FaNum)_UltraLight.ttf
8\8_000090.png,8,۸,IRANSans.ttf
8\8_000091.png,8,۸,IRANSans_Black.ttf
8\8_000092.png,8,۸,IRANSans_Bold.ttf
8\8_000093.png,8,۸,IRANSans_Light.ttf
8\8_000094.png,8,۸,IRANSans_Medium.ttf
8\8_000095.png,8,۸,IRANSans_UltraLight.ttf
8\8_000096.png,8,۸,IRANSansMobile(FaNum).ttf
8\8_000097.png,8,۸,IRANSansMobile(FaNum)_Black.ttf
8\8_000098.png,8,۸,IRANSansMobile(FaNum)_Bold.ttf
8\8_000099.png,8,۸,IRANSansMobile(FaNum)_Light.ttf
8\8_000100.png,8,۸,arial.ttf
8\8_000101.png,8,۸,arialbd.ttf
8\8_000102.png,8,۸,BNazanin.ttf
8\8_000103.png,8,۸,BYekan.ttf
8\8_000104.png,8,۸,IRANSans(FaNum).ttf
8\8_000105.png,8,۸,IRANSans(FaNum)_Black.ttf
8\8_000106.png,8,۸,IRANSans(FaNum)_Bold.ttf
8\8_000107.png,8,۸,IRANSans(FaNum)_Light.ttf
8\8_000108.png,8,۸,IRANSans(FaNum)_Medium.ttf
8\8_000109.png,8,۸,IRANSans(FaNum)_UltraLight.ttf
8\8_000110.png,8,۸,IRANSans.ttf
8\8_000111.png,8,۸,IRANSans_Black.ttf
8\8_000112.png,8,۸,IRANSans_Bold.ttf
8\8_000113.png,8,۸,IRANSans_Light.ttf
8\8_000114.png,8,۸,IRANSans_Medium.ttf
8\8_000115.png,8,۸,IRANSans_UltraLight.ttf
8\8_000116.png,8,۸,IRANSansMobile(FaNum).ttf
8\8_000117.png,8,۸,IRANSansMobile(FaNum)_Black.ttf
8\8_000118.png,8,۸,IRANSansMobile(FaNum)_Bold.ttf
8\8_000119.png,8,۸,IRANSansMobile(FaNum)_Light.ttf
8\8_000120.png,8,۸,arial.ttf
8\8_000121.png,8,۸,arialbd.ttf
8\8_000122.png,8,۸,BNazanin.ttf
8\8_000123.png,8,۸,BYekan.ttf
8\8_000124.png,8,۸,IRANSans(FaNum).ttf
8\8_000125.png,8,۸,IRANSans(FaNum)_Black.ttf
8\8_000126.png,8,۸,IRANSans(FaNum)_Bold.ttf
8\8_000127.png,8,۸,IRANSans(FaNum)_Light.ttf
8\8_000128.png,8,۸,IRANSans(FaNum)_Medium.ttf
8\8_000129.png,8,۸,IRANSans(FaNum)_UltraLight.ttf
8\8_000130.png,8,۸,IRANSans.ttf
8\8_000131.png,8,۸,IRANSans_Black.ttf
8\8_000132.png,8,۸,IRANSans_Bold.ttf
8\8_000133.png,8,۸,IRANSans_Light.ttf
8\8_000134.png,8,۸,IRANSans_Medium.ttf
8\8_000135.png,8,۸,IRANSans_UltraLight.ttf
8\8_000136.png,8,۸,IRANSansMobile(FaNum).ttf
8\8_000137.png,8,۸,IRANSansMobile(FaNum)_Black.ttf
8\8_000138.png,8,۸,IRANSansMobile(FaNum)_Bold.ttf
8\8_000139.png,8,۸,IRANSansMobile(FaNum)_Light.ttf
8\8_000140.png,8,۸,arial.ttf
8\8_000141.png,8,۸,arialbd.ttf
8\8_000142.png,8,۸,BNazanin.ttf
8\8_000143.png,8,۸,BYekan.ttf
8\8_000144.png,8,۸,IRANSans(FaNum).ttf
8\8_000145.png,8,۸,IRANSans(FaNum)_Black.ttf
8\8_000146.png,8,۸,IRANSans(FaNum)_Bold.ttf
8\8_000147.png,8,۸,IRANSans(FaNum)_Light.ttf
8\8_000148.png,8,۸,IRANSans(FaNum)_Medium.ttf
8\8_000149.png,8,۸,IRANSans(FaNum)_UltraLight.ttf
8\8_000150.png,8,۸,IRANSans.ttf
8\8_000151.png,8,۸,IRANSans_Black.ttf
8\8_000152.png,8,۸,IRANSans_Bold.ttf
8\8_000153.png,8,۸,IRANSans_Light.ttf
8\8_000154.png,8,۸,IRANSans_Medium.ttf
8\8_000155.png,8,۸,IRANSans_UltraLight.ttf
8\8_000156.png,8,۸,IRANSansMobile(FaNum).ttf
8\8_000157.png,8,۸,IRANSansMobile(FaNum)_Black.ttf
8\8_000158.png,8,۸,IRANSansMobile(FaNum)_Bold.ttf
8\8_000159.png,8,۸,IRANSansMobile(FaNum)_Light.ttf
8\8_000160.png,8,۸,arial.ttf
8\8_000161.png,8,۸,arialbd.ttf
8\8_000162.png,8,۸,BNazanin.ttf
8\8_000163.png,8,۸,BYekan.ttf
8\8_000164.png,8,۸,IRANSans(FaNum).ttf
8\8_000165.png,8,۸,IRANSans(FaNum)_Black.ttf
8\8_000166.png,8,۸,IRANSans(FaNum)_Bold.ttf
8\8_000167.png,8,۸,IRANSans(FaNum)_Light.ttf
8\8_000168.png,8,۸,IRANSans(FaNum)_Medium.ttf
8\8_000169.png,8,۸,IRANSans(FaNum)_UltraLight.ttf
8\8_000170.png,8,۸,IRANSans.ttf
8\8_000171.png,8,۸,IRANSans_Black.ttf
8\8_000172.png,8,۸,IRANSans_Bold.ttf
8\8_000173.png,8,۸,IRANSans_Light.ttf
8\8_000174.png,8,۸,IRANSans_Medium.ttf
8\8_000175.png,8,۸,IRANSans_UltraLight.ttf
8\8_000176.png,8,۸,IRANSansMobile(FaNum).ttf
8\8_000177.png,8,۸,IRANSansMobile(FaNum)_Black.ttf
8\8_000178.png,8,۸,IRANSansMobile(FaNum)_Bold.ttf
8\8_000179.png,8,۸,IRANSansMobile(FaNum)_Light.ttf
8\8_000180.png,8,۸,arial.ttf
8\8_000181.png,8,۸,arialbd.ttf
8\8_000182.png,8,۸,BNazanin.ttf
8\8_000183.png,8,۸,BYekan.ttf
8\8_000184.png,8,۸,IRANSans(FaNum).ttf
8\8_000185.png,8,۸,IRANSans(FaNum)_Black.ttf
8\8_000186.png,8,۸,IRANSans(FaNum)_Bold.ttf
8\8_000187.png,8,۸,IRANSans(FaNum)_Light.ttf
8\8_000188.png,8,۸,IRANSans(FaNum)_Medium.ttf
8\8_000189.png,8,۸,IRANSans(FaNum)_UltraLight.ttf
8\8_000190.png,8,۸,IRANSans.ttf
8\8_000191.png,8,۸,IRANSans_Black.ttf
8\8_000192.png,8,۸,IRANSans_Bold.ttf
8\8_000193.png,8,۸,IRANSans_Light.ttf
8\8_000194.png,8,۸,IRANSans_Medium.ttf
8\8_000195.png,8,۸,IRANSans_UltraLight.ttf
8\8_000196.png,8,۸,IRANSansMobile(FaNum).ttf
8\8_000197.png,8,۸,IRANSansMobile(FaNum)_Black.ttf
8\8_000198.png,8,۸,IRANSansMobile(FaNum)_Bold.ttf
8\8_000199.png,8,۸,IRANSansMobile(FaNum)_Light.ttf
8\8_000200.png,8,۸,arial.ttf
8\8_000201.png,8,۸,arialbd.ttf
8\8_000202.png,8,۸,BNazanin.ttf
8\8_000203.png,8,۸,BYekan.ttf
8\8_000204.png,8,۸,IRANSans(FaNum).ttf
8\8_000205.png,8,۸,IRANSans(FaNum)_Black.ttf
8\8_000206.png,8,۸,IRANSans(FaNum)_Bold.ttf
8\8_000207.png,8,۸,IRANSans(FaNum)_Light.ttf
8\8_000208.png,8,۸,IRANSans(FaNum)_Medium.ttf
8\8_000209.png,8,۸,IRANSans(FaNum)_UltraLight.ttf
8\8_000210.png,8,۸,IRANSans.ttf
8\8_000211.png,8,۸,IRANSans_Black.ttf
8\8_000212.png,8,۸,IRANSans_Bold.ttf
8\8_000213.png,8,۸,IRANSans_Light.ttf
8\8_000214.png,8,۸,IRANSans_Medium.ttf
8\8_000215.png,8,۸,IRANSans_UltraLight.ttf
8\8_000216.png,8,۸,IRANSansMobile(FaNum).ttf
8\8_000217.png,8,۸,IRANSansMobile(FaNum)_Black.ttf
8\8_000218.png,8,۸,IRANSansMobile(FaNum)_Bold.ttf
8\8_000219.png,8,۸,IRANSansMobile(FaNum)_Light.ttf
8\8_000220.png,8,۸,arial.ttf
8\8_000221.png,8,۸,arialbd.ttf
8\8_000222.png,8,۸,BNazanin.ttf
8\8_000223.png,8,۸,BYekan.ttf
8\8_000224.png,8,۸,IRANSans(FaNum).ttf
8\8_000225.png,8,۸,IRANSans(FaNum)_Black.ttf
8\8_000226.png,8,۸,IRANSans(FaNum)_Bold.ttf
8\8_000227.png,8,۸,IRANSans(FaNum)_Light.ttf
8\8_000228.png,8,۸,IRANSans(FaNum)_Medium.ttf
8\8_000229.png,8,۸,IRANSans(FaNum)_UltraLight.ttf
8\8_000230.png,8,۸,IRANSans.ttf
8\8_000231.png,8,۸,IRANSans_Black.ttf
8\8_000232.png,8,۸,IRANSans_Bold.ttf
8\8_000233.png,8,۸,IRANSans_Light.ttf
8\8_000234.png,8,۸,IRANSans_Medium.ttf
8\8_000235.png,8,۸,IRANSans_UltraLight.ttf
8\8_000236.png,8,۸,IRANSansMobile(FaNum).ttf
8\8_000237.png,8,۸,IRANSansMobile(FaNum)_Black.ttf
8\8_000238.png,8,۸,IRANSansMobile(FaNum)_Bold.ttf
8\8_000239.png,8,۸,IRANSansMobile(FaNum)_Light.ttf
8\8_000240.png,8,۸,arial.ttf
8\8_000241.png,8,۸,arialbd.ttf
8\8_000242.png,8,۸,BNazanin.ttf
8\8_000243.png,8,۸,BYekan.ttf
8\8_000244.png,8,۸,IRANSans(FaNum).ttf
8\8_000245.png,8,۸,IRANSans(FaNum)_Black.ttf
8\8_000246.png,8,۸,IRANSans(FaNum)_Bold.ttf
8\8_000247.png,8,۸,IRANSans(FaNum)_Light.ttf
8\8_000248.png,8,۸,IRANSans(FaNum)_Medium.ttf
8\8_000249.png,8,۸,IRANSans(FaNum)_UltraLight.ttf
8\8_000250.png,8,۸,IRANSans.ttf
8\8_000251.png,8,۸,IRANSans_Black.ttf
8\8_000252.png,8,۸,IRANSans_Bold.ttf
8\8_000253.png,8,۸,IRANSans_Light.ttf
8\8_000254.png,8,۸,IRANSans_Medium.ttf
8\8_000255.png,8,۸,IRANSans_UltraLight.ttf
8\8_000256.png,8,۸,IRANSansMobile(FaNum).ttf
8\8_000257.png,8,۸,IRANSansMobile(FaNum)_Black.ttf
8\8_000258.png,8,۸,IRANSansMobile(FaNum)_Bold.ttf
8\8_000259.png,8,۸,IRANSansMobile(FaNum)_Light.ttf
8\8_000260.png,8,۸,arial.ttf
8\8_000261.png,8,۸,arialbd.ttf
8\8_000262.png,8,۸,BNazanin.ttf
8\8_000263.png,8,۸,BYekan.ttf
8\8_000264.png,8,۸,IRANSans(FaNum).ttf
8\8_000265.png,8,۸,IRANSans(FaNum)_Black.ttf
8\8_000266.png,8,۸,IRANSans(FaNum)_Bold.ttf
8\8_000267.png,8,۸,IRANSans(FaNum)_Light.ttf
8\8_000268.png,8,۸,IRANSans(FaNum)_Medium.ttf
8\8_000269.png,8,۸,IRANSans(FaNum)_UltraLight.ttf
8\8_000270.png,8,۸,IRANSans.ttf
8\8_000271.png,8,۸,IRANSans_Black.ttf
8\8_000272.png,8,۸,IRANSans_Bold.ttf
8\8_000273.png,8,۸,IRANSans_Light.ttf
8\8_000274.png,8,۸,IRANSans_Medium.ttf
8\8_000275.png,8,۸,IRANSans_UltraLight.ttf
8\8_000276.png,8,۸,IRANSansMobile(FaNum).ttf
8\8_000277.png,8,۸,IRANSansMobile(FaNum)_Black.ttf
8\8_000278.png,8,۸,IRANSansMobile(FaNum)_Bold.ttf
8\8_000279.png,8,۸,IRANSansMobile(FaNum)_Light.ttf
8\8_000280.png,8,۸,arial.ttf
8\8_000281.png,8,۸,arialbd.ttf
8\8_000282.png,8,۸,BNazanin.ttf
8\8_000283.png,8,۸,BYekan.ttf
8\8_000284.png,8,۸,IRANSans(FaNum).ttf
8\8_000285.png,8,۸,IRANSans(FaNum)_Black.ttf
8\8_000286.png,8,۸,IRANSans(FaNum)_Bold.ttf
8\8_000287.png,8,۸,IRANSans(FaNum)_Light.ttf
8\8_000288.png,8,۸,IRANSans(FaNum)_Medium.ttf
8\8_000289.png,8,۸,IRANSans(FaNum)_UltraLight.ttf
8\8_000290.png,8,۸,IRANSans.ttf
8\8_000291.png,8,۸,IRANSans_Black.ttf
8\8_000292.png,8,۸,IRANSans_Bold.ttf
8\8_000293.png,8,۸,IRANSans_Light.ttf
8\8_000294.png,8,۸,IRANSans_Medium.ttf
8\8_000295.png,8,۸,IRANSans_UltraLight.ttf
8\8_000296.png,8,۸,IRANSansMobile(FaNum).ttf
8\8_000297.png,8,۸,IRANSansMobile(FaNum)_Black.ttf
8\8_000298.png,8,۸,IRANSansMobile(FaNum)_Bold.ttf
8\8_000299.png,8,۸,IRANSansMobile(FaNum)_Light.ttf
8\8_000300.png,8,۸,arial.ttf
8\8_000301.png,8,۸,arialbd.ttf
8\8_000302.png,8,۸,BNazanin.ttf
8\8_000303.png,8,۸,BYekan.ttf
8\8_000304.png,8,۸,IRANSans(FaNum).ttf
8\8_000305.png,8,۸,IRANSans(FaNum)_Black.ttf
8\8_000306.png,8,۸,IRANSans(FaNum)_Bold.ttf
8\8_000307.png,8,۸,IRANSans(FaNum)_Light.ttf
8\8_000308.png,8,۸,IRANSans(FaNum)_Medium.ttf
8\8_000309.png,8,۸,IRANSans(FaNum)_UltraLight.ttf
8\8_000310.png,8,۸,IRANSans.ttf
8\8_000311.png,8,۸,IRANSans_Black.ttf
8\8_000312.png,8,۸,IRANSans_Bold.ttf
8\8_000313.png,8,۸,IRANSans_Light.ttf
8\8_000314.png,8,۸,IRANSans_Medium.ttf
8\8_000315.png,8,۸,IRANSans_UltraLight.ttf
8\8_000316.png,8,۸,IRANSansMobile(FaNum).ttf
8\8_000317.png,8,۸,IRANSansMobile(FaNum)_Black.ttf
8\8_000318.png,8,۸,IRANSansMobile(FaNum)_Bold.ttf
8\8_000319.png,8,۸,IRANSansMobile(FaNum)_Light.ttf
8\8_000320.png,8,۸,arial.ttf
8\8_000321.png,8,۸,arialbd.ttf
8\8_000322.png,8,۸,BNazanin.ttf
8\8_000323.png,8,۸,BYekan.ttf
8\8_000324.png,8,۸,IRANSans(FaNum).ttf
8\8_000325.png,8,۸,IRANSans(FaNum)_Black.ttf
8\8_000326.png,8,۸,IRANSans(FaNum)_Bold.ttf
8\8_000327.png,8,۸,IRANSans(FaNum)_Light.ttf
8\8_000328.png,8,۸,IRANSans(FaNum)_Medium.ttf
8\8_000329.png,8,۸,IRANSans(FaNum)_UltraLight.ttf
8\8_000330.png,8,۸,IRANSans.ttf
8\8_000331.png,8,۸,IRANSans_Black.ttf
8\8_000332.png,8,۸,IRANSans_Bold.ttf
8\8_000333.png,8,۸,IRANSans_Light.ttf
8\8_000334.png,8,۸,IRANSans_Medium.ttf
8\8_000335.png,8,۸,IRANSans_UltraLight.ttf
8\8_000336.png,8,۸,IRANSansMobile(FaNum).ttf
8\8_000337.png,8,۸,IRANSansMobile(FaNum)_Black.ttf
8\8_000338.png,8,۸,IRANSansMobile(FaNum)_Bold.ttf
8\8_000339.png,8,۸,IRANSansMobile(FaNum)_Light.ttf
8\8_000340.png,8,۸,arial.ttf
8\8_000341.png,8,۸,arialbd.ttf
8\8_000342.png,8,۸,BNazanin.ttf
8\8_000343.png,8,۸,BYekan.ttf
8\8_000344.png,8,۸,IRANSans(FaNum).ttf
8\8_000345.png,8,۸,IRANSans(FaNum)_Black.ttf
8\8_000346.png,8,۸,IRANSans(FaNum)_Bold.ttf
8\8_000347.png,8,۸,IRANSans(FaNum)_Light.ttf
8\8_000348.png,8,۸,IRANSans(FaNum)_Medium.ttf
8\8_000349.png,8,۸,IRANSans(FaNum)_UltraLight.ttf
8\8_000350.png,8,۸,IRANSans.ttf
8\8_000351.png,8,۸,IRANSans_Black.ttf
8\8_000352.png,8,۸,IRANSans_Bold.ttf
8\8_000353.png,8,۸,IRANSans_Light.ttf
8\8_000354.png,8,۸,IRANSans_Medium.ttf
8\8_000355.png,8,۸,IRANSans_UltraLight.ttf
8\8_000356.png,8,۸,IRANSansMobile(FaNum).ttf
8\8_000357.png,8,۸,IRANSansMobile(FaNum)_Black.ttf
8\8_000358.png,8,۸,IRANSansMobile(FaNum)_Bold.ttf
8\8_000359.png,8,۸,IRANSansMobile(FaNum)_Light.ttf
8\8_000360.png,8,۸,arial.ttf
8\8_000361.png,8,۸,arialbd.ttf
8\8_000362.png,8,۸,BNazanin.ttf
8\8_000363.png,8,۸,BYekan.ttf
8\8_000364.png,8,۸,IRANSans(FaNum).ttf
8\8_000365.png,8,۸,IRANSans(FaNum)_Black.ttf
8\8_000366.png,8,۸,IRANSans(FaNum)_Bold.ttf
8\8_000367.png,8,۸,IRANSans(FaNum)_Light.ttf
8\8_000368.png,8,۸,IRANSans(FaNum)_Medium.ttf
8\8_000369.png,8,۸,IRANSans(FaNum)_UltraLight.ttf
8\8_000370.png,8,۸,IRANSans.ttf
8\8_000371.png,8,۸,IRANSans_Black.ttf
8\8_000372.png,8,۸,IRANSans_Bold.ttf
8\8_000373.png,8,۸,IRANSans_Light.ttf
8\8_000374.png,8,۸,IRANSans_Medium.ttf
8\8_000375.png,8,۸,IRANSans_UltraLight.ttf
8\8_000376.png,8,۸,IRANSansMobile(FaNum).ttf
8\8_000377.png,8,۸,IRANSansMobile(FaNum)_Black.ttf
8\8_000378.png,8,۸,IRANSansMobile(FaNum)_Bold.ttf
8\8_000379.png,8,۸,IRANSansMobile(FaNum)_Light.ttf
8\8_000380.png,8,۸,arial.ttf
8\8_000381.png,8,۸,arialbd.ttf
8\8_000382.png,8,۸,BNazanin.ttf
8\8_000383.png,8,۸,BYekan.ttf
8\8_000384.png,8,۸,IRANSans(FaNum).ttf
8\8_000385.png,8,۸,IRANSans(FaNum)_Black.ttf
8\8_000386.png,8,۸,IRANSans(FaNum)_Bold.ttf
8\8_000387.png,8,۸,IRANSans(FaNum)_Light.ttf
8\8_000388.png,8,۸,IRANSans(FaNum)_Medium.ttf
8\8_000389.png,8,۸,IRANSans(FaNum)_UltraLight.ttf
8\8_000390.png,8,۸,IRANSans.ttf
8\8_000391.png,8,۸,IRANSans_Black.ttf
8\8_000392.png,8,۸,IRANSans_Bold.ttf
8\8_000393.png,8,۸,IRANSans_Light.ttf
8\8_000394.png,8,۸,IRANSans_Medium.ttf
8\8_000395.png,8,۸,IRANSans_UltraLight.ttf
8\8_000396.png,8,۸,IRANSansMobile(FaNum).ttf
8\8_000397.png,8,۸,IRANSansMobile(FaNum)_Black.ttf
8\8_000398.png,8,۸,IRANSansMobile(FaNum)_Bold.ttf
8\8_000399.png,8,۸,IRANSansMobile(FaNum)_Light.ttf
8\8_000400.png,8,۸,arial.ttf
8\8_000401.png,8,۸,arialbd.ttf
8\8_000402.png,8,۸,BNazanin.ttf
8\8_000403.png,8,۸,BYekan.ttf
8\8_000404.png,8,۸,IRANSans(FaNum).ttf
8\8_000405.png,8,۸,IRANSans(FaNum)_Black.ttf
8\8_000406.png,8,۸,IRANSans(FaNum)_Bold.ttf
8\8_000407.png,8,۸,IRANSans(FaNum)_Light.ttf
8\8_000408.png,8,۸,IRANSans(FaNum)_Medium.ttf
8\8_000409.png,8,۸,IRANSans(FaNum)_UltraLight.ttf
8\8_000410.png,8,۸,IRANSans.ttf
8\8_000411.png,8,۸,IRANSans_Black.ttf
8\8_000412.png,8,۸,IRANSans_Bold.ttf
8\8_000413.png,8,۸,IRANSans_Light.ttf
8\8_000414.png,8,۸,IRANSans_Medium.ttf
8\8_000415.png,8,۸,IRANSans_UltraLight.ttf
8\8_000416.png,8,۸,IRANSansMobile(FaNum).ttf
8\8_000417.png,8,۸,IRANSansMobile(FaNum)_Black.ttf
8\8_000418.png,8,۸,IRANSansMobile(FaNum)_Bold.ttf
8\8_000419.png,8,۸,IRANSansMobile(FaNum)_Light.ttf
8\8_000420.png,8,۸,arial.ttf
8\8_000421.png,8,۸,arialbd.ttf
8\8_000422.png,8,۸,BNazanin.ttf
8\8_000423.png,8,۸,BYekan.ttf
8\8_000424.png,8,۸,IRANSans(FaNum).ttf
8\8_000425.png,8,۸,IRANSans(FaNum)_Black.ttf
8\8_000426.png,8,۸,IRANSans(FaNum)_Bold.ttf
8\8_000427.png,8,۸,IRANSans(FaNum)_Light.ttf
8\8_000428.png,8,۸,IRANSans(FaNum)_Medium.ttf
8\8_000429.png,8,۸,IRANSans(FaNum)_UltraLight.ttf
8\8_000430.png,8,۸,IRANSans.ttf
8\8_000431.png,8,۸,IRANSans_Black.ttf
8\8_000432.png,8,۸,IRANSans_Bold.ttf
8\8_000433.png,8,۸,IRANSans_Light.ttf
8\8_000434.png,8,۸,IRANSans_Medium.ttf
8\8_000435.png,8,۸,IRANSans_UltraLight.ttf
8\8_000436.png,8,۸,IRANSansMobile(FaNum).ttf
8\8_000437.png,8,۸,IRANSansMobile(FaNum)_Black.ttf
8\8_000438.png,8,۸,IRANSansMobile(FaNum)_Bold.ttf
8\8_000439.png,8,۸,IRANSansMobile(FaNum)_Light.ttf
8\8_000440.png,8,۸,arial.ttf
8\8_000441.png,8,۸,arialbd.ttf
8\8_000442.png,8,۸,BNazanin.ttf
8\8_000443.png,8,۸,BYekan.ttf
8\8_000444.png,8,۸,IRANSans(FaNum).ttf
8\8_000445.png,8,۸,IRANSans(FaNum)_Black.ttf
8\8_000446.png,8,۸,IRANSans(FaNum)_Bold.ttf
8\8_000447.png,8,۸,IRANSans(FaNum)_Light.ttf
8\8_000448.png,8,۸,IRANSans(FaNum)_Medium.ttf
8\8_000449.png,8,۸,IRANSans(FaNum)_UltraLight.ttf
8\8_000450.png,8,۸,IRANSans.ttf
8\8_000451.png,8,۸,IRANSans_Black.ttf
8\8_000452.png,8,۸,IRANSans_Bold.ttf
8\8_000453.png,8,۸,IRANSans_Light.ttf
8\8_000454.png,8,۸,IRANSans_Medium.ttf
8\8_000455.png,8,۸,IRANSans_UltraLight.ttf
8\8_000456.png,8,۸,IRANSansMobile(FaNum).ttf
8\8_000457.png,8,۸,IRANSansMobile(FaNum)_Black.ttf
8\8_000458.png,8,۸,IRANSansMobile(FaNum)_Bold.ttf
8\8_000459.png,8,۸,IRANSansMobile(FaNum)_Light.ttf
8\8_000460.png,8,۸,arial.ttf
8\8_000461.png,8,۸,arialbd.ttf
8\8_000462.png,8,۸,BNazanin.ttf
8\8_000463.png,8,۸,BYekan.ttf
8\8_000464.png,8,۸,IRANSans(FaNum).ttf
8\8_000465.png,8,۸,IRANSans(FaNum)_Black.ttf
8\8_000466.png,8,۸,IRANSans(FaNum)_Bold.ttf
8\8_000467.png,8,۸,IRANSans(FaNum)_Light.ttf
8\8_000468.png,8,۸,IRANSans(FaNum)_Medium.ttf
8\8_000469.png,8,۸,IRANSans(FaNum)_UltraLight.ttf
8\8_000470.png,8,۸,IRANSans.ttf
8\8_000471.png,8,۸,IRANSans_Black.ttf
8\8_000472.png,8,۸,IRANSans_Bold.ttf
8\8_000473.png,8,۸,IRANSans_Light.ttf
8\8_000474.png,8,۸,IRANSans_Medium.ttf
8\8_000475.png,8,۸,IRANSans_UltraLight.ttf
8\8_000476.png,8,۸,IRANSansMobile(FaNum).ttf
8\8_000477.png,8,۸,IRANSansMobile(FaNum)_Black.ttf
8\8_000478.png,8,۸,IRANSansMobile(FaNum)_Bold.ttf
8\8_000479.png,8,۸,IRANSansMobile(FaNum)_Light.ttf
8\8_000480.png,8,۸,arial.ttf
8\8_000481.png,8,۸,arialbd.ttf
8\8_000482.png,8,۸,BNazanin.ttf
8\8_000483.png,8,۸,BYekan.ttf
8\8_000484.png,8,۸,IRANSans(FaNum).ttf
8\8_000485.png,8,۸,IRANSans(FaNum)_Black.ttf
8\8_000486.png,8,۸,IRANSans(FaNum)_Bold.ttf
8\8_000487.png,8,۸,IRANSans(FaNum)_Light.ttf
8\8_000488.png,8,۸,IRANSans(FaNum)_Medium.ttf
8\8_000489.png,8,۸,IRANSans(FaNum)_UltraLight.ttf
8\8_000490.png,8,۸,IRANSans.ttf
8\8_000491.png,8,۸,IRANSans_Black.ttf
8\8_000492.png,8,۸,IRANSans_Bold.ttf
8\8_000493.png,8,۸,IRANSans_Light.ttf
8\8_000494.png,8,۸,IRANSans_Medium.ttf
8\8_000495.png,8,۸,IRANSans_UltraLight.ttf
8\8_000496.png,8,۸,IRANSansMobile(FaNum).ttf
8\8_000497.png,8,۸,IRANSansMobile(FaNum)_Black.ttf
8\8_000498.png,8,۸,IRANSansMobile(FaNum)_Bold.ttf
8\8_000499.png,8,۸,IRANSansMobile(FaNum)_Light.ttf
8\8_000500.png,8,۸,arial.ttf
8\8_000501.png,8,۸,arialbd.ttf
8\8_000502.png,8,۸,BNazanin.ttf
8\8_000503.png,8,۸,BYekan.ttf
8\8_000504.png,8,۸,IRANSans(FaNum).ttf
8\8_000505.png,8,۸,IRANSans(FaNum)_Black.ttf
8\8_000506.png,8,۸,IRANSans(FaNum)_Bold.ttf
8\8_000507.png,8,۸,IRANSans(FaNum)_Light.ttf
8\8_000508.png,8,۸,IRANSans(FaNum)_Medium.ttf
8\8_000509.png,8,۸,IRANSans(FaNum)_UltraLight.ttf
8\8_000510.png,8,۸,IRANSans.ttf
8\8_000511.png,8,۸,IRANSans_Black.ttf
8\8_000512.png,8,۸,IRANSans_Bold.ttf
8\8_000513.png,8,۸,IRANSans_Light.ttf
8\8_000514.png,8,۸,IRANSans_Medium.ttf
8\8_000515.png,8,۸,IRANSans_UltraLight.ttf
8\8_000516.png,8,۸,IRANSansMobile(FaNum).ttf
8\8_000517.png,8,۸,IRANSansMobile(FaNum)_Black.ttf
8\8_000518.png,8,۸,IRANSansMobile(FaNum)_Bold.ttf
8\8_000519.png,8,۸,IRANSansMobile(FaNum)_Light.ttf
8\8_000520.png,8,۸,arial.ttf
8\8_000521.png,8,۸,arialbd.ttf
8\8_000522.png,8,۸,BNazanin.ttf
8\8_000523.png,8,۸,BYekan.ttf
8\8_000524.png,8,۸,IRANSans(FaNum).ttf
8\8_000525.png,8,۸,IRANSans(FaNum)_Black.ttf
8\8_000526.png,8,۸,IRANSans(FaNum)_Bold.ttf
8\8_000527.png,8,۸,IRANSans(FaNum)_Light.ttf
8\8_000528.png,8,۸,IRANSans(FaNum)_Medium.ttf
8\8_000529.png,8,۸,IRANSans(FaNum)_UltraLight.ttf
8\8_000530.png,8,۸,IRANSans.ttf
8\8_000531.png,8,۸,IRANSans_Black.ttf
8\8_000532.png,8,۸,IRANSans_Bold.ttf
8\8_000533.png,8,۸,IRANSans_Light.ttf
8\8_000534.png,8,۸,IRANSans_Medium.ttf
8\8_000535.png,8,۸,IRANSans_UltraLight.ttf
8\8_000536.png,8,۸,IRANSansMobile(FaNum).ttf
8\8_000537.png,8,۸,IRANSansMobile(FaNum)_Black.ttf
8\8_000538.png,8,۸,IRANSansMobile(FaNum)_Bold.ttf
8\8_000539.png,8,۸,IRANSansMobile(FaNum)_Light.ttf
8\8_000540.png,8,۸,arial.ttf
8\8_000541.png,8,۸,arialbd.ttf
8\8_000542.png,8,۸,BNazanin.ttf
8\8_000543.png,8,۸,BYekan.ttf
8\8_000544.png,8,۸,IRANSans(FaNum).ttf
8\8_000545.png,8,۸,IRANSans(FaNum)_Black.ttf
8\8_000546.png,8,۸,IRANSans(FaNum)_Bold.ttf
8\8_000547.png,8,۸,IRANSans(FaNum)_Light.ttf
8\8_000548.png,8,۸,IRANSans(FaNum)_Medium.ttf
8\8_000549.png,8,۸,IRANSans(FaNum)_UltraLight.ttf
8\8_000550.png,8,۸,IRANSans.ttf
8\8_000551.png,8,۸,IRANSans_Black.ttf
8\8_000552.png,8,۸,IRANSans_Bold.ttf
8\8_000553.png,8,۸,IRANSans_Light.ttf
8\8_000554.png,8,۸,IRANSans_Medium.ttf
8\8_000555.png,8,۸,IRANSans_UltraLight.ttf
8\8_000556.png,8,۸,IRANSansMobile(FaNum).ttf
8\8_000557.png,8,۸,IRANSansMobile(FaNum)_Black.ttf
8\8_000558.png,8,۸,IRANSansMobile(FaNum)_Bold.ttf
8\8_000559.png,8,۸,IRANSansMobile(FaNum)_Light.ttf
8\8_000560.png,8,۸,arial.ttf
8\8_000561.png,8,۸,arialbd.ttf
8\8_000562.png,8,۸,BNazanin.ttf
8\8_000563.png,8,۸,BYekan.ttf
8\8_000564.png,8,۸,IRANSans(FaNum).ttf
8\8_000565.png,8,۸,IRANSans(FaNum)_Black.ttf
8\8_000566.png,8,۸,IRANSans(FaNum)_Bold.ttf
8\8_000567.png,8,۸,IRANSans(FaNum)_Light.ttf
8\8_000568.png,8,۸,IRANSans(FaNum)_Medium.ttf
8\8_000569.png,8,۸,IRANSans(FaNum)_UltraLight.ttf
8\8_000570.png,8,۸,IRANSans.ttf
8\8_000571.png,8,۸,IRANSans_Black.ttf
8\8_000572.png,8,۸,IRANSans_Bold.ttf
8\8_000573.png,8,۸,IRANSans_Light.ttf
8\8_000574.png,8,۸,IRANSans_Medium.ttf
8\8_000575.png,8,۸,IRANSans_UltraLight.ttf
8\8_000576.png,8,۸,IRANSansMobile(FaNum).ttf
8\8_000577.png,8,۸,IRANSansMobile(FaNum)_Black.ttf
8\8_000578.png,8,۸,IRANSansMobile(FaNum)_Bold.ttf
8\8_000579.png,8,۸,IRANSansMobile(FaNum)_Light.ttf
8\8_000580.png,8,۸,arial.ttf
8\8_000581.png,8,۸,arialbd.ttf
8\8_000582.png,8,۸,BNazanin.ttf
8\8_000583.png,8,۸,BYekan.ttf
8\8_000584.png,8,۸,IRANSans(FaNum).ttf
8\8_000585.png,8,۸,IRANSans(FaNum)_Black.ttf
8\8_000586.png,8,۸,IRANSans(FaNum)_Bold.ttf
8\8_000587.png,8,۸,IRANSans(FaNum)_Light.ttf
8\8_000588.png,8,۸,IRANSans(FaNum)_Medium.ttf
8\8_000589.png,8,۸,IRANSans(FaNum)_UltraLight.ttf
8\8_000590.png,8,۸,IRANSans.ttf
8\8_000591.png,8,۸,IRANSans_Black.ttf
8\8_000592.png,8,۸,IRANSans_Bold.ttf
8\8_000593.png,8,۸,IRANSans_Light.ttf
8\8_000594.png,8,۸,IRANSans_Medium.ttf
8\8_000595.png,8,۸,IRANSans_UltraLight.ttf
8\8_000596.png,8,۸,IRANSansMobile(FaNum).ttf
8\8_000597.png,8,۸,IRANSansMobile(FaNum)_Black.ttf
8\8_000598.png,8,۸,IRANSansMobile(FaNum)_Bold.ttf
8\8_000599.png,8,۸,IRANSansMobile(FaNum)_Light.ttf
8\8_000600.png,8,۸,arial.ttf
8\8_000601.png,8,۸,arialbd.ttf
8\8_000602.png,8,۸,BNazanin.ttf
8\8_000603.png,8,۸,BYekan.ttf
8\8_000604.png,8,۸,IRANSans(FaNum).ttf
8\8_000605.png,8,۸,IRANSans(FaNum)_Black.ttf
8\8_000606.png,8,۸,IRANSans(FaNum)_Bold.ttf
8\8_000607.png,8,۸,IRANSans(FaNum)_Light.ttf
8\8_000608.png,8,۸,IRANSans(FaNum)_Medium.ttf
8\8_000609.png,8,۸,IRANSans(FaNum)_UltraLight.ttf
8\8_000610.png,8,۸,IRANSans.ttf
8\8_000611.png,8,۸,IRANSans_Black.ttf
8\8_000612.png,8,۸,IRANSans_Bold.ttf
8\8_000613.png,8,۸,IRANSans_Light.ttf
8\8_000614.png,8,۸,IRANSans_Medium.ttf
8\8_000615.png,8,۸,IRANSans_UltraLight.ttf
8\8_000616.png,8,۸,IRANSansMobile(FaNum).ttf
8\8_000617.png,8,۸,IRANSansMobile(FaNum)_Black.ttf
8\8_000618.png,8,۸,IRANSansMobile(FaNum)_Bold.ttf
8\8_000619.png,8,۸,IRANSansMobile(FaNum)_Light.ttf
8\8_000620.png,8,۸,arial.ttf
8\8_000621.png,8,۸,arialbd.ttf
8\8_000622.png,8,۸,BNazanin.ttf
8\8_000623.png,8,۸,BYekan.ttf
8\8_000624.png,8,۸,IRANSans(FaNum).ttf
8\8_000625.png,8,۸,IRANSans(FaNum)_Black.ttf
8\8_000626.png,8,۸,IRANSans(FaNum)_Bold.ttf
8\8_000627.png,8,۸,IRANSans(FaNum)_Light.ttf
8\8_000628.png,8,۸,IRANSans(FaNum)_Medium.ttf
8\8_000629.png,8,۸,IRANSans(FaNum)_UltraLight.ttf
8\8_000630.png,8,۸,IRANSans.ttf
8\8_000631.png,8,۸,IRANSans_Black.ttf
8\8_000632.png,8,۸,IRANSans_Bold.ttf
8\8_000633.png,8,۸,IRANSans_Light.ttf
8\8_000634.png,8,۸,IRANSans_Medium.ttf
8\8_000635.png,8,۸,IRANSans_UltraLight.ttf
8\8_000636.png,8,۸,IRANSansMobile(FaNum).ttf
8\8_000637.png,8,۸,IRANSansMobile(FaNum)_Black.ttf
8\8_000638.png,8,۸,IRANSansMobile(FaNum)_Bold.ttf
8\8_000639.png,8,۸,IRANSansMobile(FaNum)_Light.ttf
8\8_000640.png,8,۸,arial.ttf
8\8_000641.png,8,۸,arialbd.ttf
8\8_000642.png,8,۸,BNazanin.ttf
8\8_000643.png,8,۸,BYekan.ttf
8\8_000644.png,8,۸,IRANSans(FaNum).ttf
8\8_000645.png,8,۸,IRANSans(FaNum)_Black.ttf
8\8_000646.png,8,۸,IRANSans(FaNum)_Bold.ttf
8\8_000647.png,8,۸,IRANSans(FaNum)_Light.ttf
8\8_000648.png,8,۸,IRANSans(FaNum)_Medium.ttf
8\8_000649.png,8,۸,IRANSans(FaNum)_UltraLight.ttf
8\8_000650.png,8,۸,IRANSans.ttf
8\8_000651.png,8,۸,IRANSans_Black.ttf
8\8_000652.png,8,۸,IRANSans_Bold.ttf
8\8_000653.png,8,۸,IRANSans_Light.ttf
8\8_000654.png,8,۸,IRANSans_Medium.ttf
8\8_000655.png,8,۸,IRANSans_UltraLight.ttf
8\8_000656.png,8,۸,IRANSansMobile(FaNum).ttf
8\8_000657.png,8,۸,IRANSansMobile(FaNum)_Black.ttf
8\8_000658.png,8,۸,IRANSansMobile(FaNum)_Bold.ttf
8\8_000659.png,8,۸,IRANSansMobile(FaNum)_Light.ttf
8\8_000660.png,8,۸,arial.ttf
8\8_000661.png,8,۸,arialbd.ttf
8\8_000662.png,8,۸,BNazanin.ttf
8\8_000663.png,8,۸,BYekan.ttf
8\8_000664.png,8,۸,IRANSans(FaNum).ttf
8\8_000665.png,8,۸,IRANSans(FaNum)_Black.ttf
8\8_000666.png,8,۸,IRANSans(FaNum)_Bold.ttf
8\8_000667.png,8,۸,IRANSans(FaNum)_Light.ttf
8\8_000668.png,8,۸,IRANSans(FaNum)_Medium.ttf
8\8_000669.png,8,۸,IRANSans(FaNum)_UltraLight.ttf
8\8_000670.png,8,۸,IRANSans.ttf
8\8_000671.png,8,۸,IRANSans_Black.ttf
8\8_000672.png,8,۸,IRANSans_Bold.ttf
8\8_000673.png,8,۸,IRANSans_Light.ttf
8\8_000674.png,8,۸,IRANSans_Medium.ttf
8\8_000675.png,8,۸,IRANSans_UltraLight.ttf
8\8_000676.png,8,۸,IRANSansMobile(FaNum).ttf
8\8_000677.png,8,۸,IRANSansMobile(FaNum)_Black.ttf
8\8_000678.png,8,۸,IRANSansMobile(FaNum)_Bold.ttf
8\8_000679.png,8,۸,IRANSansMobile(FaNum)_Light.ttf
8\8_000680.png,8,۸,arial.ttf
8\8_000681.png,8,۸,arialbd.ttf
8\8_000682.png,8,۸,BNazanin.ttf
8\8_000683.png,8,۸,BYekan.ttf
8\8_000684.png,8,۸,IRANSans(FaNum).ttf
8\8_000685.png,8,۸,IRANSans(FaNum)_Black.ttf
8\8_000686.png,8,۸,IRANSans(FaNum)_Bold.ttf
8\8_000687.png,8,۸,IRANSans(FaNum)_Light.ttf
8\8_000688.png,8,۸,IRANSans(FaNum)_Medium.ttf
8\8_000689.png,8,۸,IRANSans(FaNum)_UltraLight.ttf
8\8_000690.png,8,۸,IRANSans.ttf
8\8_000691.png,8,۸,IRANSans_Black.ttf
8\8_000692.png,8,۸,IRANSans_Bold.ttf
8\8_000693.png,8,۸,IRANSans_Light.ttf
8\8_000694.png,8,۸,IRANSans_Medium.ttf
8\8_000695.png,8,۸,IRANSans_UltraLight.ttf
8\8_000696.png,8,۸,IRANSansMobile(FaNum).ttf
8\8_000697.png,8,۸,IRANSansMobile(FaNum)_Black.ttf
8\8_000698.png,8,۸,IRANSansMobile(FaNum)_Bold.ttf
8\8_000699.png,8,۸,IRANSansMobile(FaNum)_Light.ttf
8\8_000700.png,8,۸,arial.ttf
8\8_000701.png,8,۸,arialbd.ttf
8\8_000702.png,8,۸,BNazanin.ttf
8\8_000703.png,8,۸,BYekan.ttf
8\8_000704.png,8,۸,IRANSans(FaNum).ttf
8\8_000705.png,8,۸,IRANSans(FaNum)_Black.ttf
8\8_000706.png,8,۸,IRANSans(FaNum)_Bold.ttf
8\8_000707.png,8,۸,IRANSans(FaNum)_Light.ttf
8\8_000708.png,8,۸,IRANSans(FaNum)_Medium.ttf
8\8_000709.png,8,۸,IRANSans(FaNum)_UltraLight.ttf
8\8_000710.png,8,۸,IRANSans.ttf
8\8_000711.png,8,۸,IRANSans_Black.ttf
8\8_000712.png,8,۸,IRANSans_Bold.ttf
8\8_000713.png,8,۸,IRANSans_Light.ttf
8\8_000714.png,8,۸,IRANSans_Medium.ttf
8\8_000715.png,8,۸,IRANSans_UltraLight.ttf
8\8_000716.png,8,۸,IRANSansMobile(FaNum).ttf
8\8_000717.png,8,۸,IRANSansMobile(FaNum)_Black.ttf
8\8_000718.png,8,۸,IRANSansMobile(FaNum)_Bold.ttf
8\8_000719.png,8,۸,IRANSansMobile(FaNum)_Light.ttf
8\8_000720.png,8,۸,arial.ttf
8\8_000721.png,8,۸,arialbd.ttf
8\8_000722.png,8,۸,BNazanin.ttf
8\8_000723.png,8,۸,BYekan.ttf
8\8_000724.png,8,۸,IRANSans(FaNum).ttf
8\8_000725.png,8,۸,IRANSans(FaNum)_Black.ttf
8\8_000726.png,8,۸,IRANSans(FaNum)_Bold.ttf
8\8_000727.png,8,۸,IRANSans(FaNum)_Light.ttf
8\8_000728.png,8,۸,IRANSans(FaNum)_Medium.ttf
8\8_000729.png,8,۸,IRANSans(FaNum)_UltraLight.ttf
8\8_000730.png,8,۸,IRANSans.ttf
8\8_000731.png,8,۸,IRANSans_Black.ttf
8\8_000732.png,8,۸,IRANSans_Bold.ttf
8\8_000733.png,8,۸,IRANSans_Light.ttf
8\8_000734.png,8,۸,IRANSans_Medium.ttf
8\8_000735.png,8,۸,IRANSans_UltraLight.ttf
8\8_000736.png,8,۸,IRANSansMobile(FaNum).ttf
8\8_000737.png,8,۸,IRANSansMobile(FaNum)_Black.ttf
8\8_000738.png,8,۸,IRANSansMobile(FaNum)_Bold.ttf
8\8_000739.png,8,۸,IRANSansMobile(FaNum)_Light.ttf
8\8_000740.png,8,۸,arial.ttf
8\8_000741.png,8,۸,arialbd.ttf
8\8_000742.png,8,۸,BNazanin.ttf
8\8_000743.png,8,۸,BYekan.ttf
8\8_000744.png,8,۸,IRANSans(FaNum).ttf
8\8_000745.png,8,۸,IRANSans(FaNum)_Black.ttf
8\8_000746.png,8,۸,IRANSans(FaNum)_Bold.ttf
8\8_000747.png,8,۸,IRANSans(FaNum)_Light.ttf
8\8_000748.png,8,۸,IRANSans(FaNum)_Medium.ttf
8\8_000749.png,8,۸,IRANSans(FaNum)_UltraLight.ttf
8\8_000750.png,8,۸,IRANSans.ttf
8\8_000751.png,8,۸,IRANSans_Black.ttf
8\8_000752.png,8,۸,IRANSans_Bold.ttf
8\8_000753.png,8,۸,IRANSans_Light.ttf
8\8_000754.png,8,۸,IRANSans_Medium.ttf
8\8_000755.png,8,۸,IRANSans_UltraLight.ttf
8\8_000756.png,8,۸,IRANSansMobile(FaNum).ttf
8\8_000757.png,8,۸,IRANSansMobile(FaNum)_Black.ttf
8\8_000758.png,8,۸,IRANSansMobile(FaNum)_Bold.ttf
8\8_000759.png,8,۸,IRANSansMobile(FaNum)_Light.ttf
8\8_000760.png,8,۸,arial.ttf
8\8_000761.png,8,۸,arialbd.ttf
8\8_000762.png,8,۸,BNazanin.ttf
8\8_000763.png,8,۸,BYekan.ttf
8\8_000764.png,8,۸,IRANSans(FaNum).ttf
8\8_000765.png,8,۸,IRANSans(FaNum)_Black.ttf
8\8_000766.png,8,۸,IRANSans(FaNum)_Bold.ttf
8\8_000767.png,8,۸,IRANSans(FaNum)_Light.ttf
8\8_000768.png,8,۸,IRANSans(FaNum)_Medium.ttf
8\8_000769.png,8,۸,IRANSans(FaNum)_UltraLight.ttf
8\8_000770.png,8,۸,IRANSans.ttf
8\8_000771.png,8,۸,IRANSans_Black.ttf
8\8_000772.png,8,۸,IRANSans_Bold.ttf
8\8_000773.png,8,۸,IRANSans_Light.ttf
8\8_000774.png,8,۸,IRANSans_Medium.ttf
8\8_000775.png,8,۸,IRANSans_UltraLight.ttf
8\8_000776.png,8,۸,IRANSansMobile(FaNum).ttf
8\8_000777.png,8,۸,IRANSansMobile(FaNum)_Black.ttf
8\8_000778.png,8,۸,IRANSansMobile(FaNum)_Bold.ttf
8\8_000779.png,8,۸,IRANSansMobile(FaNum)_Light.ttf
8\8_000780.png,8,۸,arial.ttf
8\8_000781.png,8,۸,arialbd.ttf
8\8_000782.png,8,۸,BNazanin.ttf
8\8_000783.png,8,۸,BYekan.ttf
8\8_000784.png,8,۸,IRANSans(FaNum).ttf
8\8_000785.png,8,۸,IRANSans(FaNum)_Black.ttf
8\8_000786.png,8,۸,IRANSans(FaNum)_Bold.ttf
8\8_000787.png,8,۸,IRANSans(FaNum)_Light.ttf
8\8_000788.png,8,۸,IRANSans(FaNum)_Medium.ttf
8\8_000789.png,8,۸,IRANSans(FaNum)_UltraLight.ttf
8\8_000790.png,8,۸,IRANSans.ttf
8\8_000791.png,8,۸,IRANSans_Black.ttf
8\8_000792.png,8,۸,IRANSans_Bold.ttf
8\8_000793.png,8,۸,IRANSans_Light.ttf
8\8_000794.png,8,۸,IRANSans_Medium.ttf
8\8_000795.png,8,۸,IRANSans_UltraLight.ttf
8\8_000796.png,8,۸,IRANSansMobile(FaNum).ttf
8\8_000797.png,8,۸,IRANSansMobile(FaNum)_Black.ttf
8\8_000798.png,8,۸,IRANSansMobile(FaNum)_Bold.ttf
8\8_000799.png,8,۸,IRANSansMobile(FaNum)_Light.ttf
8\8_000800.png,8,۸,arial.ttf
8\8_000801.png,8,۸,arialbd.ttf
8\8_000802.png,8,۸,BNazanin.ttf
8\8_000803.png,8,۸,BYekan.ttf
8\8_000804.png,8,۸,IRANSans(FaNum).ttf
8\8_000805.png,8,۸,IRANSans(FaNum)_Black.ttf
8\8_000806.png,8,۸,IRANSans(FaNum)_Bold.ttf
8\8_000807.png,8,۸,IRANSans(FaNum)_Light.ttf
8\8_000808.png,8,۸,IRANSans(FaNum)_Medium.ttf
8\8_000809.png,8,۸,IRANSans(FaNum)_UltraLight.ttf
8\8_000810.png,8,۸,IRANSans.ttf
8\8_000811.png,8,۸,IRANSans_Black.ttf
8\8_000812.png,8,۸,IRANSans_Bold.ttf
8\8_000813.png,8,۸,IRANSans_Light.ttf
8\8_000814.png,8,۸,IRANSans_Medium.ttf
8\8_000815.png,8,۸,IRANSans_UltraLight.ttf
8\8_000816.png,8,۸,IRANSansMobile(FaNum).ttf
8\8_000817.png,8,۸,IRANSansMobile(FaNum)_Black.ttf
8\8_000818.png,8,۸,IRANSansMobile(FaNum)_Bold.ttf
8\8_000819.png,8,۸,IRANSansMobile(FaNum)_Light.ttf
8\8_000820.png,8,۸,arial.ttf
8\8_000821.png,8,۸,arialbd.ttf
8\8_000822.png,8,۸,BNazanin.ttf
8\8_000823.png,8,۸,BYekan.ttf
8\8_000824.png,8,۸,IRANSans(FaNum).ttf
8\8_000825.png,8,۸,IRANSans(FaNum)_Black.ttf
8\8_000826.png,8,۸,IRANSans(FaNum)_Bold.ttf
8\8_000827.png,8,۸,IRANSans(FaNum)_Light.ttf
8\8_000828.png,8,۸,IRANSans(FaNum)_Medium.ttf
8\8_000829.png,8,۸,IRANSans(FaNum)_UltraLight.ttf
8\8_000830.png,8,۸,IRANSans.ttf
8\8_000831.png,8,۸,IRANSans_Black.ttf
8\8_000832.png,8,۸,IRANSans_Bold.ttf
8\8_000833.png,8,۸,IRANSans_Light.ttf
8\8_000834.png,8,۸,IRANSans_Medium.ttf
8\8_000835.png,8,۸,IRANSans_UltraLight.ttf
8\8_000836.png,8,۸,IRANSansMobile(FaNum).ttf
8\8_000837.png,8,۸,IRANSansMobile(FaNum)_Black.ttf
8\8_000838.png,8,۸,IRANSansMobile(FaNum)_Bold.ttf
8\8_000839.png,8,۸,IRANSansMobile(FaNum)_Light.ttf
8\8_000840.png,8,۸,arial.ttf
8\8_000841.png,8,۸,arialbd.ttf
8\8_000842.png,8,۸,BNazanin.ttf
8\8_000843.png,8,۸,BYekan.ttf
8\8_000844.png,8,۸,IRANSans(FaNum).ttf
8\8_000845.png,8,۸,IRANSans(FaNum)_Black.ttf
8\8_000846.png,8,۸,IRANSans(FaNum)_Bold.ttf
8\8_000847.png,8,۸,IRANSans(FaNum)_Light.ttf
8\8_000848.png,8,۸,IRANSans(FaNum)_Medium.ttf
8\8_000849.png,8,۸,IRANSans(FaNum)_UltraLight.ttf
8\8_000850.png,8,۸,IRANSans.ttf
8\8_000851.png,8,۸,IRANSans_Black.ttf
8\8_000852.png,8,۸,IRANSans_Bold.ttf
8\8_000853.png,8,۸,IRANSans_Light.ttf
8\8_000854.png,8,۸,IRANSans_Medium.ttf
8\8_000855.png,8,۸,IRANSans_UltraLight.ttf
8\8_000856.png,8,۸,IRANSansMobile(FaNum).ttf
8\8_000857.png,8,۸,IRANSansMobile(FaNum)_Black.ttf
8\8_000858.png,8,۸,IRANSansMobile(FaNum)_Bold.ttf
8\8_000859.png,8,۸,IRANSansMobile(FaNum)_Light.ttf
8\8_000860.png,8,۸,arial.ttf
8\8_000861.png,8,۸,arialbd.ttf
8\8_000862.png,8,۸,BNazanin.ttf
8\8_000863.png,8,۸,BYekan.ttf
8\8_000864.png,8,۸,IRANSans(FaNum).ttf
8\8_000865.png,8,۸,IRANSans(FaNum)_Black.ttf
8\8_000866.png,8,۸,IRANSans(FaNum)_Bold.ttf
8\8_000867.png,8,۸,IRANSans(FaNum)_Light.ttf
8\8_000868.png,8,۸,IRANSans(FaNum)_Medium.ttf
8\8_000869.png,8,۸,IRANSans(FaNum)_UltraLight.ttf
8\8_000870.png,8,۸,IRANSans.ttf
8\8_000871.png,8,۸,IRANSans_Black.ttf
8\8_000872.png,8,۸,IRANSans_Bold.ttf
8\8_000873.png,8,۸,IRANSans_Light.ttf
8\8_000874.png,8,۸,IRANSans_Medium.ttf
8\8_000875.png,8,۸,IRANSans_UltraLight.ttf
8\8_000876.png,8,۸,IRANSansMobile(FaNum).ttf
8\8_000877.png,8,۸,IRANSansMobile(FaNum)_Black.ttf
8\8_000878.png,8,۸,IRANSansMobile(FaNum)_Bold.ttf
8\8_000879.png,8,۸,IRANSansMobile(FaNum)_Light.ttf
8\8_000880.png,8,۸,arial.ttf
8\8_000881.png,8,۸,arialbd.ttf
8\8_000882.png,8,۸,BNazanin.ttf
8\8_000883.png,8,۸,BYekan.ttf
8\8_000884.png,8,۸,IRANSans(FaNum).ttf
8\8_000885.png,8,۸,IRANSans(FaNum)_Black.ttf
8\8_000886.png,8,۸,IRANSans(FaNum)_Bold.ttf
8\8_000887.png,8,۸,IRANSans(FaNum)_Light.ttf
8\8_000888.png,8,۸,IRANSans(FaNum)_Medium.ttf
8\8_000889.png,8,۸,IRANSans(FaNum)_UltraLight.ttf
8\8_000890.png,8,۸,IRANSans.ttf
8\8_000891.png,8,۸,IRANSans_Black.ttf
8\8_000892.png,8,۸,IRANSans_Bold.ttf
8\8_000893.png,8,۸,IRANSans_Light.ttf
8\8_000894.png,8,۸,IRANSans_Medium.ttf
8\8_000895.png,8,۸,IRANSans_UltraLight.ttf
8\8_000896.png,8,۸,IRANSansMobile(FaNum).ttf
8\8_000897.png,8,۸,IRANSansMobile(FaNum)_Black.ttf
8\8_000898.png,8,۸,IRANSansMobile(FaNum)_Bold.ttf
8\8_000899.png,8,۸,IRANSansMobile(FaNum)_Light.ttf
8\8_000900.png,8,۸,arial.ttf
8\8_000901.png,8,۸,arialbd.ttf
8\8_000902.png,8,۸,BNazanin.ttf
8\8_000903.png,8,۸,BYekan.ttf
8\8_000904.png,8,۸,IRANSans(FaNum).ttf
8\8_000905.png,8,۸,IRANSans(FaNum)_Black.ttf
8\8_000906.png,8,۸,IRANSans(FaNum)_Bold.ttf
8\8_000907.png,8,۸,IRANSans(FaNum)_Light.ttf
8\8_000908.png,8,۸,IRANSans(FaNum)_Medium.ttf
8\8_000909.png,8,۸,IRANSans(FaNum)_UltraLight.ttf
8\8_000910.png,8,۸,IRANSans.ttf
8\8_000911.png,8,۸,IRANSans_Black.ttf
8\8_000912.png,8,۸,IRANSans_Bold.ttf
8\8_000913.png,8,۸,IRANSans_Light.ttf
8\8_000914.png,8,۸,IRANSans_Medium.ttf
8\8_000915.png,8,۸,IRANSans_UltraLight.ttf
8\8_000916.png,8,۸,IRANSansMobile(FaNum).ttf
8\8_000917.png,8,۸,IRANSansMobile(FaNum)_Black.ttf
8\8_000918.png,8,۸,IRANSansMobile(FaNum)_Bold.ttf
8\8_000919.png,8,۸,IRANSansMobile(FaNum)_Light.ttf
8\8_000920.png,8,۸,arial.ttf
8\8_000921.png,8,۸,arialbd.ttf
8\8_000922.png,8,۸,BNazanin.ttf
8\8_000923.png,8,۸,BYekan.ttf
8\8_000924.png,8,۸,IRANSans(FaNum).ttf
8\8_000925.png,8,۸,IRANSans(FaNum)_Black.ttf
8\8_000926.png,8,۸,IRANSans(FaNum)_Bold.ttf
8\8_000927.png,8,۸,IRANSans(FaNum)_Light.ttf
8\8_000928.png,8,۸,IRANSans(FaNum)_Medium.ttf
8\8_000929.png,8,۸,IRANSans(FaNum)_UltraLight.ttf
8\8_000930.png,8,۸,IRANSans.ttf
8\8_000931.png,8,۸,IRANSans_Black.ttf
8\8_000932.png,8,۸,IRANSans_Bold.ttf
8\8_000933.png,8,۸,IRANSans_Light.ttf
8\8_000934.png,8,۸,IRANSans_Medium.ttf
8\8_000935.png,8,۸,IRANSans_UltraLight.ttf
8\8_000936.png,8,۸,IRANSansMobile(FaNum).ttf
8\8_000937.png,8,۸,IRANSansMobile(FaNum)_Black.ttf
8\8_000938.png,8,۸,IRANSansMobile(FaNum)_Bold.ttf
8\8_000939.png,8,۸,IRANSansMobile(FaNum)_Light.ttf
8\8_000940.png,8,۸,arial.ttf
8\8_000941.png,8,۸,arialbd.ttf
8\8_000942.png,8,۸,BNazanin.ttf
8\8_000943.png,8,۸,BYekan.ttf
8\8_000944.png,8,۸,IRANSans(FaNum).ttf
8\8_000945.png,8,۸,IRANSans(FaNum)_Black.ttf
8\8_000946.png,8,۸,IRANSans(FaNum)_Bold.ttf
8\8_000947.png,8,۸,IRANSans(FaNum)_Light.ttf
8\8_000948.png,8,۸,IRANSans(FaNum)_Medium.ttf
8\8_000949.png,8,۸,IRANSans(FaNum)_UltraLight.ttf
8\8_000950.png,8,۸,IRANSans.ttf
8\8_000951.png,8,۸,IRANSans_Black.ttf
8\8_000952.png,8,۸,IRANSans_Bold.ttf
8\8_000953.png,8,۸,IRANSans_Light.ttf
8\8_000954.png,8,۸,IRANSans_Medium.ttf
8\8_000955.png,8,۸,IRANSans_UltraLight.ttf
8\8_000956.png,8,۸,IRANSansMobile(FaNum).ttf
8\8_000957.png,8,۸,IRANSansMobile(FaNum)_Black.ttf
8\8_000958.png,8,۸,IRANSansMobile(FaNum)_Bold.ttf
8\8_000959.png,8,۸,IRANSansMobile(FaNum)_Light.ttf
8\8_000960.png,8,۸,arial.ttf
8\8_000961.png,8,۸,arialbd.ttf
8\8_000962.png,8,۸,BNazanin.ttf
8\8_000963.png,8,۸,BYekan.ttf
8\8_000964.png,8,۸,IRANSans(FaNum).ttf
8\8_000965.png,8,۸,IRANSans(FaNum)_Black.ttf
8\8_000966.png,8,۸,IRANSans(FaNum)_Bold.ttf
8\8_000967.png,8,۸,IRANSans(FaNum)_Light.ttf
8\8_000968.png,8,۸,IRANSans(FaNum)_Medium.ttf
8\8_000969.png,8,۸,IRANSans(FaNum)_UltraLight.ttf
8\8_000970.png,8,۸,IRANSans.ttf
8\8_000971.png,8,۸,IRANSans_Black.ttf
8\8_000972.png,8,۸,IRANSans_Bold.ttf
8\8_000973.png,8,۸,IRANSans_Light.ttf
8\8_000974.png,8,۸,IRANSans_Medium.ttf
8\8_000975.png,8,۸,IRANSans_UltraLight.ttf
8\8_000976.png,8,۸,IRANSansMobile(FaNum).ttf
8\8_000977.png,8,۸,IRANSansMobile(FaNum)_Black.ttf
8\8_000978.png,8,۸,IRANSansMobile(FaNum)_Bold.ttf
8\8_000979.png,8,۸,IRANSansMobile(FaNum)_Light.ttf
8\8_000980.png,8,۸,arial.ttf
8\8_000981.png,8,۸,arialbd.ttf
8\8_000982.png,8,۸,BNazanin.ttf
8\8_000983.png,8,۸,BYekan.ttf
8\8_000984.png,8,۸,IRANSans(FaNum).ttf
8\8_000985.png,8,۸,IRANSans(FaNum)_Black.ttf
8\8_000986.png,8,۸,IRANSans(FaNum)_Bold.ttf
8\8_000987.png,8,۸,IRANSans(FaNum)_Light.ttf
8\8_000988.png,8,۸,IRANSans(FaNum)_Medium.ttf
8\8_000989.png,8,۸,IRANSans(FaNum)_UltraLight.ttf
8\8_000990.png,8,۸,IRANSans.ttf
8\8_000991.png,8,۸,IRANSans_Black.ttf
8\8_000992.png,8,۸,IRANSans_Bold.ttf
8\8_000993.png,8,۸,IRANSans_Light.ttf
8\8_000994.png,8,۸,IRANSans_Medium.ttf
8\8_000995.png,8,۸,IRANSans_UltraLight.ttf
8\8_000996.png,8,۸,IRANSansMobile(FaNum).ttf
8\8_000997.png,8,۸,IRANSansMobile(FaNum)_Black.ttf
8\8_000998.png,8,۸,IRANSansMobile(FaNum)_Bold.ttf
8\8_000999.png,8,۸,IRANSansMobile(FaNum)_Light.ttf
9\9_000000.png,9,۹,arial.ttf
9\9_000001.png,9,۹,arialbd.ttf
9\9_000002.png,9,۹,BNazanin.ttf
9\9_000003.png,9,۹,BYekan.ttf
9\9_000004.png,9,۹,IRANSans(FaNum).ttf
9\9_000005.png,9,۹,IRANSans(FaNum)_Black.ttf
9\9_000006.png,9,۹,IRANSans(FaNum)_Bold.ttf
9\9_000007.png,9,۹,IRANSans(FaNum)_Light.ttf
9\9_000008.png,9,۹,IRANSans(FaNum)_Medium.ttf
9\9_000009.png,9,۹,IRANSans(FaNum)_UltraLight.ttf
9\9_000010.png,9,۹,IRANSans.ttf
9\9_000011.png,9,۹,IRANSans_Black.ttf
9\9_000012.png,9,۹,IRANSans_Bold.ttf
9\9_000013.png,9,۹,IRANSans_Light.ttf
9\9_000014.png,9,۹,IRANSans_Medium.ttf
9\9_000015.png,9,۹,IRANSans_UltraLight.ttf
9\9_000016.png,9,۹,IRANSansMobile(FaNum).ttf
9\9_000017.png,9,۹,IRANSansMobile(FaNum)_Black.ttf
9\9_000018.png,9,۹,IRANSansMobile(FaNum)_Bold.ttf
9\9_000019.png,9,۹,IRANSansMobile(FaNum)_Light.ttf
9\9_000020.png,9,۹,arial.ttf
9\9_000021.png,9,۹,arialbd.ttf
9\9_000022.png,9,۹,BNazanin.ttf
9\9_000023.png,9,۹,BYekan.ttf
9\9_000024.png,9,۹,IRANSans(FaNum).ttf
9\9_000025.png,9,۹,IRANSans(FaNum)_Black.ttf
9\9_000026.png,9,۹,IRANSans(FaNum)_Bold.ttf
9\9_000027.png,9,۹,IRANSans(FaNum)_Light.ttf
9\9_000028.png,9,۹,IRANSans(FaNum)_Medium.ttf
9\9_000029.png,9,۹,IRANSans(FaNum)_UltraLight.ttf
9\9_000030.png,9,۹,IRANSans.ttf
9\9_000031.png,9,۹,IRANSans_Black.ttf
9\9_000032.png,9,۹,IRANSans_Bold.ttf
9\9_000033.png,9,۹,IRANSans_Light.ttf
9\9_000034.png,9,۹,IRANSans_Medium.ttf
9\9_000035.png,9,۹,IRANSans_UltraLight.ttf
9\9_000036.png,9,۹,IRANSansMobile(FaNum).ttf
9\9_000037.png,9,۹,IRANSansMobile(FaNum)_Black.ttf
9\9_000038.png,9,۹,IRANSansMobile(FaNum)_Bold.ttf
9\9_000039.png,9,۹,IRANSansMobile(FaNum)_Light.ttf
9\9_000040.png,9,۹,arial.ttf
9\9_000041.png,9,۹,arialbd.ttf
9\9_000042.png,9,۹,BNazanin.ttf
9\9_000043.png,9,۹,BYekan.ttf
9\9_000044.png,9,۹,IRANSans(FaNum).ttf
9\9_000045.png,9,۹,IRANSans(FaNum)_Black.ttf
9\9_000046.png,9,۹,IRANSans(FaNum)_Bold.ttf
9\9_000047.png,9,۹,IRANSans(FaNum)_Light.ttf
9\9_000048.png,9,۹,IRANSans(FaNum)_Medium.ttf
9\9_000049.png,9,۹,IRANSans(FaNum)_UltraLight.ttf
9\9_000050.png,9,۹,IRANSans.ttf
9\9_000051.png,9,۹,IRANSans_Black.ttf
9\9_000052.png,9,۹,IRANSans_Bold.ttf
9\9_000053.png,9,۹,IRANSans_Light.ttf
9\9_000054.png,9,۹,IRANSans_Medium.ttf
9\9_000055.png,9,۹,IRANSans_UltraLight.ttf
9\9_000056.png,9,۹,IRANSansMobile(FaNum).ttf
9\9_000057.png,9,۹,IRANSansMobile(FaNum)_Black.ttf
9\9_000058.png,9,۹,IRANSansMobile(FaNum)_Bold.ttf
9\9_000059.png,9,۹,IRANSansMobile(FaNum)_Light.ttf
9\9_000060.png,9,۹,arial.ttf
9\9_000061.png,9,۹,arialbd.ttf
9\9_000062.png,9,۹,BNazanin.ttf
9\9_000063.png,9,۹,BYekan.ttf
9\9_000064.png,9,۹,IRANSans(FaNum).ttf
9\9_000065.png,9,۹,IRANSans(FaNum)_Black.ttf
9\9_000066.png,9,۹,IRANSans(FaNum)_Bold.ttf
9\9_000067.png,9,۹,IRANSans(FaNum)_Light.ttf
9\9_000068.png,9,۹,IRANSans(FaNum)_Medium.ttf
9\9_000069.png,9,۹,IRANSans(FaNum)_UltraLight.ttf
9\9_000070.png,9,۹,IRANSans.ttf
9\9_000071.png,9,۹,IRANSans_Black.ttf
9\9_000072.png,9,۹,IRANSans_Bold.ttf
9\9_000073.png,9,۹,IRANSans_Light.ttf
9\9_000074.png,9,۹,IRANSans_Medium.ttf
9\9_000075.png,9,۹,IRANSans_UltraLight.ttf
9\9_000076.png,9,۹,IRANSansMobile(FaNum).ttf
9\9_000077.png,9,۹,IRANSansMobile(FaNum)_Black.ttf
9\9_000078.png,9,۹,IRANSansMobile(FaNum)_Bold.ttf
9\9_000079.png,9,۹,IRANSansMobile(FaNum)_Light.ttf
9\9_000080.png,9,۹,arial.ttf
9\9_000081.png,9,۹,arialbd.ttf
9\9_000082.png,9,۹,BNazanin.ttf
9\9_000083.png,9,۹,BYekan.ttf
9\9_000084.png,9,۹,IRANSans(FaNum).ttf
9\9_000085.png,9,۹,IRANSans(FaNum)_Black.ttf
9\9_000086.png,9,۹,IRANSans(FaNum)_Bold.ttf
9\9_000087.png,9,۹,IRANSans(FaNum)_Light.ttf
9\9_000088.png,9,۹,IRANSans(FaNum)_Medium.ttf
9\9_000089.png,9,۹,IRANSans(FaNum)_UltraLight.ttf
9\9_000090.png,9,۹,IRANSans.ttf
9\9_000091.png,9,۹,IRANSans_Black.ttf
9\9_000092.png,9,۹,IRANSans_Bold.ttf
9\9_000093.png,9,۹,IRANSans_Light.ttf
9\9_000094.png,9,۹,IRANSans_Medium.ttf
9\9_000095.png,9,۹,IRANSans_UltraLight.ttf
9\9_000096.png,9,۹,IRANSansMobile(FaNum).ttf
9\9_000097.png,9,۹,IRANSansMobile(FaNum)_Black.ttf
9\9_000098.png,9,۹,IRANSansMobile(FaNum)_Bold.ttf
9\9_000099.png,9,۹,IRANSansMobile(FaNum)_Light.ttf
9\9_000100.png,9,۹,arial.ttf
9\9_000101.png,9,۹,arialbd.ttf
9\9_000102.png,9,۹,BNazanin.ttf
9\9_000103.png,9,۹,BYekan.ttf
9\9_000104.png,9,۹,IRANSans(FaNum).ttf
9\9_000105.png,9,۹,IRANSans(FaNum)_Black.ttf
9\9_000106.png,9,۹,IRANSans(FaNum)_Bold.ttf
9\9_000107.png,9,۹,IRANSans(FaNum)_Light.ttf
9\9_000108.png,9,۹,IRANSans(FaNum)_Medium.ttf
9\9_000109.png,9,۹,IRANSans(FaNum)_UltraLight.ttf
9\9_000110.png,9,۹,IRANSans.ttf
9\9_000111.png,9,۹,IRANSans_Black.ttf
9\9_000112.png,9,۹,IRANSans_Bold.ttf
9\9_000113.png,9,۹,IRANSans_Light.ttf
9\9_000114.png,9,۹,IRANSans_Medium.ttf
9\9_000115.png,9,۹,IRANSans_UltraLight.ttf
9\9_000116.png,9,۹,IRANSansMobile(FaNum).ttf
9\9_000117.png,9,۹,IRANSansMobile(FaNum)_Black.ttf
9\9_000118.png,9,۹,IRANSansMobile(FaNum)_Bold.ttf
9\9_000119.png,9,۹,IRANSansMobile(FaNum)_Light.ttf
9\9_000120.png,9,۹,arial.ttf
9\9_000121.png,9,۹,arialbd.ttf
9\9_000122.png,9,۹,BNazanin.ttf
9\9_000123.png,9,۹,BYekan.ttf
9\9_000124.png,9,۹,IRANSans(FaNum).ttf
9\9_000125.png,9,۹,IRANSans(FaNum)_Black.ttf
9\9_000126.png,9,۹,IRANSans(FaNum)_Bold.ttf
9\9_000127.png,9,۹,IRANSans(FaNum)_Light.ttf
9\9_000128.png,9,۹,IRANSans(FaNum)_Medium.ttf
9\9_000129.png,9,۹,IRANSans(FaNum)_UltraLight.ttf
9\9_000130.png,9,۹,IRANSans.ttf
9\9_000131.png,9,۹,IRANSans_Black.ttf
9\9_000132.png,9,۹,IRANSans_Bold.ttf
9\9_000133.png,9,۹,IRANSans_Light.ttf
9\9_000134.png,9,۹,IRANSans_Medium.ttf
9\9_000135.png,9,۹,IRANSans_UltraLight.ttf
9\9_000136.png,9,۹,IRANSansMobile(FaNum).ttf
9\9_000137.png,9,۹,IRANSansMobile(FaNum)_Black.ttf
9\9_000138.png,9,۹,IRANSansMobile(FaNum)_Bold.ttf
9\9_000139.png,9,۹,IRANSansMobile(FaNum)_Light.ttf
9\9_000140.png,9,۹,arial.ttf
9\9_000141.png,9,۹,arialbd.ttf
9\9_000142.png,9,۹,BNazanin.ttf
9\9_000143.png,9,۹,BYekan.ttf
9\9_000144.png,9,۹,IRANSans(FaNum).ttf
9\9_000145.png,9,۹,IRANSans(FaNum)_Black.ttf
9\9_000146.png,9,۹,IRANSans(FaNum)_Bold.ttf
9\9_000147.png,9,۹,IRANSans(FaNum)_Light.ttf
9\9_000148.png,9,۹,IRANSans(FaNum)_Medium.ttf
9\9_000149.png,9,۹,IRANSans(FaNum)_UltraLight.ttf
9\9_000150.png,9,۹,IRANSans.ttf
9\9_000151.png,9,۹,IRANSans_Black.ttf
9\9_000152.png,9,۹,IRANSans_Bold.ttf
9\9_000153.png,9,۹,IRANSans_Light.ttf
9\9_000154.png,9,۹,IRANSans_Medium.ttf
9\9_000155.png,9,۹,IRANSans_UltraLight.ttf
9\9_000156.png,9,۹,IRANSansMobile(FaNum).ttf
9\9_000157.png,9,۹,IRANSansMobile(FaNum)_Black.ttf
9\9_000158.png,9,۹,IRANSansMobile(FaNum)_Bold.ttf
9\9_000159.png,9,۹,IRANSansMobile(FaNum)_Light.ttf
9\9_000160.png,9,۹,arial.ttf
9\9_000161.png,9,۹,arialbd.ttf
9\9_000162.png,9,۹,BNazanin.ttf
9\9_000163.png,9,۹,BYekan.ttf
9\9_000164.png,9,۹,IRANSans(FaNum).ttf
9\9_000165.png,9,۹,IRANSans(FaNum)_Black.ttf
9\9_000166.png,9,۹,IRANSans(FaNum)_Bold.ttf
9\9_000167.png,9,۹,IRANSans(FaNum)_Light.ttf
9\9_000168.png,9,۹,IRANSans(FaNum)_Medium.ttf
9\9_000169.png,9,۹,IRANSans(FaNum)_UltraLight.ttf
9\9_000170.png,9,۹,IRANSans.ttf
9\9_000171.png,9,۹,IRANSans_Black.ttf
9\9_000172.png,9,۹,IRANSans_Bold.ttf
9\9_000173.png,9,۹,IRANSans_Light.ttf
9\9_000174.png,9,۹,IRANSans_Medium.ttf
9\9_000175.png,9,۹,IRANSans_UltraLight.ttf
9\9_000176.png,9,۹,IRANSansMobile(FaNum).ttf
9\9_000177.png,9,۹,IRANSansMobile(FaNum)_Black.ttf
9\9_000178.png,9,۹,IRANSansMobile(FaNum)_Bold.ttf
9\9_000179.png,9,۹,IRANSansMobile(FaNum)_Light.ttf
9\9_000180.png,9,۹,arial.ttf
9\9_000181.png,9,۹,arialbd.ttf
9\9_000182.png,9,۹,BNazanin.ttf
9\9_000183.png,9,۹,BYekan.ttf
9\9_000184.png,9,۹,IRANSans(FaNum).ttf
9\9_000185.png,9,۹,IRANSans(FaNum)_Black.ttf
9\9_000186.png,9,۹,IRANSans(FaNum)_Bold.ttf
9\9_000187.png,9,۹,IRANSans(FaNum)_Light.ttf
9\9_000188.png,9,۹,IRANSans(FaNum)_Medium.ttf
9\9_000189.png,9,۹,IRANSans(FaNum)_UltraLight.ttf
9\9_000190.png,9,۹,IRANSans.ttf
9\9_000191.png,9,۹,IRANSans_Black.ttf
9\9_000192.png,9,۹,IRANSans_Bold.ttf
9\9_000193.png,9,۹,IRANSans_Light.ttf
9\9_000194.png,9,۹,IRANSans_Medium.ttf
9\9_000195.png,9,۹,IRANSans_UltraLight.ttf
9\9_000196.png,9,۹,IRANSansMobile(FaNum).ttf
9\9_000197.png,9,۹,IRANSansMobile(FaNum)_Black.ttf
9\9_000198.png,9,۹,IRANSansMobile(FaNum)_Bold.ttf
9\9_000199.png,9,۹,IRANSansMobile(FaNum)_Light.ttf
9\9_000200.png,9,۹,arial.ttf
9\9_000201.png,9,۹,arialbd.ttf
9\9_000202.png,9,۹,BNazanin.ttf
9\9_000203.png,9,۹,BYekan.ttf
9\9_000204.png,9,۹,IRANSans(FaNum).ttf
9\9_000205.png,9,۹,IRANSans(FaNum)_Black.ttf
9\9_000206.png,9,۹,IRANSans(FaNum)_Bold.ttf
9\9_000207.png,9,۹,IRANSans(FaNum)_Light.ttf
9\9_000208.png,9,۹,IRANSans(FaNum)_Medium.ttf
9\9_000209.png,9,۹,IRANSans(FaNum)_UltraLight.ttf
9\9_000210.png,9,۹,IRANSans.ttf
9\9_000211.png,9,۹,IRANSans_Black.ttf
9\9_000212.png,9,۹,IRANSans_Bold.ttf
9\9_000213.png,9,۹,IRANSans_Light.ttf
9\9_000214.png,9,۹,IRANSans_Medium.ttf
9\9_000215.png,9,۹,IRANSans_UltraLight.ttf
9\9_000216.png,9,۹,IRANSansMobile(FaNum).ttf
9\9_000217.png,9,۹,IRANSansMobile(FaNum)_Black.ttf
9\9_000218.png,9,۹,IRANSansMobile(FaNum)_Bold.ttf
9\9_000219.png,9,۹,IRANSansMobile(FaNum)_Light.ttf
9\9_000220.png,9,۹,arial.ttf
9\9_000221.png,9,۹,arialbd.ttf
9\9_000222.png,9,۹,BNazanin.ttf
9\9_000223.png,9,۹,BYekan.ttf
9\9_000224.png,9,۹,IRANSans(FaNum).ttf
9\9_000225.png,9,۹,IRANSans(FaNum)_Black.ttf
9\9_000226.png,9,۹,IRANSans(FaNum)_Bold.ttf
9\9_000227.png,9,۹,IRANSans(FaNum)_Light.ttf
9\9_000228.png,9,۹,IRANSans(FaNum)_Medium.ttf
9\9_000229.png,9,۹,IRANSans(FaNum)_UltraLight.ttf
9\9_000230.png,9,۹,IRANSans.ttf
9\9_000231.png,9,۹,IRANSans_Black.ttf
9\9_000232.png,9,۹,IRANSans_Bold.ttf
9\9_000233.png,9,۹,IRANSans_Light.ttf
9\9_000234.png,9,۹,IRANSans_Medium.ttf
9\9_000235.png,9,۹,IRANSans_UltraLight.ttf
9\9_000236.png,9,۹,IRANSansMobile(FaNum).ttf
9\9_000237.png,9,۹,IRANSansMobile(FaNum)_Black.ttf
9\9_000238.png,9,۹,IRANSansMobile(FaNum)_Bold.ttf
9\9_000239.png,9,۹,IRANSansMobile(FaNum)_Light.ttf
9\9_000240.png,9,۹,arial.ttf
9\9_000241.png,9,۹,arialbd.ttf
9\9_000242.png,9,۹,BNazanin.ttf
9\9_000243.png,9,۹,BYekan.ttf
9\9_000244.png,9,۹,IRANSans(FaNum).ttf
9\9_000245.png,9,۹,IRANSans(FaNum)_Black.ttf
9\9_000246.png,9,۹,IRANSans(FaNum)_Bold.ttf
9\9_000247.png,9,۹,IRANSans(FaNum)_Light.ttf
9\9_000248.png,9,۹,IRANSans(FaNum)_Medium.ttf
9\9_000249.png,9,۹,IRANSans(FaNum)_UltraLight.ttf
9\9_000250.png,9,۹,IRANSans.ttf
9\9_000251.png,9,۹,IRANSans_Black.ttf
9\9_000252.png,9,۹,IRANSans_Bold.ttf
9\9_000253.png,9,۹,IRANSans_Light.ttf
9\9_000254.png,9,۹,IRANSans_Medium.ttf
9\9_000255.png,9,۹,IRANSans_UltraLight.ttf
9\9_000256.png,9,۹,IRANSansMobile(FaNum).ttf
9\9_000257.png,9,۹,IRANSansMobile(FaNum)_Black.ttf
9\9_000258.png,9,۹,IRANSansMobile(FaNum)_Bold.ttf
9\9_000259.png,9,۹,IRANSansMobile(FaNum)_Light.ttf
9\9_000260.png,9,۹,arial.ttf
9\9_000261.png,9,۹,arialbd.ttf
9\9_000262.png,9,۹,BNazanin.ttf
9\9_000263.png,9,۹,BYekan.ttf
9\9_000264.png,9,۹,IRANSans(FaNum).ttf
9\9_000265.png,9,۹,IRANSans(FaNum)_Black.ttf
9\9_000266.png,9,۹,IRANSans(FaNum)_Bold.ttf
9\9_000267.png,9,۹,IRANSans(FaNum)_Light.ttf
9\9_000268.png,9,۹,IRANSans(FaNum)_Medium.ttf
9\9_000269.png,9,۹,IRANSans(FaNum)_UltraLight.ttf
9\9_000270.png,9,۹,IRANSans.ttf
9\9_000271.png,9,۹,IRANSans_Black.ttf
9\9_000272.png,9,۹,IRANSans_Bold.ttf
9\9_000273.png,9,۹,IRANSans_Light.ttf
9\9_000274.png,9,۹,IRANSans_Medium.ttf
9\9_000275.png,9,۹,IRANSans_UltraLight.ttf
9\9_000276.png,9,۹,IRANSansMobile(FaNum).ttf
9\9_000277.png,9,۹,IRANSansMobile(FaNum)_Black.ttf
9\9_000278.png,9,۹,IRANSansMobile(FaNum)_Bold.ttf
9\9_000279.png,9,۹,IRANSansMobile(FaNum)_Light.ttf
9\9_000280.png,9,۹,arial.ttf
9\9_000281.png,9,۹,arialbd.ttf
9\9_000282.png,9,۹,BNazanin.ttf
9\9_000283.png,9,۹,BYekan.ttf
9\9_000284.png,9,۹,IRANSans(FaNum).ttf
9\9_000285.png,9,۹,IRANSans(FaNum)_Black.ttf
9\9_000286.png,9,۹,IRANSans(FaNum)_Bold.ttf
9\9_000287.png,9,۹,IRANSans(FaNum)_Light.ttf
9\9_000288.png,9,۹,IRANSans(FaNum)_Medium.ttf
9\9_000289.png,9,۹,IRANSans(FaNum)_UltraLight.ttf
9\9_000290.png,9,۹,IRANSans.ttf
9\9_000291.png,9,۹,IRANSans_Black.ttf
9\9_000292.png,9,۹,IRANSans_Bold.ttf
9\9_000293.png,9,۹,IRANSans_Light.ttf
9\9_000294.png,9,۹,IRANSans_Medium.ttf
9\9_000295.png,9,۹,IRANSans_UltraLight.ttf
9\9_000296.png,9,۹,IRANSansMobile(FaNum).ttf
9\9_000297.png,9,۹,IRANSansMobile(FaNum)_Black.ttf
9\9_000298.png,9,۹,IRANSansMobile(FaNum)_Bold.ttf
9\9_000299.png,9,۹,IRANSansMobile(FaNum)_Light.ttf
9\9_000300.png,9,۹,arial.ttf
9\9_000301.png,9,۹,arialbd.ttf
9\9_000302.png,9,۹,BNazanin.ttf
9\9_000303.png,9,۹,BYekan.ttf
9\9_000304.png,9,۹,IRANSans(FaNum).ttf
9\9_000305.png,9,۹,IRANSans(FaNum)_Black.ttf
9\9_000306.png,9,۹,IRANSans(FaNum)_Bold.ttf
9\9_000307.png,9,۹,IRANSans(FaNum)_Light.ttf
9\9_000308.png,9,۹,IRANSans(FaNum)_Medium.ttf
9\9_000309.png,9,۹,IRANSans(FaNum)_UltraLight.ttf
9\9_000310.png,9,۹,IRANSans.ttf
9\9_000311.png,9,۹,IRANSans_Black.ttf
9\9_000312.png,9,۹,IRANSans_Bold.ttf
9\9_000313.png,9,۹,IRANSans_Light.ttf
9\9_000314.png,9,۹,IRANSans_Medium.ttf
9\9_000315.png,9,۹,IRANSans_UltraLight.ttf
9\9_000316.png,9,۹,IRANSansMobile(FaNum).ttf
9\9_000317.png,9,۹,IRANSansMobile(FaNum)_Black.ttf
9\9_000318.png,9,۹,IRANSansMobile(FaNum)_Bold.ttf
9\9_000319.png,9,۹,IRANSansMobile(FaNum)_Light.ttf
9\9_000320.png,9,۹,arial.ttf
9\9_000321.png,9,۹,arialbd.ttf
9\9_000322.png,9,۹,BNazanin.ttf
9\9_000323.png,9,۹,BYekan.ttf
9\9_000324.png,9,۹,IRANSans(FaNum).ttf
9\9_000325.png,9,۹,IRANSans(FaNum)_Black.ttf
9\9_000326.png,9,۹,IRANSans(FaNum)_Bold.ttf
9\9_000327.png,9,۹,IRANSans(FaNum)_Light.ttf
9\9_000328.png,9,۹,IRANSans(FaNum)_Medium.ttf
9\9_000329.png,9,۹,IRANSans(FaNum)_UltraLight.ttf
9\9_000330.png,9,۹,IRANSans.ttf
9\9_000331.png,9,۹,IRANSans_Black.ttf
9\9_000332.png,9,۹,IRANSans_Bold.ttf
9\9_000333.png,9,۹,IRANSans_Light.ttf
9\9_000334.png,9,۹,IRANSans_Medium.ttf
9\9_000335.png,9,۹,IRANSans_UltraLight.ttf
9\9_000336.png,9,۹,IRANSansMobile(FaNum).ttf
9\9_000337.png,9,۹,IRANSansMobile(FaNum)_Black.ttf
9\9_000338.png,9,۹,IRANSansMobile(FaNum)_Bold.ttf
9\9_000339.png,9,۹,IRANSansMobile(FaNum)_Light.ttf
9\9_000340.png,9,۹,arial.ttf
9\9_000341.png,9,۹,arialbd.ttf
9\9_000342.png,9,۹,BNazanin.ttf
9\9_000343.png,9,۹,BYekan.ttf
9\9_000344.png,9,۹,IRANSans(FaNum).ttf
9\9_000345.png,9,۹,IRANSans(FaNum)_Black.ttf
9\9_000346.png,9,۹,IRANSans(FaNum)_Bold.ttf
9\9_000347.png,9,۹,IRANSans(FaNum)_Light.ttf
9\9_000348.png,9,۹,IRANSans(FaNum)_Medium.ttf
9\9_000349.png,9,۹,IRANSans(FaNum)_UltraLight.ttf
9\9_000350.png,9,۹,IRANSans.ttf
9\9_000351.png,9,۹,IRANSans_Black.ttf
9\9_000352.png,9,۹,IRANSans_Bold.ttf
9\9_000353.png,9,۹,IRANSans_Light.ttf
9\9_000354.png,9,۹,IRANSans_Medium.ttf
9\9_000355.png,9,۹,IRANSans_UltraLight.ttf
9\9_000356.png,9,۹,IRANSansMobile(FaNum).ttf
9\9_000357.png,9,۹,IRANSansMobile(FaNum)_Black.ttf
9\9_000358.png,9,۹,IRANSansMobile(FaNum)_Bold.ttf
9\9_000359.png,9,۹,IRANSansMobile(FaNum)_Light.ttf
9\9_000360.png,9,۹,arial.ttf
9\9_000361.png,9,۹,arialbd.ttf
9\9_000362.png,9,۹,BNazanin.ttf
9\9_000363.png,9,۹,BYekan.ttf
9\9_000364.png,9,۹,IRANSans(FaNum).ttf
9\9_000365.png,9,۹,IRANSans(FaNum)_Black.ttf
9\9_000366.png,9,۹,IRANSans(FaNum)_Bold.ttf
9\9_000367.png,9,۹,IRANSans(FaNum)_Light.ttf
9\9_000368.png,9,۹,IRANSans(FaNum)_Medium.ttf
9\9_000369.png,9,۹,IRANSans(FaNum)_UltraLight.ttf
9\9_000370.png,9,۹,IRANSans.ttf
9\9_000371.png,9,۹,IRANSans_Black.ttf
9\9_000372.png,9,۹,IRANSans_Bold.ttf
9\9_000373.png,9,۹,IRANSans_Light.ttf
9\9_000374.png,9,۹,IRANSans_Medium.ttf
9\9_000375.png,9,۹,IRANSans_UltraLight.ttf
9\9_000376.png,9,۹,IRANSansMobile(FaNum).ttf
9\9_000377.png,9,۹,IRANSansMobile(FaNum)_Black.ttf
9\9_000378.png,9,۹,IRANSansMobile(FaNum)_Bold.ttf
9\9_000379.png,9,۹,IRANSansMobile(FaNum)_Light.ttf
9\9_000380.png,9,۹,arial.ttf
9\9_000381.png,9,۹,arialbd.ttf
9\9_000382.png,9,۹,BNazanin.ttf
9\9_000383.png,9,۹,BYekan.ttf
9\9_000384.png,9,۹,IRANSans(FaNum).ttf
9\9_000385.png,9,۹,IRANSans(FaNum)_Black.ttf
9\9_000386.png,9,۹,IRANSans(FaNum)_Bold.ttf
9\9_000387.png,9,۹,IRANSans(FaNum)_Light.ttf
9\9_000388.png,9,۹,IRANSans(FaNum)_Medium.ttf
9\9_000389.png,9,۹,IRANSans(FaNum)_UltraLight.ttf
9\9_000390.png,9,۹,IRANSans.ttf
9\9_000391.png,9,۹,IRANSans_Black.ttf
9\9_000392.png,9,۹,IRANSans_Bold.ttf
9\9_000393.png,9,۹,IRANSans_Light.ttf
9\9_000394.png,9,۹,IRANSans_Medium.ttf
9\9_000395.png,9,۹,IRANSans_UltraLight.ttf
9\9_000396.png,9,۹,IRANSansMobile(FaNum).ttf
9\9_000397.png,9,۹,IRANSansMobile(FaNum)_Black.ttf
9\9_000398.png,9,۹,IRANSansMobile(FaNum)_Bold.ttf
9\9_000399.png,9,۹,IRANSansMobile(FaNum)_Light.ttf
9\9_000400.png,9,۹,arial.ttf
9\9_000401.png,9,۹,arialbd.ttf
9\9_000402.png,9,۹,BNazanin.ttf
9\9_000403.png,9,۹,BYekan.ttf
9\9_000404.png,9,۹,IRANSans(FaNum).ttf
9\9_000405.png,9,۹,IRANSans(FaNum)_Black.ttf
9\9_000406.png,9,۹,IRANSans(FaNum)_Bold.ttf
9\9_000407.png,9,۹,IRANSans(FaNum)_Light.ttf
9\9_000408.png,9,۹,IRANSans(FaNum)_Medium.ttf
9\9_000409.png,9,۹,IRANSans(FaNum)_UltraLight.ttf
9\9_000410.png,9,۹,IRANSans.ttf
9\9_000411.png,9,۹,IRANSans_Black.ttf
9\9_000412.png,9,۹,IRANSans_Bold.ttf
9\9_000413.png,9,۹,IRANSans_Light.ttf
9\9_000414.png,9,۹,IRANSans_Medium.ttf
9\9_000415.png,9,۹,IRANSans_UltraLight.ttf
9\9_000416.png,9,۹,IRANSansMobile(FaNum).ttf
9\9_000417.png,9,۹,IRANSansMobile(FaNum)_Black.ttf
9\9_000418.png,9,۹,IRANSansMobile(FaNum)_Bold.ttf
9\9_000419.png,9,۹,IRANSansMobile(FaNum)_Light.ttf
9\9_000420.png,9,۹,arial.ttf
9\9_000421.png,9,۹,arialbd.ttf
9\9_000422.png,9,۹,BNazanin.ttf
9\9_000423.png,9,۹,BYekan.ttf
9\9_000424.png,9,۹,IRANSans(FaNum).ttf
9\9_000425.png,9,۹,IRANSans(FaNum)_Black.ttf
9\9_000426.png,9,۹,IRANSans(FaNum)_Bold.ttf
9\9_000427.png,9,۹,IRANSans(FaNum)_Light.ttf
9\9_000428.png,9,۹,IRANSans(FaNum)_Medium.ttf
9\9_000429.png,9,۹,IRANSans(FaNum)_UltraLight.ttf
9\9_000430.png,9,۹,IRANSans.ttf
9\9_000431.png,9,۹,IRANSans_Black.ttf
9\9_000432.png,9,۹,IRANSans_Bold.ttf
9\9_000433.png,9,۹,IRANSans_Light.ttf
9\9_000434.png,9,۹,IRANSans_Medium.ttf
9\9_000435.png,9,۹,IRANSans_UltraLight.ttf
9\9_000436.png,9,۹,IRANSansMobile(FaNum).ttf
9\9_000437.png,9,۹,IRANSansMobile(FaNum)_Black.ttf
9\9_000438.png,9,۹,IRANSansMobile(FaNum)_Bold.ttf
9\9_000439.png,9,۹,IRANSansMobile(FaNum)_Light.ttf
9\9_000440.png,9,۹,arial.ttf
9\9_000441.png,9,۹,arialbd.ttf
9\9_000442.png,9,۹,BNazanin.ttf
9\9_000443.png,9,۹,BYekan.ttf
9\9_000444.png,9,۹,IRANSans(FaNum).ttf
9\9_000445.png,9,۹,IRANSans(FaNum)_Black.ttf
9\9_000446.png,9,۹,IRANSans(FaNum)_Bold.ttf
9\9_000447.png,9,۹,IRANSans(FaNum)_Light.ttf
9\9_000448.png,9,۹,IRANSans(FaNum)_Medium.ttf
9\9_000449.png,9,۹,IRANSans(FaNum)_UltraLight.ttf
9\9_000450.png,9,۹,IRANSans.ttf
9\9_000451.png,9,۹,IRANSans_Black.ttf
9\9_000452.png,9,۹,IRANSans_Bold.ttf
9\9_000453.png,9,۹,IRANSans_Light.ttf
9\9_000454.png,9,۹,IRANSans_Medium.ttf
9\9_000455.png,9,۹,IRANSans_UltraLight.ttf
9\9_000456.png,9,۹,IRANSansMobile(FaNum).ttf
9\9_000457.png,9,۹,IRANSansMobile(FaNum)_Black.ttf
9\9_000458.png,9,۹,IRANSansMobile(FaNum)_Bold.ttf
9\9_000459.png,9,۹,IRANSansMobile(FaNum)_Light.ttf
9\9_000460.png,9,۹,arial.ttf
9\9_000461.png,9,۹,arialbd.ttf
9\9_000462.png,9,۹,BNazanin.ttf
9\9_000463.png,9,۹,BYekan.ttf
9\9_000464.png,9,۹,IRANSans(FaNum).ttf
9\9_000465.png,9,۹,IRANSans(FaNum)_Black.ttf
9\9_000466.png,9,۹,IRANSans(FaNum)_Bold.ttf
9\9_000467.png,9,۹,IRANSans(FaNum)_Light.ttf
9\9_000468.png,9,۹,IRANSans(FaNum)_Medium.ttf
9\9_000469.png,9,۹,IRANSans(FaNum)_UltraLight.ttf
9\9_000470.png,9,۹,IRANSans.ttf
9\9_000471.png,9,۹,IRANSans_Black.ttf
9\9_000472.png,9,۹,IRANSans_Bold.ttf
9\9_000473.png,9,۹,IRANSans_Light.ttf
9\9_000474.png,9,۹,IRANSans_Medium.ttf
9\9_000475.png,9,۹,IRANSans_UltraLight.ttf
9\9_000476.png,9,۹,IRANSansMobile(FaNum).ttf
9\9_000477.png,9,۹,IRANSansMobile(FaNum)_Black.ttf
9\9_000478.png,9,۹,IRANSansMobile(FaNum)_Bold.ttf
9\9_000479.png,9,۹,IRANSansMobile(FaNum)_Light.ttf
9\9_000480.png,9,۹,arial.ttf
9\9_000481.png,9,۹,arialbd.ttf
9\9_000482.png,9,۹,BNazanin.ttf
9\9_000483.png,9,۹,BYekan.ttf
9\9_000484.png,9,۹,IRANSans(FaNum).ttf
9\9_000485.png,9,۹,IRANSans(FaNum)_Black.ttf
9\9_000486.png,9,۹,IRANSans(FaNum)_Bold.ttf
9\9_000487.png,9,۹,IRANSans(FaNum)_Light.ttf
9\9_000488.png,9,۹,IRANSans(FaNum)_Medium.ttf
9\9_000489.png,9,۹,IRANSans(FaNum)_UltraLight.ttf
9\9_000490.png,9,۹,IRANSans.ttf
9\9_000491.png,9,۹,IRANSans_Black.ttf
9\9_000492.png,9,۹,IRANSans_Bold.ttf
9\9_000493.png,9,۹,IRANSans_Light.ttf
9\9_000494.png,9,۹,IRANSans_Medium.ttf
9\9_000495.png,9,۹,IRANSans_UltraLight.ttf
9\9_000496.png,9,۹,IRANSansMobile(FaNum).ttf
9\9_000497.png,9,۹,IRANSansMobile(FaNum)_Black.ttf
9\9_000498.png,9,۹,IRANSansMobile(FaNum)_Bold.ttf
9\9_000499.png,9,۹,IRANSansMobile(FaNum)_Light.ttf
9\9_000500.png,9,۹,arial.ttf
9\9_000501.png,9,۹,arialbd.ttf
9\9_000502.png,9,۹,BNazanin.ttf
9\9_000503.png,9,۹,BYekan.ttf
9\9_000504.png,9,۹,IRANSans(FaNum).ttf
9\9_000505.png,9,۹,IRANSans(FaNum)_Black.ttf
9\9_000506.png,9,۹,IRANSans(FaNum)_Bold.ttf
9\9_000507.png,9,۹,IRANSans(FaNum)_Light.ttf
9\9_000508.png,9,۹,IRANSans(FaNum)_Medium.ttf
9\9_000509.png,9,۹,IRANSans(FaNum)_UltraLight.ttf
9\9_000510.png,9,۹,IRANSans.ttf
9\9_000511.png,9,۹,IRANSans_Black.ttf
9\9_000512.png,9,۹,IRANSans_Bold.ttf
9\9_000513.png,9,۹,IRANSans_Light.ttf
9\9_000514.png,9,۹,IRANSans_Medium.ttf
9\9_000515.png,9,۹,IRANSans_UltraLight.ttf
9\9_000516.png,9,۹,IRANSansMobile(FaNum).ttf
9\9_000517.png,9,۹,IRANSansMobile(FaNum)_Black.ttf
9\9_000518.png,9,۹,IRANSansMobile(FaNum)_Bold.ttf
9\9_000519.png,9,۹,IRANSansMobile(FaNum)_Light.ttf
9\9_000520.png,9,۹,arial.ttf
9\9_000521.png,9,۹,arialbd.ttf
9\9_000522.png,9,۹,BNazanin.ttf
9\9_000523.png,9,۹,BYekan.ttf
9\9_000524.png,9,۹,IRANSans(FaNum).ttf
9\9_000525.png,9,۹,IRANSans(FaNum)_Black.ttf
9\9_000526.png,9,۹,IRANSans(FaNum)_Bold.ttf
9\9_000527.png,9,۹,IRANSans(FaNum)_Light.ttf
9\9_000528.png,9,۹,IRANSans(FaNum)_Medium.ttf
9\9_000529.png,9,۹,IRANSans(FaNum)_UltraLight.ttf
9\9_000530.png,9,۹,IRANSans.ttf
9\9_000531.png,9,۹,IRANSans_Black.ttf
9\9_000532.png,9,۹,IRANSans_Bold.ttf
9\9_000533.png,9,۹,IRANSans_Light.ttf
9\9_000534.png,9,۹,IRANSans_Medium.ttf
9\9_000535.png,9,۹,IRANSans_UltraLight.ttf
9\9_000536.png,9,۹,IRANSansMobile(FaNum).ttf
9\9_000537.png,9,۹,IRANSansMobile(FaNum)_Black.ttf
9\9_000538.png,9,۹,IRANSansMobile(FaNum)_Bold.ttf
9\9_000539.png,9,۹,IRANSansMobile(FaNum)_Light.ttf
9\9_000540.png,9,۹,arial.ttf
9\9_000541.png,9,۹,arialbd.ttf
9\9_000542.png,9,۹,BNazanin.ttf
9\9_000543.png,9,۹,BYekan.ttf
9\9_000544.png,9,۹,IRANSans(FaNum).ttf
9\9_000545.png,9,۹,IRANSans(FaNum)_Black.ttf
9\9_000546.png,9,۹,IRANSans(FaNum)_Bold.ttf
9\9_000547.png,9,۹,IRANSans(FaNum)_Light.ttf
9\9_000548.png,9,۹,IRANSans(FaNum)_Medium.ttf
9\9_000549.png,9,۹,IRANSans(FaNum)_UltraLight.ttf
9\9_000550.png,9,۹,IRANSans.ttf
9\9_000551.png,9,۹,IRANSans_Black.ttf
9\9_000552.png,9,۹,IRANSans_Bold.ttf
9\9_000553.png,9,۹,IRANSans_Light.ttf
9\9_000554.png,9,۹,IRANSans_Medium.ttf
9\9_000555.png,9,۹,IRANSans_UltraLight.ttf
9\9_000556.png,9,۹,IRANSansMobile(FaNum).ttf
9\9_000557.png,9,۹,IRANSansMobile(FaNum)_Black.ttf
9\9_000558.png,9,۹,IRANSansMobile(FaNum)_Bold.ttf
9\9_000559.png,9,۹,IRANSansMobile(FaNum)_Light.ttf
9\9_000560.png,9,۹,arial.ttf
9\9_000561.png,9,۹,arialbd.ttf
9\9_000562.png,9,۹,BNazanin.ttf
9\9_000563.png,9,۹,BYekan.ttf
9\9_000564.png,9,۹,IRANSans(FaNum).ttf
9\9_000565.png,9,۹,IRANSans(FaNum)_Black.ttf
9\9_000566.png,9,۹,IRANSans(FaNum)_Bold.ttf
9\9_000567.png,9,۹,IRANSans(FaNum)_Light.ttf
9\9_000568.png,9,۹,IRANSans(FaNum)_Medium.ttf
9\9_000569.png,9,۹,IRANSans(FaNum)_UltraLight.ttf
9\9_000570.png,9,۹,IRANSans.ttf
9\9_000571.png,9,۹,IRANSans_Black.ttf
9\9_000572.png,9,۹,IRANSans_Bold.ttf
9\9_000573.png,9,۹,IRANSans_Light.ttf
9\9_000574.png,9,۹,IRANSans_Medium.ttf
9\9_000575.png,9,۹,IRANSans_UltraLight.ttf
9\9_000576.png,9,۹,IRANSansMobile(FaNum).ttf
9\9_000577.png,9,۹,IRANSansMobile(FaNum)_Black.ttf
9\9_000578.png,9,۹,IRANSansMobile(FaNum)_Bold.ttf
9\9_000579.png,9,۹,IRANSansMobile(FaNum)_Light.ttf
9\9_000580.png,9,۹,arial.ttf
9\9_000581.png,9,۹,arialbd.ttf
9\9_000582.png,9,۹,BNazanin.ttf
9\9_000583.png,9,۹,BYekan.ttf
9\9_000584.png,9,۹,IRANSans(FaNum).ttf
9\9_000585.png,9,۹,IRANSans(FaNum)_Black.ttf
9\9_000586.png,9,۹,IRANSans(FaNum)_Bold.ttf
9\9_000587.png,9,۹,IRANSans(FaNum)_Light.ttf
9\9_000588.png,9,۹,IRANSans(FaNum)_Medium.ttf
9\9_000589.png,9,۹,IRANSans(FaNum)_UltraLight.ttf
9\9_000590.png,9,۹,IRANSans.ttf
9\9_000591.png,9,۹,IRANSans_Black.ttf
9\9_000592.png,9,۹,IRANSans_Bold.ttf
9\9_000593.png,9,۹,IRANSans_Light.ttf
9\9_000594.png,9,۹,IRANSans_Medium.ttf
9\9_000595.png,9,۹,IRANSans_UltraLight.ttf
9\9_000596.png,9,۹,IRANSansMobile(FaNum).ttf
9\9_000597.png,9,۹,IRANSansMobile(FaNum)_Black.ttf
9\9_000598.png,9,۹,IRANSansMobile(FaNum)_Bold.ttf
9\9_000599.png,9,۹,IRANSansMobile(FaNum)_Light.ttf
9\9_000600.png,9,۹,arial.ttf
9\9_000601.png,9,۹,arialbd.ttf
9\9_000602.png,9,۹,BNazanin.ttf
9\9_000603.png,9,۹,BYekan.ttf
9\9_000604.png,9,۹,IRANSans(FaNum).ttf
9\9_000605.png,9,۹,IRANSans(FaNum)_Black.ttf
9\9_000606.png,9,۹,IRANSans(FaNum)_Bold.ttf
9\9_000607.png,9,۹,IRANSans(FaNum)_Light.ttf
9\9_000608.png,9,۹,IRANSans(FaNum)_Medium.ttf
9\9_000609.png,9,۹,IRANSans(FaNum)_UltraLight.ttf
9\9_000610.png,9,۹,IRANSans.ttf
9\9_000611.png,9,۹,IRANSans_Black.ttf
9\9_000612.png,9,۹,IRANSans_Bold.ttf
9\9_000613.png,9,۹,IRANSans_Light.ttf
9\9_000614.png,9,۹,IRANSans_Medium.ttf
9\9_000615.png,9,۹,IRANSans_UltraLight.ttf
9\9_000616.png,9,۹,IRANSansMobile(FaNum).ttf
9\9_000617.png,9,۹,IRANSansMobile(FaNum)_Black.ttf
9\9_000618.png,9,۹,IRANSansMobile(FaNum)_Bold.ttf
9\9_000619.png,9,۹,IRANSansMobile(FaNum)_Light.ttf
9\9_000620.png,9,۹,arial.ttf
9\9_000621.png,9,۹,arialbd.ttf
9\9_000622.png,9,۹,BNazanin.ttf
9\9_000623.png,9,۹,BYekan.ttf
9\9_000624.png,9,۹,IRANSans(FaNum).ttf
9\9_000625.png,9,۹,IRANSans(FaNum)_Black.ttf
9\9_000626.png,9,۹,IRANSans(FaNum)_Bold.ttf
9\9_000627.png,9,۹,IRANSans(FaNum)_Light.ttf
9\9_000628.png,9,۹,IRANSans(FaNum)_Medium.ttf
9\9_000629.png,9,۹,IRANSans(FaNum)_UltraLight.ttf
9\9_000630.png,9,۹,IRANSans.ttf
9\9_000631.png,9,۹,IRANSans_Black.ttf
9\9_000632.png,9,۹,IRANSans_Bold.ttf
9\9_000633.png,9,۹,IRANSans_Light.ttf
9\9_000634.png,9,۹,IRANSans_Medium.ttf
9\9_000635.png,9,۹,IRANSans_UltraLight.ttf
9\9_000636.png,9,۹,IRANSansMobile(FaNum).ttf
9\9_000637.png,9,۹,IRANSansMobile(FaNum)_Black.ttf
9\9_000638.png,9,۹,IRANSansMobile(FaNum)_Bold.ttf
9\9_000639.png,9,۹,IRANSansMobile(FaNum)_Light.ttf
9\9_000640.png,9,۹,arial.ttf
9\9_000641.png,9,۹,arialbd.ttf
9\9_000642.png,9,۹,BNazanin.ttf
9\9_000643.png,9,۹,BYekan.ttf
9\9_000644.png,9,۹,IRANSans(FaNum).ttf
9\9_000645.png,9,۹,IRANSans(FaNum)_Black.ttf
9\9_000646.png,9,۹,IRANSans(FaNum)_Bold.ttf
9\9_000647.png,9,۹,IRANSans(FaNum)_Light.ttf
9\9_000648.png,9,۹,IRANSans(FaNum)_Medium.ttf
9\9_000649.png,9,۹,IRANSans(FaNum)_UltraLight.ttf
9\9_000650.png,9,۹,IRANSans.ttf
9\9_000651.png,9,۹,IRANSans_Black.ttf
9\9_000652.png,9,۹,IRANSans_Bold.ttf
9\9_000653.png,9,۹,IRANSans_Light.ttf
9\9_000654.png,9,۹,IRANSans_Medium.ttf
9\9_000655.png,9,۹,IRANSans_UltraLight.ttf
9\9_000656.png,9,۹,IRANSansMobile(FaNum).ttf
9\9_000657.png,9,۹,IRANSansMobile(FaNum)_Black.ttf
9\9_000658.png,9,۹,IRANSansMobile(FaNum)_Bold.ttf
9\9_000659.png,9,۹,IRANSansMobile(FaNum)_Light.ttf
9\9_000660.png,9,۹,arial.ttf
9\9_000661.png,9,۹,arialbd.ttf
9\9_000662.png,9,۹,BNazanin.ttf
9\9_000663.png,9,۹,BYekan.ttf
9\9_000664.png,9,۹,IRANSans(FaNum).ttf
9\9_000665.png,9,۹,IRANSans(FaNum)_Black.ttf
9\9_000666.png,9,۹,IRANSans(FaNum)_Bold.ttf
9\9_000667.png,9,۹,IRANSans(FaNum)_Light.ttf
9\9_000668.png,9,۹,IRANSans(FaNum)_Medium.ttf
9\9_000669.png,9,۹,IRANSans(FaNum)_UltraLight.ttf
9\9_000670.png,9,۹,IRANSans.ttf
9\9_000671.png,9,۹,IRANSans_Black.ttf
9\9_000672.png,9,۹,IRANSans_Bold.ttf
9\9_000673.png,9,۹,IRANSans_Light.ttf
9\9_000674.png,9,۹,IRANSans_Medium.ttf
9\9_000675.png,9,۹,IRANSans_UltraLight.ttf
9\9_000676.png,9,۹,IRANSansMobile(FaNum).ttf
9\9_000677.png,9,۹,IRANSansMobile(FaNum)_Black.ttf
9\9_000678.png,9,۹,IRANSansMobile(FaNum)_Bold.ttf
9\9_000679.png,9,۹,IRANSansMobile(FaNum)_Light.ttf
9\9_000680.png,9,۹,arial.ttf
9\9_000681.png,9,۹,arialbd.ttf
9\9_000682.png,9,۹,BNazanin.ttf
9\9_000683.png,9,۹,BYekan.ttf
9\9_000684.png,9,۹,IRANSans(FaNum).ttf
9\9_000685.png,9,۹,IRANSans(FaNum)_Black.ttf
9\9_000686.png,9,۹,IRANSans(FaNum)_Bold.ttf
9\9_000687.png,9,۹,IRANSans(FaNum)_Light.ttf
9\9_000688.png,9,۹,IRANSans(FaNum)_Medium.ttf
9\9_000689.png,9,۹,IRANSans(FaNum)_UltraLight.ttf
9\9_000690.png,9,۹,IRANSans.ttf
9\9_000691.png,9,۹,IRANSans_Black.ttf
9\9_000692.png,9,۹,IRANSans_Bold.ttf
9\9_000693.png,9,۹,IRANSans_Light.ttf
9\9_000694.png,9,۹,IRANSans_Medium.ttf
9\9_000695.png,9,۹,IRANSans_UltraLight.ttf
9\9_000696.png,9,۹,IRANSansMobile(FaNum).ttf
9\9_000697.png,9,۹,IRANSansMobile(FaNum)_Black.ttf
9\9_000698.png,9,۹,IRANSansMobile(FaNum)_Bold.ttf
9\9_000699.png,9,۹,IRANSansMobile(FaNum)_Light.ttf
9\9_000700.png,9,۹,arial.ttf
9\9_000701.png,9,۹,arialbd.ttf
9\9_000702.png,9,۹,BNazanin.ttf
9\9_000703.png,9,۹,BYekan.ttf
9\9_000704.png,9,۹,IRANSans(FaNum).ttf
9\9_000705.png,9,۹,IRANSans(FaNum)_Black.ttf
9\9_000706.png,9,۹,IRANSans(FaNum)_Bold.ttf
9\9_000707.png,9,۹,IRANSans(FaNum)_Light.ttf
9\9_000708.png,9,۹,IRANSans(FaNum)_Medium.ttf
9\9_000709.png,9,۹,IRANSans(FaNum)_UltraLight.ttf
9\9_000710.png,9,۹,IRANSans.ttf
9\9_000711.png,9,۹,IRANSans_Black.ttf
9\9_000712.png,9,۹,IRANSans_Bold.ttf
9\9_000713.png,9,۹,IRANSans_Light.ttf
9\9_000714.png,9,۹,IRANSans_Medium.ttf
9\9_000715.png,9,۹,IRANSans_UltraLight.ttf
9\9_000716.png,9,۹,IRANSansMobile(FaNum).ttf
9\9_000717.png,9,۹,IRANSansMobile(FaNum)_Black.ttf
9\9_000718.png,9,۹,IRANSansMobile(FaNum)_Bold.ttf
9\9_000719.png,9,۹,IRANSansMobile(FaNum)_Light.ttf
9\9_000720.png,9,۹,arial.ttf
9\9_000721.png,9,۹,arialbd.ttf
9\9_000722.png,9,۹,BNazanin.ttf
9\9_000723.png,9,۹,BYekan.ttf
9\9_000724.png,9,۹,IRANSans(FaNum).ttf
9\9_000725.png,9,۹,IRANSans(FaNum)_Black.ttf
9\9_000726.png,9,۹,IRANSans(FaNum)_Bold.ttf
9\9_000727.png,9,۹,IRANSans(FaNum)_Light.ttf
9\9_000728.png,9,۹,IRANSans(FaNum)_Medium.ttf
9\9_000729.png,9,۹,IRANSans(FaNum)_UltraLight.ttf
9\9_000730.png,9,۹,IRANSans.ttf
9\9_000731.png,9,۹,IRANSans_Black.ttf
9\9_000732.png,9,۹,IRANSans_Bold.ttf
9\9_000733.png,9,۹,IRANSans_Light.ttf
9\9_000734.png,9,۹,IRANSans_Medium.ttf
9\9_000735.png,9,۹,IRANSans_UltraLight.ttf
9\9_000736.png,9,۹,IRANSansMobile(FaNum).ttf
9\9_000737.png,9,۹,IRANSansMobile(FaNum)_Black.ttf
9\9_000738.png,9,۹,IRANSansMobile(FaNum)_Bold.ttf
9\9_000739.png,9,۹,IRANSansMobile(FaNum)_Light.ttf
9\9_000740.png,9,۹,arial.ttf
9\9_000741.png,9,۹,arialbd.ttf
9\9_000742.png,9,۹,BNazanin.ttf
9\9_000743.png,9,۹,BYekan.ttf
9\9_000744.png,9,۹,IRANSans(FaNum).ttf
9\9_000745.png,9,۹,IRANSans(FaNum)_Black.ttf
9\9_000746.png,9,۹,IRANSans(FaNum)_Bold.ttf
9\9_000747.png,9,۹,IRANSans(FaNum)_Light.ttf
9\9_000748.png,9,۹,IRANSans(FaNum)_Medium.ttf
9\9_000749.png,9,۹,IRANSans(FaNum)_UltraLight.ttf
9\9_000750.png,9,۹,IRANSans.ttf
9\9_000751.png,9,۹,IRANSans_Black.ttf
9\9_000752.png,9,۹,IRANSans_Bold.ttf
9\9_000753.png,9,۹,IRANSans_Light.ttf
9\9_000754.png,9,۹,IRANSans_Medium.ttf
9\9_000755.png,9,۹,IRANSans_UltraLight.ttf
9\9_000756.png,9,۹,IRANSansMobile(FaNum).ttf
9\9_000757.png,9,۹,IRANSansMobile(FaNum)_Black.ttf
9\9_000758.png,9,۹,IRANSansMobile(FaNum)_Bold.ttf
9\9_000759.png,9,۹,IRANSansMobile(FaNum)_Light.ttf
9\9_000760.png,9,۹,arial.ttf
9\9_000761.png,9,۹,arialbd.ttf
9\9_000762.png,9,۹,BNazanin.ttf
9\9_000763.png,9,۹,BYekan.ttf
9\9_000764.png,9,۹,IRANSans(FaNum).ttf
9\9_000765.png,9,۹,IRANSans(FaNum)_Black.ttf
9\9_000766.png,9,۹,IRANSans(FaNum)_Bold.ttf
9\9_000767.png,9,۹,IRANSans(FaNum)_Light.ttf
9\9_000768.png,9,۹,IRANSans(FaNum)_Medium.ttf
9\9_000769.png,9,۹,IRANSans(FaNum)_UltraLight.ttf
9\9_000770.png,9,۹,IRANSans.ttf
9\9_000771.png,9,۹,IRANSans_Black.ttf
9\9_000772.png,9,۹,IRANSans_Bold.ttf
9\9_000773.png,9,۹,IRANSans_Light.ttf
9\9_000774.png,9,۹,IRANSans_Medium.ttf
9\9_000775.png,9,۹,IRANSans_UltraLight.ttf
9\9_000776.png,9,۹,IRANSansMobile(FaNum).ttf
9\9_000777.png,9,۹,IRANSansMobile(FaNum)_Black.ttf
9\9_000778.png,9,۹,IRANSansMobile(FaNum)_Bold.ttf
9\9_000779.png,9,۹,IRANSansMobile(FaNum)_Light.ttf
9\9_000780.png,9,۹,arial.ttf
9\9_000781.png,9,۹,arialbd.ttf
9\9_000782.png,9,۹,BNazanin.ttf
9\9_000783.png,9,۹,BYekan.ttf
9\9_000784.png,9,۹,IRANSans(FaNum).ttf
9\9_000785.png,9,۹,IRANSans(FaNum)_Black.ttf
9\9_000786.png,9,۹,IRANSans(FaNum)_Bold.ttf
9\9_000787.png,9,۹,IRANSans(FaNum)_Light.ttf
9\9_000788.png,9,۹,IRANSans(FaNum)_Medium.ttf
9\9_000789.png,9,۹,IRANSans(FaNum)_UltraLight.ttf
9\9_000790.png,9,۹,IRANSans.ttf
9\9_000791.png,9,۹,IRANSans_Black.ttf
9\9_000792.png,9,۹,IRANSans_Bold.ttf
9\9_000793.png,9,۹,IRANSans_Light.ttf
9\9_000794.png,9,۹,IRANSans_Medium.ttf
9\9_000795.png,9,۹,IRANSans_UltraLight.ttf
9\9_000796.png,9,۹,IRANSansMobile(FaNum).ttf
9\9_000797.png,9,۹,IRANSansMobile(FaNum)_Black.ttf
9\9_000798.png,9,۹,IRANSansMobile(FaNum)_Bold.ttf
9\9_000799.png,9,۹,IRANSansMobile(FaNum)_Light.ttf
9\9_000800.png,9,۹,arial.ttf
9\9_000801.png,9,۹,arialbd.ttf
9\9_000802.png,9,۹,BNazanin.ttf
9\9_000803.png,9,۹,BYekan.ttf
9\9_000804.png,9,۹,IRANSans(FaNum).ttf
9\9_000805.png,9,۹,IRANSans(FaNum)_Black.ttf
9\9_000806.png,9,۹,IRANSans(FaNum)_Bold.ttf
9\9_000807.png,9,۹,IRANSans(FaNum)_Light.ttf
9\9_000808.png,9,۹,IRANSans(FaNum)_Medium.ttf
9\9_000809.png,9,۹,IRANSans(FaNum)_UltraLight.ttf
9\9_000810.png,9,۹,IRANSans.ttf
9\9_000811.png,9,۹,IRANSans_Black.ttf
9\9_000812.png,9,۹,IRANSans_Bold.ttf
9\9_000813.png,9,۹,IRANSans_Light.ttf
9\9_000814.png,9,۹,IRANSans_Medium.ttf
9\9_000815.png,9,۹,IRANSans_UltraLight.ttf
9\9_000816.png,9,۹,IRANSansMobile(FaNum).ttf
9\9_000817.png,9,۹,IRANSansMobile(FaNum)_Black.ttf
9\9_000818.png,9,۹,IRANSansMobile(FaNum)_Bold.ttf
9\9_000819.png,9,۹,IRANSansMobile(FaNum)_Light.ttf
9\9_000820.png,9,۹,arial.ttf
9\9_000821.png,9,۹,arialbd.ttf
9\9_000822.png,9,۹,BNazanin.ttf
9\9_000823.png,9,۹,BYekan.ttf
9\9_000824.png,9,۹,IRANSans(FaNum).ttf
9\9_000825.png,9,۹,IRANSans(FaNum)_Black.ttf
9\9_000826.png,9,۹,IRANSans(FaNum)_Bold.ttf
9\9_000827.png,9,۹,IRANSans(FaNum)_Light.ttf
9\9_000828.png,9,۹,IRANSans(FaNum)_Medium.ttf
9\9_000829.png,9,۹,IRANSans(FaNum)_UltraLight.ttf
9\9_000830.png,9,۹,IRANSans.ttf
9\9_000831.png,9,۹,IRANSans_Black.ttf
9\9_000832.png,9,۹,IRANSans_Bold.ttf
9\9_000833.png,9,۹,IRANSans_Light.ttf
9\9_000834.png,9,۹,IRANSans_Medium.ttf
9\9_000835.png,9,۹,IRANSans_UltraLight.ttf
9\9_000836.png,9,۹,IRANSansMobile(FaNum).ttf
9\9_000837.png,9,۹,IRANSansMobile(FaNum)_Black.ttf
9\9_000838.png,9,۹,IRANSansMobile(FaNum)_Bold.ttf
9\9_000839.png,9,۹,IRANSansMobile(FaNum)_Light.ttf
9\9_000840.png,9,۹,arial.ttf
9\9_000841.png,9,۹,arialbd.ttf
9\9_000842.png,9,۹,BNazanin.ttf
9\9_000843.png,9,۹,BYekan.ttf
9\9_000844.png,9,۹,IRANSans(FaNum).ttf
9\9_000845.png,9,۹,IRANSans(FaNum)_Black.ttf
9\9_000846.png,9,۹,IRANSans(FaNum)_Bold.ttf
9\9_000847.png,9,۹,IRANSans(FaNum)_Light.ttf
9\9_000848.png,9,۹,IRANSans(FaNum)_Medium.ttf
9\9_000849.png,9,۹,IRANSans(FaNum)_UltraLight.ttf
9\9_000850.png,9,۹,IRANSans.ttf
9\9_000851.png,9,۹,IRANSans_Black.ttf
9\9_000852.png,9,۹,IRANSans_Bold.ttf
9\9_000853.png,9,۹,IRANSans_Light.ttf
9\9_000854.png,9,۹,IRANSans_Medium.ttf
9\9_000855.png,9,۹,IRANSans_UltraLight.ttf
9\9_000856.png,9,۹,IRANSansMobile(FaNum).ttf
9\9_000857.png,9,۹,IRANSansMobile(FaNum)_Black.ttf
9\9_000858.png,9,۹,IRANSansMobile(FaNum)_Bold.ttf
9\9_000859.png,9,۹,IRANSansMobile(FaNum)_Light.ttf
9\9_000860.png,9,۹,arial.ttf
9\9_000861.png,9,۹,arialbd.ttf
9\9_000862.png,9,۹,BNazanin.ttf
9\9_000863.png,9,۹,BYekan.ttf
9\9_000864.png,9,۹,IRANSans(FaNum).ttf
9\9_000865.png,9,۹,IRANSans(FaNum)_Black.ttf
9\9_000866.png,9,۹,IRANSans(FaNum)_Bold.ttf
9\9_000867.png,9,۹,IRANSans(FaNum)_Light.ttf
9\9_000868.png,9,۹,IRANSans(FaNum)_Medium.ttf
9\9_000869.png,9,۹,IRANSans(FaNum)_UltraLight.ttf
9\9_000870.png,9,۹,IRANSans.ttf
9\9_000871.png,9,۹,IRANSans_Black.ttf
9\9_000872.png,9,۹,IRANSans_Bold.ttf
9\9_000873.png,9,۹,IRANSans_Light.ttf
9\9_000874.png,9,۹,IRANSans_Medium.ttf
9\9_000875.png,9,۹,IRANSans_UltraLight.ttf
9\9_000876.png,9,۹,IRANSansMobile(FaNum).ttf
9\9_000877.png,9,۹,IRANSansMobile(FaNum)_Black.ttf
9\9_000878.png,9,۹,IRANSansMobile(FaNum)_Bold.ttf
9\9_000879.png,9,۹,IRANSansMobile(FaNum)_Light.ttf
9\9_000880.png,9,۹,arial.ttf
9\9_000881.png,9,۹,arialbd.ttf
9\9_000882.png,9,۹,BNazanin.ttf
9\9_000883.png,9,۹,BYekan.ttf
9\9_000884.png,9,۹,IRANSans(FaNum).ttf
9\9_000885.png,9,۹,IRANSans(FaNum)_Black.ttf
9\9_000886.png,9,۹,IRANSans(FaNum)_Bold.ttf
9\9_000887.png,9,۹,IRANSans(FaNum)_Light.ttf
9\9_000888.png,9,۹,IRANSans(FaNum)_Medium.ttf
9\9_000889.png,9,۹,IRANSans(FaNum)_UltraLight.ttf
9\9_000890.png,9,۹,IRANSans.ttf
9\9_000891.png,9,۹,IRANSans_Black.ttf
9\9_000892.png,9,۹,IRANSans_Bold.ttf
9\9_000893.png,9,۹,IRANSans_Light.ttf
9\9_000894.png,9,۹,IRANSans_Medium.ttf
9\9_000895.png,9,۹,IRANSans_UltraLight.ttf
9\9_000896.png,9,۹,IRANSansMobile(FaNum).ttf
9\9_000897.png,9,۹,IRANSansMobile(FaNum)_Black.ttf
9\9_000898.png,9,۹,IRANSansMobile(FaNum)_Bold.ttf
9\9_000899.png,9,۹,IRANSansMobile(FaNum)_Light.ttf
9\9_000900.png,9,۹,arial.ttf
9\9_000901.png,9,۹,arialbd.ttf
9\9_000902.png,9,۹,BNazanin.ttf
9\9_000903.png,9,۹,BYekan.ttf
9\9_000904.png,9,۹,IRANSans(FaNum).ttf
9\9_000905.png,9,۹,IRANSans(FaNum)_Black.ttf
9\9_000906.png,9,۹,IRANSans(FaNum)_Bold.ttf
9\9_000907.png,9,۹,IRANSans(FaNum)_Light.ttf
9\9_000908.png,9,۹,IRANSans(FaNum)_Medium.ttf
9\9_000909.png,9,۹,IRANSans(FaNum)_UltraLight.ttf
9\9_000910.png,9,۹,IRANSans.ttf
9\9_000911.png,9,۹,IRANSans_Black.ttf
9\9_000912.png,9,۹,IRANSans_Bold.ttf
9\9_000913.png,9,۹,IRANSans_Light.ttf
9\9_000914.png,9,۹,IRANSans_Medium.ttf
9\9_000915.png,9,۹,IRANSans_UltraLight.ttf
9\9_000916.png,9,۹,IRANSansMobile(FaNum).ttf
9\9_000917.png,9,۹,IRANSansMobile(FaNum)_Black.ttf
9\9_000918.png,9,۹,IRANSansMobile(FaNum)_Bold.ttf
9\9_000919.png,9,۹,IRANSansMobile(FaNum)_Light.ttf
9\9_000920.png,9,۹,arial.ttf
9\9_000921.png,9,۹,arialbd.ttf
9\9_000922.png,9,۹,BNazanin.ttf
9\9_000923.png,9,۹,BYekan.ttf
9\9_000924.png,9,۹,IRANSans(FaNum).ttf
9\9_000925.png,9,۹,IRANSans(FaNum)_Black.ttf
9\9_000926.png,9,۹,IRANSans(FaNum)_Bold.ttf
9\9_000927.png,9,۹,IRANSans(FaNum)_Light.ttf
9\9_000928.png,9,۹,IRANSans(FaNum)_Medium.ttf
9\9_000929.png,9,۹,IRANSans(FaNum)_UltraLight.ttf
9\9_000930.png,9,۹,IRANSans.ttf
9\9_000931.png,9,۹,IRANSans_Black.ttf
9\9_000932.png,9,۹,IRANSans_Bold.ttf
9\9_000933.png,9,۹,IRANSans_Light.ttf
9\9_000934.png,9,۹,IRANSans_Medium.ttf
9\9_000935.png,9,۹,IRANSans_UltraLight.ttf
9\9_000936.png,9,۹,IRANSansMobile(FaNum).ttf
9\9_000937.png,9,۹,IRANSansMobile(FaNum)_Black.ttf
9\9_000938.png,9,۹,IRANSansMobile(FaNum)_Bold.ttf
9\9_000939.png,9,۹,IRANSansMobile(FaNum)_Light.ttf
9\9_000940.png,9,۹,arial.ttf
9\9_000941.png,9,۹,arialbd.ttf
9\9_000942.png,9,۹,BNazanin.ttf
9\9_000943.png,9,۹,BYekan.ttf
9\9_000944.png,9,۹,IRANSans(FaNum).ttf
9\9_000945.png,9,۹,IRANSans(FaNum)_Black.ttf
9\9_000946.png,9,۹,IRANSans(FaNum)_Bold.ttf
9\9_000947.png,9,۹,IRANSans(FaNum)_Light.ttf
9\9_000948.png,9,۹,IRANSans(FaNum)_Medium.ttf
9\9_000949.png,9,۹,IRANSans(FaNum)_UltraLight.ttf
9\9_000950.png,9,۹,IRANSans.ttf
9\9_000951.png,9,۹,IRANSans_Black.ttf
9\9_000952.png,9,۹,IRANSans_Bold.ttf
9\9_000953.png,9,۹,IRANSans_Light.ttf
9\9_000954.png,9,۹,IRANSans_Medium.ttf
9\9_000955.png,9,۹,IRANSans_UltraLight.ttf
9\9_000956.png,9,۹,IRANSansMobile(FaNum).ttf
9\9_000957.png,9,۹,IRANSansMobile(FaNum)_Black.ttf
9\9_000958.png,9,۹,IRANSansMobile(FaNum)_Bold.ttf
9\9_000959.png,9,۹,IRANSansMobile(FaNum)_Light.ttf
9\9_000960.png,9,۹,arial.ttf
9\9_000961.png,9,۹,arialbd.ttf
9\9_000962.png,9,۹,BNazanin.ttf
9\9_000963.png,9,۹,BYekan.ttf
9\9_000964.png,9,۹,IRANSans(FaNum).ttf
9\9_000965.png,9,۹,IRANSans(FaNum)_Black.ttf
9\9_000966.png,9,۹,IRANSans(FaNum)_Bold.ttf
9\9_000967.png,9,۹,IRANSans(FaNum)_Light.ttf
9\9_000968.png,9,۹,IRANSans(FaNum)_Medium.ttf
9\9_000969.png,9,۹,IRANSans(FaNum)_UltraLight.ttf
9\9_000970.png,9,۹,IRANSans.ttf
9\9_000971.png,9,۹,IRANSans_Black.ttf
9\9_000972.png,9,۹,IRANSans_Bold.ttf
9\9_000973.png,9,۹,IRANSans_Light.ttf
9\9_000974.png,9,۹,IRANSans_Medium.ttf
9\9_000975.png,9,۹,IRANSans_UltraLight.ttf
9\9_000976.png,9,۹,IRANSansMobile(FaNum).ttf
9\9_000977.png,9,۹,IRANSansMobile(FaNum)_Black.ttf
9\9_000978.png,9,۹,IRANSansMobile(FaNum)_Bold.ttf
9\9_000979.png,9,۹,IRANSansMobile(FaNum)_Light.ttf
9\9_000980.png,9,۹,arial.ttf
9\9_000981.png,9,۹,arialbd.ttf
9\9_000982.png,9,۹,BNazanin.ttf
9\9_000983.png,9,۹,BYekan.ttf
9\9_000984.png,9,۹,IRANSans(FaNum).ttf
9\9_000985.png,9,۹,IRANSans(FaNum)_Black.ttf
9\9_000986.png,9,۹,IRANSans(FaNum)_Bold.ttf
9\9_000987.png,9,۹,IRANSans(FaNum)_Light.ttf
9\9_000988.png,9,۹,IRANSans(FaNum)_Medium.ttf
9\9_000989.png,9,۹,IRANSans(FaNum)_UltraLight.ttf
9\9_000990.png,9,۹,IRANSans.ttf
9\9_000991.png,9,۹,IRANSans_Black.ttf
9\9_000992.png,9,۹,IRANSans_Bold.ttf
9\9_000993.png,9,۹,IRANSans_Light.ttf
9\9_000994.png,9,۹,IRANSans_Medium.ttf
9\9_000995.png,9,۹,IRANSans_UltraLight.ttf
9\9_000996.png,9,۹,IRANSansMobile(FaNum).ttf
9\9_000997.png,9,۹,IRANSansMobile(FaNum)_Black.ttf
9\9_000998.png,9,۹,IRANSansMobile(FaNum)_Bold.ttf
9\9_000999.png,9,۹,IRANSansMobile(FaNum)_Light.ttf
